,Date,Precip,ET_cm,MinTemp,MaxTemp,AvgTemp,rTop,rRoot,vTop,vRoot,vBot,sum(rTop),sum(rRoot),sum(vTop),sum(vRoot),sum(vBot),hTop,hRoot,hBot,RunOff,sum(RunOff),Volume,sum(Infil),sum(Evap),Cum(WTrans),h3,theta3,temp3,h7,theta7,temp7,h12,theta12,temp12,h22,theta22,temp22,h32,theta32,temp32,h47,theta47,temp47,h72,theta72,temp72,h92,theta92,temp92,h112,theta112,temp112
0,2025-01-01,0.0,0.019470405,-13.22,-4.3,-7.645833333,0.0,0.0,2.4037e-06,0.0,-2.2195,0.0,0.0,9.4911e-07,0.0,-2.6027,-68.239,-59.942,-26.912,0.0,0.0,58.846,0.0,9.4911e-07,0.0,-66.3,0.3698,20.0,-62.76,0.3726,20.0,-58.9,0.3756,20.0,-52.57,0.3808,20.0,-47.62,0.3848,20.0,-41.96,0.3894,20.0,-35.46,0.3947,20.0,-31.85,0.3976,20.0,-29.27,0.3996,20.0
1,2025-01-02,0.0,0.019002866,-8.31,-0.8,-4.686354167,0.019003,0.0,0.019002,0.0,-1.5468,0.019003,0.0,0.019003,0.0,-4.2903,-87.492,-78.216,-38.179,0.0,0.0,57.139,0.0,0.019003,0.0,-85.46,0.3556,20.0,-81.7,0.3583,20.0,-77.5,0.3614,20.0,-70.43,0.3668,20.0,-64.66,0.3713,20.0,-57.84,0.3767,20.0,-49.54,0.3834,20.0,-44.88,0.3871,20.0,-41.37,0.39,20.0
2,2025-01-03,0.0,0.032551661,-4.06,1.61,-1.776979167,0.032552,0.0,0.032553,0.0,-1.1781,0.051555,0.0,0.051556,0.0,-5.5534,-101.61,-91.785,-47.523,0.0,0.0,55.844,0.0,0.051556,0.0,-99.47,0.3458,20.0,-95.5,0.3484,20.0,-91.04,0.3516,20.0,-83.45,0.3572,20.0,-77.21,0.3617,20.0,-69.72,0.3674,20.0,-60.46,0.3746,20.0,-55.16,0.3789,20.0,-51.13,0.3821,20.0
3,2025-01-04,0.06,0.036756591,-4.28,2.09,-0.715625,0.036757,0.0,0.036757,0.0,-0.95912,0.088312,0.0,0.088313,0.0,-6.5651,-112.98,-102.74,-55.693,0.0,0.0,54.795,0.0,0.088313,0.0,-110.77,0.3385,20.0,-106.64,0.3412,20.0,-101.97,0.3442,20.0,-93.99,0.3495,20.0,-87.4,0.3543,20.0,-79.36,0.3601,20.0,-69.5,0.3676,20.0,-63.67,0.3721,20.0,-59.46,0.3754,20.0
4,2025-01-05,0.0,0.021706041,-10.11,0.46,-3.383125,0.021706,0.0,0.021705,0.0,-0.80035,0.11002,0.0,0.11002,0.0,-7.3982,-121.23,-111.21,-62.614,0.0,0.0,53.94,0.0,0.11002,0.0,-119.09,0.3332,20.0,-115.07,0.3358,20.0,-110.49,0.3387,20.0,-102.5,0.3439,20.0,-95.79,0.3483,20.0,-87.54,0.3542,20.0,-77.15,0.3618,20.0,-71.17,0.3663,20.0,-66.64,0.3699,20.0
5,2025-01-06,0.0,0.014414963,-4.49,1.08,-2.308333333,0.014415,0.0,0.014416,0.0,-0.69091,0.12443,0.0,0.12443,0.0,-8.1157,-128.33,-118.41,-68.969,0.0,0.0,53.208,0.0,0.12443,0.0,-126.23,0.329,20.0,-122.26,0.3313,20.0,-117.7,0.3341,20.0,-109.73,0.3392,20.0,-102.96,0.3436,20.0,-94.57,0.3491,20.0,-83.91,0.3569,20.0,-77.62,0.3614,20.0,-73.09,0.3648,20.0
6,2025-01-07,0.0,0.012667404,-14.0,-1.16,-7.2559375,0.012667,0.0,0.012668,0.0,-0.59557,0.1371,0.0,0.1371,0.0,-8.734,-134.86,-124.92,-74.534,0.0,0.0,52.577,0.0,0.1371,0.0,-132.76,0.3254,20.0,-128.8,0.3276,20.0,-124.22,0.3302,20.0,-116.18,0.335,20.0,-109.34,0.3395,20.0,-100.78,0.345,20.0,-89.99,0.3525,20.0,-83.49,0.3572,20.0,-78.68,0.3607,20.0
7,2025-01-08,0.15,0.025652175,-9.36,-0.87,-5.489791667,0.025652,0.0,0.025651,0.0,-0.53525,0.16275,0.0,0.16275,0.0,-9.2824,-142.18,-131.61,-79.666,0.0,0.0,52.003,0.0,0.16275,0.0,-139.92,0.3213,20.0,-135.68,0.3237,20.0,-130.85,0.3264,20.0,-122.42,0.3312,20.0,-115.35,0.3356,20.0,-106.55,0.3413,20.0,-95.45,0.3485,20.0,-88.92,0.3532,20.0,-83.98,0.3568,20.0
8,2025-01-09,0.0,0.017691731,-14.96,0.25,-7.4446875,0.017692,0.0,0.017691,0.0,-0.48512,0.18044,0.0,0.18045,0.0,-9.7799,-147.54,-137.16,-84.536,0.0,0.0,51.488,0.0,0.18045,0.0,-145.35,0.3183,20.0,-141.21,0.3206,20.0,-136.43,0.3233,20.0,-128.01,0.328,20.0,-120.83,0.3321,20.0,-111.91,0.3378,20.0,-100.49,0.3452,20.0,-93.87,0.3497,20.0,-88.94,0.3532,20.0
9,2025-01-10,0.19,0.019731793,-12.35,1.45,-5.554166667,0.019732,0.0,0.019732,0.0,-0.43846,0.20018,0.0,0.20018,0.0,-10.23,-153.0,-142.43,-89.069,0.0,0.0,51.019,0.0,0.20018,0.0,-150.75,0.3153,20.0,-146.52,0.3177,20.0,-141.69,0.3204,20.0,-133.18,0.3251,20.0,-125.91,0.3292,20.0,-116.86,0.3346,20.0,-105.25,0.3421,20.0,-98.39,0.3466,20.0,-93.47,0.3499,20.0
10,2025-01-11,0.13,0.037550682,-3.17,0.15,-1.282083333,0.037551,0.0,0.037551,0.0,-0.39597,0.23773,0.0,0.23773,0.0,-10.636,-160.39,-148.58,-93.201,0.0,0.0,50.575,0.0,0.23773,0.0,-157.83,0.3118,20.0,-153.05,0.3141,20.0,-147.68,0.317,20.0,-138.56,0.3221,20.0,-130.95,0.3264,20.0,-121.57,0.3316,20.0,-109.76,0.3392,20.0,-102.72,0.3438,20.0,-97.58,0.3471,20.0
11,2025-01-12,0.07,0.041890713,-14.2,-0.76,-3.694375,0.041891,0.0,0.041891,0.0,-0.36379,0.27962,0.0,0.27962,0.0,-11.006,-167.01,-154.55,-97.052,0.0,0.0,50.163,0.0,0.27962,0.0,-164.33,0.3088,20.0,-159.31,0.3112,20.0,-153.61,0.3138,20.0,-143.92,0.3191,20.0,-135.95,0.3236,20.0,-126.19,0.3291,20.0,-114.07,0.3364,20.0,-106.88,0.3411,20.0,-101.58,0.3445,20.0
12,2025-01-13,0.0,0.039502258,-9.99,-1.35,-3.42625,0.039502,0.0,0.039502,0.0,-0.34174,0.31912,0.0,0.31912,0.0,-11.353,-172.51,-159.89,-100.86,0.0,0.0,49.776,0.0,0.31912,0.0,-169.81,0.3063,20.0,-164.74,0.3087,20.0,-158.97,0.3113,20.0,-148.98,0.3163,20.0,-140.74,0.3209,20.0,-130.67,0.3265,20.0,-118.19,0.3337,20.0,-110.89,0.3385,20.0,-105.49,0.342,20.0
13,2025-01-14,0.0,0.043750194,-11.12,0.7,-5.421458333,0.04375,0.0,0.04375,0.0,-0.32048,0.36287,0.0,0.36287,0.0,-11.679,-178.41,-165.23,-104.55,0.0,0.0,49.406,0.0,0.36287,0.0,-175.56,0.3036,20.0,-170.26,0.3061,20.0,-164.27,0.3089,20.0,-153.93,0.3137,20.0,-145.37,0.3183,20.0,-135.0,0.3241,20.0,-122.12,0.3313,20.0,-114.74,0.336,20.0,-109.27,0.3395,20.0
14,2025-01-15,0.0,0.018898015,-12.68,-1.07,-8.208645833,0.018898,0.0,0.018899,0.0,-0.30001,0.38177,0.0,0.38177,0.0,-11.984,-179.95,-168.36,-108.1,0.0,0.0,49.082,0.0,0.38177,0.0,-177.57,0.3027,20.0,-172.99,0.3048,20.0,-167.6,0.3073,20.0,-157.87,0.3118,20.0,-149.47,0.316,20.0,-139.04,0.3218,20.0,-125.92,0.3292,20.0,-118.4,0.3336,20.0,-112.9,0.3372,20.0
15,2025-01-16,0.03,0.022269161,-14.82,4.06,-6.7015625,0.022269,0.0,0.022268,0.0,-0.28039,0.40404,0.0,0.40404,0.0,-12.27,-183.64,-171.92,-111.5,0.0,0.0,48.775,0.0,0.40404,0.0,-181.17,0.301,20.0,-176.51,0.3032,20.0,-171.12,0.3057,20.0,-161.51,0.3102,20.0,-153.2,0.314,20.0,-142.8,0.3197,20.0,-129.55,0.3272,20.0,-121.85,0.3315,20.0,-116.34,0.3349,20.0
16,2025-01-17,0.04,0.048639244,-12.27,1.29,-6.478854167,0.048639,0.0,0.048639,0.0,-0.26174,0.45268,0.0,0.45268,0.0,-12.536,-191.63,-177.54,-114.74,0.0,0.0,48.46,0.0,0.45268,0.0,-188.45,0.2976,20.0,-182.72,0.3003,20.0,-176.44,0.3032,20.0,-165.89,0.3081,20.0,-157.16,0.3122,20.0,-146.47,0.3177,20.0,-133.03,0.3252,20.0,-125.19,0.3296,20.0,-119.58,0.3328,20.0
17,2025-01-18,0.0,0.030880874,-19.8,-9.1,-13.51916667,0.030881,0.0,0.030881,0.0,-0.24416,0.48356,0.0,0.48356,0.0,-12.784,-194.4,-181.26,-117.79,0.0,0.0,48.181,0.0,0.48356,0.0,-191.6,0.2962,20.0,-186.33,0.2986,20.0,-180.32,0.3014,20.0,-169.84,0.3063,20.0,-160.99,0.3104,20.0,-150.07,0.3157,20.0,-136.42,0.3233,20.0,-128.43,0.3278,20.0,-122.66,0.331,20.0
18,2025-01-19,0.04,0.024109478,-24.99,-7.65,-12.99635417,0.024109,0.0,0.024109,0.0,-0.22822,0.50767,0.0,0.50767,0.0,-13.016,-196.95,-184.36,-120.66,0.0,0.0,47.925,0.0,0.50767,0.0,-194.31,0.2951,20.0,-189.28,0.2972,20.0,-183.48,0.2999,20.0,-173.25,0.3047,20.0,-164.48,0.3088,20.0,-153.5,0.3139,20.0,-139.69,0.3215,20.0,-131.59,0.326,20.0,-125.69,0.3293,20.0
19,2025-01-20,0.0,0.013023807,-30.39,-16.89,-23.0309375,0.013024,0.0,0.013024,0.0,-0.21913,0.52069,0.0,0.52069,0.0,-13.238,-198.14,-186.61,-123.67,0.0,0.0,47.69,0.0,0.52069,0.0,-195.79,0.2946,20.0,-191.24,0.2963,20.0,-185.85,0.2988,20.0,-176.11,0.3034,20.0,-167.57,0.3073,20.0,-156.7,0.3124,20.0,-142.84,0.3197,20.0,-134.66,0.3243,20.0,-128.69,0.3277,20.0
20,2025-01-21,0.05,0.023139683,-22.78,-3.66,-13.1975,0.02314,0.0,0.02314,0.0,-0.21038,0.54383,0.0,0.54383,0.0,-13.45,-202.46,-190.0,-126.57,0.0,0.0,47.454,0.0,0.54383,0.0,-199.82,0.293,20.0,-194.84,0.2949,20.0,-189.1,0.2973,20.0,-179.12,0.302,20.0,-170.56,0.3059,20.0,-159.72,0.311,20.0,-145.86,0.318,20.0,-137.64,0.3226,20.0,-131.63,0.326,20.0
21,2025-01-22,0.0,0.03932694,-17.43,-1.25,-6.962604167,0.039327,0.0,0.039327,0.0,-0.20188,0.58316,0.0,0.58316,0.0,-13.654,-209.3,-194.87,-129.39,0.0,0.0,47.211,0.0,0.58316,0.0,-206.14,0.2907,20.0,-200.3,0.2929,20.0,-193.75,0.2953,20.0,-182.76,0.3003,20.0,-173.8,0.3044,20.0,-162.74,0.3096,20.0,-148.76,0.3164,20.0,-140.53,0.321,20.0,-134.49,0.3244,20.0
22,2025-01-23,0.07,0.022362255,-21.52,-7.96,-15.38208333,0.022362,0.0,0.022362,0.0,-0.19362,0.60552,0.0,0.60552,0.0,-13.85,-210.72,-197.68,-132.13,0.0,0.0,46.993,0.0,0.60552,0.0,-208.03,0.29,20.0,-202.87,0.2919,20.0,-196.8,0.2942,20.0,-186.02,0.2987,20.0,-176.96,0.303,20.0,-165.74,0.3082,20.0,-151.58,0.3148,20.0,-143.33,0.3194,20.0,-137.27,0.3228,20.0
23,2025-01-24,0.1,0.028945665,-14.56,-1.62,-7.709583333,0.028946,0.0,0.028946,0.0,-0.18559,0.63446,0.0,0.63447,0.0,-14.038,-214.91,-201.2,-134.79,0.0,0.0,46.777,0.0,0.63447,0.0,-211.99,0.2885,20.0,-206.51,0.2906,20.0,-200.24,0.2929,20.0,-189.23,0.2973,20.0,-180.03,0.3015,20.0,-168.67,0.3068,20.0,-154.33,0.3135,20.0,-146.05,0.3179,20.0,-139.97,0.3213,20.0
24,2025-01-25,0.0,0.019449252,-21.69,-7.68,-15.26822917,0.019449,0.0,0.019449,0.0,-0.17779,0.65391,0.0,0.65391,0.0,-14.217,-216.49,-203.68,-137.38,0.0,0.0,46.577,0.0,0.65391,0.0,-213.86,0.2878,20.0,-208.79,0.2897,20.0,-202.84,0.2919,20.0,-192.11,0.2959,20.0,-182.92,0.3002,20.0,-171.5,0.3055,20.0,-157.03,0.3122,20.0,-148.68,0.3164,20.0,-142.58,0.3199,20.0
25,2025-01-26,0.0,0.016890468,-23.78,-10.77,-18.52625,0.01689,0.0,0.01689,0.0,-0.17023,0.6708,0.0,0.6708,0.0,-14.389,-218.43,-205.99,-139.88,0.0,0.0,46.388,0.0,0.6708,0.0,-215.87,0.2871,20.0,-210.95,0.2889,20.0,-205.18,0.2911,20.0,-194.71,0.295,20.0,-185.61,0.2989,20.0,-174.21,0.3042,20.0,-159.66,0.311,20.0,-151.22,0.315,20.0,-145.12,0.3184,20.0
26,2025-01-27,0.0,0.022478017,-21.34,-6.14,-16.37552083,0.022478,0.0,0.022478,0.0,-0.1629,0.69328,0.0,0.69328,0.0,-14.554,-222.06,-208.42,-142.31,0.0,0.0,46.201,0.0,0.69328,0.0,-219.29,0.2858,20.0,-214.07,0.2877,20.0,-208.06,0.29,20.0,-197.42,0.294,20.0,-188.25,0.2977,20.0,-176.82,0.303,20.0,-162.21,0.3098,20.0,-153.68,0.3138,20.0,-147.57,0.3171,20.0
27,2025-01-28,0.16,0.021936806,-22.35,-6.46,-15.85552083,0.021937,0.0,0.021937,0.0,-0.15581,0.71522,0.0,0.71522,0.0,-14.712,-225.04,-211.27,-144.66,0.0,0.0,46.022,0.0,0.71522,0.0,-222.25,0.2847,20.0,-216.98,0.2866,20.0,-210.91,0.2889,20.0,-200.16,0.2929,20.0,-190.9,0.2965,20.0,-179.37,0.3018,20.0,-164.69,0.3087,20.0,-156.09,0.3127,20.0,-149.93,0.3157,20.0
28,2025-01-29,0.04,0.02799017,-20.6,-2.69,-14.53177083,0.02799,0.0,0.02799,0.0,-0.14897,0.74321,0.0,0.74321,0.0,-14.862,-229.38,-214.66,-146.93,0.0,0.0,45.843,0.0,0.74321,0.0,-226.31,0.2831,20.0,-220.63,0.2853,20.0,-214.21,0.2877,20.0,-203.07,0.2918,20.0,-193.61,0.2954,20.0,-181.91,0.3007,20.0,-167.12,0.3075,20.0,-158.45,0.3116,20.0,-152.2,0.3145,20.0
29,2025-01-30,0.0,0.023141721,-20.5,-4.04,-13.86572917,0.023142,0.0,0.023142,0.0,-0.14237,0.76635,0.0,0.76635,0.0,-15.006,-231.78,-217.4,-149.11,0.0,0.0,45.676,0.0,0.76635,0.0,-228.86,0.2822,20.0,-223.35,0.2843,20.0,-217.01,0.2866,20.0,-205.85,0.2908,20.0,-196.3,0.2944,20.0,-184.43,0.2995,20.0,-169.51,0.3064,20.0,-160.76,0.3105,20.0,-154.44,0.3135,20.0
30,2025-01-31,0.07,0.04481863,-14.56,6.33,-4.655625,0.044819,0.0,0.044819,0.0,-0.13602,0.81117,0.0,0.81117,0.0,-15.144,-240.01,-222.28,-151.22,0.0,0.0,45.493,0.0,0.81117,0.0,-236.04,0.2795,20.0,-229.03,0.2821,20.0,-221.54,0.2849,20.0,-209.24,0.2895,20.0,-199.21,0.2933,20.0,-187.0,0.2983,20.0,-171.87,0.3053,20.0,-163.04,0.3094,20.0,-156.65,0.3124,20.0
31,2025-02-01,0.0,0.055785665,-5.35,5.0,0.724791667,0.055786,0.0,0.055786,0.0,-0.13156,0.86696,0.0,0.86696,0.0,-15.276,-248.87,-228.03,-153.45,0.0,0.0,45.305,0.0,0.86696,0.0,-244.11,0.2766,20.0,-235.7,0.2796,20.0,-227.0,0.2829,20.0,-213.27,0.288,20.0,-202.5,0.2921,20.0,-189.7,0.297,20.0,-174.22,0.3042,20.0,-165.29,0.3084,20.0,-158.85,0.3114,20.0
32,2025-02-02,0.15,0.043835567,-6.37,1.06,-3.401770833,0.043836,0.0,0.043836,0.0,-0.12827,0.91079,0.0,0.91079,0.0,-15.405,-252.07,-232.06,-155.66,0.0,0.0,45.132,0.0,0.91079,0.0,-247.81,0.2756,20.0,-239.87,0.2781,20.0,-231.21,0.2813,20.0,-217.09,0.2866,20.0,-205.85,0.2908,20.0,-192.52,0.2958,20.0,-176.6,0.3031,20.0,-167.55,0.3074,20.0,-161.04,0.3104,20.0
33,2025-02-03,0.38,0.033874199,-15.03,-5.18,-12.1903125,0.033874,0.0,0.033874,0.0,-0.12507,0.94467,0.0,0.94467,0.0,-15.531,-253.33,-234.79,-157.81,0.0,0.0,44.973,0.0,0.94467,0.0,-249.55,0.2751,20.0,-242.34,0.2772,20.0,-234.15,0.2802,20.0,-220.3,0.2854,20.0,-208.97,0.2896,20.0,-195.35,0.2947,20.0,-179.0,0.302,20.0,-169.8,0.3063,20.0,-163.23,0.3094,20.0
34,2025-02-04,0.56,0.034546772,-16.3,-12.39,-14.4171875,0.034547,0.0,0.034547,0.0,-0.12193,0.97921,0.0,0.97921,0.0,-15.654,-256.4,-237.73,-159.94,0.0,0.0,44.815,0.0,0.97921,0.0,-252.55,0.2742,20.0,-245.31,0.2763,20.0,-237.06,0.2791,20.0,-223.22,0.2843,20.0,-211.86,0.2886,20.0,-198.08,0.2937,20.0,-181.4,0.3009,20.0,-172.05,0.3053,20.0,-165.4,0.3083,20.0
35,2025-02-05,0.17,0.031429919,-19.77,-9.07,-14.77739583,0.03143,0.0,0.03143,0.0,-0.11883,1.0106,0.0,1.0106,0.0,-15.774,-258.66,-240.37,-162.03,0.0,0.0,44.664,0.0,1.0106,0.0,-254.94,0.2735,20.0,-247.9,0.2756,20.0,-239.76,0.2781,20.0,-225.95,0.2833,20.0,-214.57,0.2875,20.0,-200.71,0.2927,20.0,-183.78,0.2998,20.0,-174.29,0.3042,20.0,-167.55,0.3073,20.0
36,2025-02-06,0.2,0.028655789,-20.64,-4.89,-12.38989583,0.028656,0.0,0.028656,0.0,-0.11576,1.0393,0.0,1.0393,0.0,-15.89,-260.6,-242.75,-164.1,0.0,0.0,44.519,0.0,1.0393,0.0,-257.01,0.2729,20.0,-250.17,0.2749,20.0,-242.22,0.2772,20.0,-228.5,0.2823,20.0,-217.14,0.2866,20.0,-203.23,0.2918,20.0,-186.11,0.2987,20.0,-176.5,0.3032,20.0,-169.69,0.3064,20.0
37,2025-02-07,0.19,0.027771183,-16.76,-6.56,-11.4271875,0.027771,0.0,0.02777,0.0,-0.11273,1.0671,0.0,1.0671,0.0,-16.004,-262.84,-245.12,-166.14,0.0,0.0,44.378,0.0,1.0671,0.0,-259.27,0.2722,20.0,-252.49,0.2742,20.0,-244.63,0.2765,20.0,-230.93,0.2814,20.0,-219.59,0.2857,20.0,-205.66,0.2909,20.0,-188.4,0.2976,20.0,-178.69,0.3022,20.0,-171.8,0.3054,20.0
38,2025-02-08,0.04,0.03580601,-15.07,-8.41,-11.8065625,0.035806,0.0,0.035806,0.0,-0.10974,1.1029,0.0,1.1029,0.0,-16.114,-268.05,-248.61,-168.16,0.0,0.0,44.232,0.0,1.1029,0.0,-263.96,0.2709,20.0,-256.42,0.2731,20.0,-247.96,0.2755,20.0,-233.61,0.2804,20.0,-222.06,0.2847,20.0,-208.03,0.29,20.0,-190.65,0.2966,20.0,-180.84,0.3012,20.0,-173.88,0.3044,20.0
39,2025-02-09,0.0,0.030608525,-17.5,-4.97,-10.74479167,0.030609,0.0,0.030609,0.0,-0.10679,1.1335,0.0,1.1335,0.0,-16.222,-270.24,-251.32,-170.15,0.0,0.0,44.093,0.0,1.1335,0.0,-266.38,0.2702,20.0,-259.11,0.2723,20.0,-250.78,0.2747,20.0,-236.29,0.2794,20.0,-224.55,0.2838,20.0,-210.37,0.2891,20.0,-192.85,0.2957,20.0,-182.96,0.3002,20.0,-175.94,0.3034,20.0
40,2025-02-10,0.0,0.02577365,-27.64,-10.41,-16.04541667,0.025774,0.0,0.025774,0.0,-0.10388,1.1593,0.0,1.1593,0.0,-16.326,-271.38,-253.38,-172.12,0.0,0.0,43.963,0.0,1.1593,0.0,-267.79,0.2698,20.0,-260.94,0.2718,20.0,-252.95,0.2741,20.0,-238.73,0.2785,20.0,-226.95,0.2829,20.0,-212.68,0.2882,20.0,-195.02,0.2949,20.0,-185.04,0.2992,20.0,-177.96,0.3025,20.0
41,2025-02-11,0.0,0.019081793,-33.0,-18.09,-25.3396875,0.019082,0.0,0.019082,0.0,-0.10101,1.1783,0.0,1.1783,0.0,-16.428,-271.18,-254.65,-174.05,0.0,0.0,43.842,0.0,1.1783,0.0,-267.99,0.2697,20.0,-261.78,0.2715,20.0,-254.36,0.2737,20.0,-240.76,0.2777,20.0,-229.15,0.2821,20.0,-214.9,0.2874,20.0,-197.16,0.2941,20.0,-187.08,0.2983,20.0,-179.95,0.3016,20.0
42,2025-02-12,0.0,0.017205844,-34.57,-19.0,-27.59729167,0.017206,0.0,0.017206,0.0,-0.098183,1.1955,0.0,1.1955,0.0,-16.527,-271.74,-255.89,-175.96,0.0,0.0,43.726,0.0,1.1955,0.0,-268.67,0.2695,20.0,-262.72,0.2712,20.0,-255.62,0.2733,20.0,-242.53,0.2771,20.0,-231.14,0.2813,20.0,-217.01,0.2866,20.0,-199.24,0.2933,20.0,-189.09,0.2973,20.0,-181.91,0.3007,20.0
43,2025-02-13,0.15,0.018678735,-34.03,-15.3,-24.8328125,0.018679,0.0,0.018679,0.0,-0.095404,1.2142,0.0,1.2142,0.0,-16.623,-273.52,-257.53,-177.83,0.0,0.0,43.611,0.0,1.2142,0.0,-270.35,0.269,20.0,-264.3,0.2708,20.0,-257.2,0.2728,20.0,-244.28,0.2766,20.0,-233.03,0.2806,20.0,-219.01,0.2859,20.0,-201.27,0.2925,20.0,-191.06,0.2964,20.0,-183.83,0.2998,20.0
44,2025-02-14,0.24,0.032660526,-15.16,-4.97,-9.758020833,0.032661,0.0,0.032661,0.0,-0.092674,1.2469,0.0,1.2469,0.0,-16.716,-280.2,-261.14,-179.68,0.0,0.0,43.485,0.0,1.2469,0.0,-276.07,0.2673,20.0,-268.63,0.2695,20.0,-260.46,0.2719,20.0,-246.62,0.2759,20.0,-235.05,0.2799,20.0,-220.98,0.2851,20.0,-203.24,0.2918,20.0,-192.98,0.2956,20.0,-185.72,0.2989,20.0
45,2025-02-15,0.14,0.048771182,-8.85,-1.65,-4.373541667,0.048771,0.0,0.048771,0.0,-0.089993,1.2957,0.0,1.2957,0.0,-16.807,-290.53,-266.74,-181.49,0.0,0.0,43.346,0.0,1.2957,0.0,-285.01,0.2647,20.0,-275.48,0.2675,20.0,-265.6,0.2704,20.0,-249.91,0.275,20.0,-237.5,0.279,20.0,-223.02,0.2844,20.0,-205.18,0.2911,20.0,-194.88,0.2949,20.0,-187.57,0.298,20.0
46,2025-02-16,0.47,0.041222944,-7.55,-3.09,-5.767708333,0.041223,0.0,0.041223,0.0,-0.087361,1.3369,0.0,1.3369,0.0,-16.895,-294.49,-270.85,-183.26,0.0,0.0,43.217,0.0,1.3369,0.0,-289.3,0.2635,20.0,-279.96,0.2662,20.0,-269.85,0.2691,20.0,-253.37,0.274,20.0,-240.26,0.2779,20.0,-225.2,0.2836,20.0,-207.11,0.2903,20.0,-196.74,0.2942,20.0,-189.38,0.2972,20.0
47,2025-02-17,0.38,0.045040251,-7.8,-2.23,-5.450104167,0.04504,0.0,0.04504,0.0,-0.084781,1.3819,0.0,1.3819,0.0,-16.98,-300.5,-275.18,-185.0,0.0,0.0,43.086,0.0,1.3819,0.0,-294.77,0.2619,20.0,-284.72,0.2648,20.0,-274.05,0.2679,20.0,-256.82,0.273,20.0,-243.17,0.2769,20.0,-227.49,0.2827,20.0,-209.05,0.2896,20.0,-198.6,0.2935,20.0,-191.16,0.2964,20.0
48,2025-02-18,0.14,0.052474372,-10.41,-4.89,-7.425625,0.052474,0.0,0.052474,0.0,-0.082251,1.4344,0.0,1.4344,0.0,-17.063,-309.0,-280.35,-186.71,0.0,0.0,42.951,0.0,1.4344,0.0,-302.2,0.2597,20.0,-290.67,0.2631,20.0,-278.89,0.2665,20.0,-260.49,0.2719,20.0,-246.21,0.2761,20.0,-229.87,0.2818,20.0,-211.02,0.2889,20.0,-200.44,0.2928,20.0,-192.93,0.2956,20.0
49,2025-02-19,0.0,0.049001993,-15.4,-5.97,-9.86125,0.049002,0.0,0.049002,0.0,-0.079764,1.4834,0.0,1.4834,0.0,-17.144,-314.25,-284.86,-188.39,0.0,0.0,42.821,0.0,1.4834,0.0,-307.53,0.2583,20.0,-295.63,0.2616,20.0,-283.38,0.2652,20.0,-264.18,0.2708,20.0,-249.34,0.2751,20.0,-232.33,0.2809,20.0,-213.01,0.2881,20.0,-202.29,0.2921,20.0,-194.69,0.295,20.0
50,2025-02-20,0.0,0.063701021,-8.51,2.43,-2.609895833,0.063701,0.0,0.063701,0.0,-0.077316,1.5471,0.0,1.5471,0.0,-17.222,-327.12,-291.57,-190.04,0.0,0.0,42.68,0.0,1.5471,0.0,-318.56,0.2558,20.0,-303.77,0.2592,20.0,-289.33,0.2635,20.0,-268.27,0.2696,20.0,-252.62,0.2742,20.0,-234.88,0.2799,20.0,-215.04,0.2874,20.0,-204.14,0.2914,20.0,-196.45,0.2943,20.0
51,2025-02-21,0.0,0.094804526,-4.54,3.68,-0.078958333,0.094805,0.0,0.094805,0.0,-0.07487,1.6419,0.0,1.6419,0.0,-17.297,-354.28,-303.33,-191.69,0.0,0.0,42.51,0.0,1.6419,0.0,-340.63,0.2509,20.0,-319.23,0.2557,20.0,-299.26,0.2606,20.0,-273.67,0.268,20.0,-256.41,0.2731,20.0,-237.61,0.2789,20.0,-217.09,0.2866,20.0,-206.0,0.2907,20.0,-198.22,0.2937,20.0
52,2025-02-22,0.04,0.047502239,-4.97,-1.81,-3.3275,0.047502,0.0,0.047502,0.0,-0.0735,1.6894,0.0,1.6894,0.0,-17.371,-343.83,-304.77,-193.57,0.0,0.0,42.388,0.0,1.6894,0.0,-336.02,0.252,20.0,-321.08,0.2553,20.0,-304.17,0.2591,20.0,-278.55,0.2666,20.0,-260.38,0.2719,20.0,-240.53,0.2778,20.0,-219.2,0.2858,20.0,-207.89,0.29,20.0,-200.0,0.293,20.0
53,2025-02-23,0.07,0.094023242,-3.38,9.45,4.476979167,0.094023,0.0,0.094023,0.0,-0.07226,1.7834,0.0,1.7834,0.0,-17.443,-374.23,-315.69,-195.37,0.0,0.0,42.222,0.0,1.7834,0.0,-358.56,0.2469,20.0,-335.06,0.2522,20.0,-313.35,0.257,20.0,-283.8,0.2651,20.0,-264.39,0.2707,20.0,-243.6,0.2768,20.0,-221.37,0.285,20.0,-209.8,0.2893,20.0,-201.81,0.2923,20.0
54,2025-02-24,0.28,0.130076035,-1.27,8.62,3.7815625,0.13008,0.0,0.13008,0.0,-0.071042,1.9135,0.0,1.9135,0.0,-17.515,-425.15,-333.1,-197.15,0.0,0.0,42.02,0.0,1.9135,0.0,-396.6,0.2391,20.0,-357.73,0.2471,20.0,-327.84,0.2538,20.0,-290.86,0.263,20.0,-269.0,0.2694,20.0,-246.84,0.2759,20.0,-223.6,0.2842,20.0,-211.74,0.2886,20.0,-203.63,0.2916,20.0
55,2025-02-25,0.0,0.122611533,-0.07,5.54,2.423541667,0.12261,0.0,0.12261,0.0,-0.069835,2.0361,0.0,2.0361,0.0,-17.585,-456.76,-349.01,-198.9,0.0,0.0,41.827,0.0,2.0361,0.0,-424.38,0.2345,20.0,-378.12,0.2426,20.0,-342.29,0.2506,20.0,-299.17,0.2606,20.0,-274.29,0.2679,20.0,-250.35,0.2748,20.0,-225.9,0.2833,20.0,-213.71,0.2879,20.0,-205.46,0.291,20.0
56,2025-02-26,0.07,0.125972855,-4.78,6.01,1.494791667,0.12597,0.0,0.12597,0.0,-0.068634,2.1621,0.0,2.1621,0.0,-17.654,-495.76,-365.38,-200.65,0.0,0.0,41.633,0.0,2.1621,0.0,-453.71,0.2296,20.0,-399.45,0.2387,20.0,-356.57,0.2474,20.0,-308.16,0.2582,20.0,-280.01,0.2662,20.0,-254.13,0.2737,20.0,-228.3,0.2824,20.0,-215.73,0.2871,20.0,-207.3,0.2903,20.0
57,2025-02-27,0.0,0.116313081,-10.0,7.85,-2.433333333,0.11631,0.0,0.11631,0.0,-0.067435,2.2784,0.0,2.2784,0.0,-17.722,-522.47,-379.68,-202.4,0.0,0.0,41.449,0.0,2.2784,0.0,-476.48,0.2259,20.0,-417.32,0.2357,20.0,-369.83,0.2445,20.0,-317.06,0.2562,20.0,-285.93,0.2645,20.0,-258.1,0.2726,20.0,-230.81,0.2815,20.0,-217.79,0.2863,20.0,-209.16,0.2896,20.0
58,2025-02-28,0.0,0.094837397,-8.75,8.09,-1.531770833,0.094837,0.0,0.094837,0.0,-0.066235,2.3732,0.0,2.3732,0.0,-17.788,-522.46,-388.83,-204.14,0.0,0.0,41.287,0.0,2.3732,0.0,-483.14,0.2248,20.0,-427.7,0.234,20.0,-380.45,0.2421,20.0,-325.15,0.2544,20.0,-291.83,0.2627,20.0,-262.16,0.2714,20.0,-233.41,0.2805,20.0,-219.9,0.2855,20.0,-211.04,0.2889,20.0
59,2025-03-01,0.0,0.118616054,-9.28,9.53,-1.653020833,0.11862,0.0,0.11862,0.0,-0.065032,2.4919,0.0,2.4919,0.0,-17.854,-578.8,-404.66,-205.89,0.0,0.0,41.103,0.0,2.4919,0.0,-519.77,0.2201,20.0,-446.32,0.2309,20.0,-393.08,0.2397,20.0,-332.87,0.2527,20.0,-297.66,0.261,20.0,-266.23,0.2702,20.0,-236.11,0.2795,20.0,-222.05,0.2847,20.0,-212.95,0.2881,20.0
60,2025-03-02,0.0,0.113266187,-10.6,7.89,-1.801354167,0.11327,0.0,0.11327,0.0,-0.063824,2.6051,0.0,2.6051,0.0,-17.918,-616.16,-419.55,-207.65,0.0,0.0,40.926,0.0,2.6051,0.0,-548.06,0.2167,20.0,-464.8,0.2278,20.0,-406.22,0.2375,20.0,-340.66,0.2509,20.0,-303.57,0.2593,20.0,-270.3,0.269,20.0,-238.88,0.2785,20.0,-224.25,0.2839,20.0,-214.88,0.2874,20.0
61,2025-03-03,0.17,0.054866121,-5.98,2.92,-0.550729167,0.054866,0.0,0.054866,0.0,-0.06261,2.66,0.0,2.66,0.0,-17.981,-544.16,-418.17,-209.42,0.0,0.0,40.808,0.0,2.66,0.0,-515.28,0.2207,20.0,-461.94,0.2283,20.0,-412.3,0.2365,20.0,-347.54,0.2494,20.0,-309.41,0.2579,20.0,-274.34,0.2678,20.0,-241.71,0.2774,20.0,-226.48,0.2831,20.0,-216.83,0.2867,20.0
62,2025-03-04,0.17,0.085261676,-4.61,4.57,-0.219166667,0.085262,0.0,0.085262,0.0,-0.061388,2.7452,0.0,2.7452,0.0,-18.042,-578.69,-426.33,-211.19,0.0,0.0,40.661,0.0,2.7452,0.0,-533.52,0.2184,20.0,-469.39,0.2271,20.0,-418.12,0.2356,20.0,-353.24,0.2481,20.0,-314.71,0.2567,20.0,-278.29,0.2667,20.0,-244.59,0.2765,20.0,-228.75,0.2822,20.0,-218.8,0.286,20.0
63,2025-03-05,0.0,0.11891192,-4.76,5.59,0.5484375,0.11891,0.0,0.11891,0.0,-0.060159,2.8642,0.0,2.8642,0.0,-18.103,-678.65,-445.28,-212.98,0.0,0.0,40.482,0.0,2.8642,0.0,-587.79,0.2118,20.0,-493.25,0.2234,20.0,-429.52,0.2337,20.0,-359.37,0.2468,20.0,-319.78,0.2556,20.0,-282.14,0.2656,20.0,-247.45,0.2757,20.0,-231.05,0.2814,20.0,-220.79,0.2852,20.0
64,2025-03-06,0.0,0.102427902,-6.23,3.77,-1.5071875,0.10243,0.0,0.10243,0.0,-0.058921,2.9666,0.0,2.9666,0.0,-18.162,-707.47,-459.82,-214.78,0.0,0.0,40.32,0.0,2.9666,0.0,-616.06,0.2084,20.0,-513.3,0.2209,20.0,-441.83,0.2316,20.0,-366.21,0.2453,20.0,-324.9,0.2544,20.0,-285.95,0.2645,20.0,-250.3,0.2749,20.0,-233.36,0.2805,20.0,-222.8,0.2845,20.0
65,2025-03-07,0.0,0.134340043,-11.12,6.03,-2.470625,0.13434,0.0,0.13434,0.0,-0.057678,3.1009,0.0,3.1009,0.0,-18.22,-891.21,-486.29,-216.59,0.0,0.0,40.128,0.0,3.1009,0.0,-696.7,0.2012,20.0,-544.13,0.2172,20.0,-457.09,0.2291,20.0,-373.8,0.2436,20.0,-330.16,0.2533,20.0,-289.76,0.2633,20.0,-253.12,0.274,20.0,-235.68,0.2796,20.0,-224.81,0.2837,20.0
66,2025-03-08,0.0,0.146528805,-7.25,10.46,-0.193541667,0.14653,0.0,0.14653,0.0,-0.056429,3.2475,0.0,3.2475,0.0,-18.277,-1199.6,-520.6,-218.41,0.0,0.0,39.924,0.0,3.2475,0.0,-805.64,0.1923,20.0,-581.9,0.2125,20.0,-475.91,0.226,20.0,-382.48,0.2417,20.0,-335.66,0.2521,20.0,-293.62,0.2622,20.0,-255.92,0.2732,20.0,-238.02,0.2788,20.0,-226.84,0.283,20.0
67,2025-03-09,0.0,0.15620368,-6.33,12.84,1.920208333,0.1562,0.0,0.1562,0.0,-0.055175,3.4037,0.0,3.4037,0.0,-18.332,-1958.9,-563.9,-220.23,0.0,0.0,39.713,0.0,3.4037,0.0,-950.76,0.1829,20.0,-625.9,0.2076,20.0,-497.33,0.2229,20.0,-392.05,0.2399,20.0,-341.41,0.2508,20.0,-297.6,0.2611,20.0,-258.72,0.2724,20.0,-240.38,0.2779,20.0,-228.88,0.2822,20.0
68,2025-03-10,0.0,0.128985572,0.13,8.9,4.792604167,0.12899,0.0,0.12899,0.0,-0.053917,3.5326,0.0,3.5326,0.0,-18.386,-2296.2,-598.2,-222.06,0.0,0.0,39.53,0.0,3.5326,0.0,-1054.92,0.1777,20.0,-664.56,0.2041,20.0,-517.85,0.2204,20.0,-401.9,0.2383,20.0,-347.4,0.2494,20.0,-301.72,0.2599,20.0,-261.51,0.2716,20.0,-242.76,0.2771,20.0,-230.92,0.2814,20.0
69,2025-03-11,0.0,0.139208581,-1.95,9.15,2.714895833,0.13921,0.0,0.13921,0.0,-0.052659,3.6719,0.0,3.6719,0.0,-18.439,-4204.7,-644.64,-223.89,0.0,0.0,39.337,0.0,3.6719,0.0,-1207.14,0.1705,20.0,-700.09,0.2009,20.0,-536.66,0.2181,20.0,-411.52,0.2367,20.0,-353.48,0.2481,20.0,-305.97,0.2587,20.0,-264.3,0.2708,20.0,-245.15,0.2764,20.0,-232.97,0.2807,20.0
70,2025-03-12,0.0,0.139430551,-2.39,11.61,3.18,0.13943,0.0,0.13943,0.0,-0.051398,3.8113,0.0,3.8113,0.0,-18.491,-9285.1,-706.75,-225.72,0.0,0.0,39.146,0.0,3.8113,0.0,-1413.83,0.1634,20.0,-740.6,0.1973,20.0,-555.27,0.2158,20.0,-420.83,0.2351,20.0,-359.58,0.2467,20.0,-310.3,0.2577,20.0,-267.1,0.27,20.0,-247.53,0.2757,20.0,-235.03,0.2799,20.0
71,2025-03-13,0.07,0.107916892,-1.72,7.91,2.902291667,0.10792,0.0,0.10792,0.0,-0.050138,3.9192,0.0,3.9192,0.0,-18.542,-9763.4,-738.93,-227.56,0.0,0.0,38.988,0.0,3.9192,0.0,-1507.67,0.1603,20.0,-771.84,0.1945,20.0,-572.6,0.2137,20.0,-429.89,0.2336,20.0,-365.69,0.2454,20.0,-314.61,0.2567,20.0,-269.91,0.2691,20.0,-249.92,0.275,20.0,-237.09,0.2791,20.0
72,2025-03-14,0.0,0.128281682,-6.82,3.53,-1.4521875,0.12828,0.0,0.12828,0.0,-0.048877,4.0475,0.0,4.0475,0.0,-18.591,-33255.0,-828.64,-229.39,0.0,0.0,38.81,0.0,4.0475,0.0,-1783.6,0.1533,20.0,-806.1,0.1923,20.0,-588.88,0.2117,20.0,-438.57,0.2322,20.0,-371.77,0.244,20.0,-318.87,0.2558,20.0,-272.73,0.2683,20.0,-252.3,0.2743,20.0,-239.17,0.2783,20.0
73,2025-03-15,0.07,0.118832446,-4.44,6.14,0.2534375,0.11883,0.0,0.11883,0.0,-0.047616,4.1663,0.0,4.1663,0.0,-18.639,-88488.0,-941.07,-231.23,0.0,0.0,38.644,0.0,4.1663,0.0,-2078.18,0.1472,20.0,-843.65,0.1898,20.0,-605.68,0.2096,20.0,-446.97,0.2308,20.0,-377.82,0.2427,20.0,-323.08,0.2549,20.0,-275.55,0.2675,20.0,-254.68,0.2736,20.0,-241.27,0.2776,20.0
74,2025-03-16,0.4,0.126777468,-2.68,9.34,1.9653125,0.12678,0.0,0.12678,0.0,-0.046356,4.2931,0.0,4.2931,0.0,-18.685,-948990.0,-1242.0,-233.06,0.0,0.0,38.47,0.0,4.2931,0.0,-2684.21,0.138,20.0,-880.25,0.1875,20.0,-622.81,0.2078,20.0,-455.19,0.2294,20.0,-383.88,0.2413,20.0,-327.23,0.2539,20.0,-278.36,0.2667,20.0,-257.06,0.2729,20.0,-243.39,0.2769,20.0
75,2025-03-17,0.1,0.111255469,-4.67,4.32,-0.4534375,0.11125,0.0,0.090986,0.0,-0.045094,4.4044,0.0,4.3914,0.0,-18.731,-1000000.0,-1340.9,-234.9,0.0,0.0,38.326,0.0,4.3914,0.0,-2966.28,0.1346,20.0,-915.11,0.1852,20.0,-639.41,0.2064,20.0,-463.36,0.228,20.0,-389.95,0.2402,20.0,-331.33,0.253,20.0,-281.18,0.2658,20.0,-259.44,0.2722,20.0,-245.53,0.2763,20.0
76,2025-03-18,0.07,0.111219188,-10.21,1.95,-2.573020833,0.11122,0.0,0.08311,0.0,-0.043829,4.5156,0.0,4.478,0.0,-18.775,-1000000.0,-1374.1,-236.73,0.0,0.0,38.195,0.0,4.478,0.0,-3035.6,0.1338,20.0,-943.87,0.1834,20.0,-654.49,0.205,20.0,-471.43,0.2267,20.0,-395.85,0.2393,20.0,-335.36,0.2521,20.0,-283.99,0.265,20.0,-261.81,0.2715,20.0,-247.66,0.2756,20.0
77,2025-03-19,0.05,0.207741232,-3.66,7.41,0.243125,0.20774,0.0,0.079291,0.0,-0.042557,4.7233,0.0,4.5593,0.0,-18.818,-1000000.0,-1400.4,-238.59,0.0,0.0,38.071,0.0,4.5593,0.0,-3085.61,0.1332,20.0,-965.53,0.182,20.0,-667.93,0.2038,20.0,-479.38,0.2254,20.0,-401.57,0.2383,20.0,-339.34,0.2512,20.0,-286.81,0.2642,20.0,-264.18,0.2708,20.0,-249.8,0.275,20.0
78,2025-03-20,0.0,0.142856614,-3.39,6.16,1.048229167,0.14286,0.0,0.075003,0.0,-0.041267,4.8662,0.0,4.6363,0.0,-18.86,-1000000.0,-1423.6,-240.46,0.0,0.0,37.952,0.0,4.6363,0.0,-3124.76,0.1328,20.0,-983.93,0.1809,20.0,-679.64,0.2028,20.0,-486.97,0.2242,20.0,-407.07,0.2374,20.0,-343.24,0.2504,20.0,-289.62,0.2634,20.0,-266.53,0.2701,20.0,-251.93,0.2744,20.0
79,2025-03-21,0.13,0.185023111,-3.79,10.58,2.607291667,0.18502,0.0,0.072227,0.0,-0.040058,5.0512,0.0,4.71,0.0,-18.901,-1000000.0,-1435.1,-242.51,0.0,0.0,37.838,0.0,4.71,0.0,-3167.08,0.1324,20.0,-1000.89,0.1802,20.0,-690.1,0.2018,20.0,-494.3,0.2233,20.0,-412.36,0.2365,20.0,-347.07,0.2495,20.0,-292.42,0.2626,20.0,-268.88,0.2694,20.0,-254.07,0.2738,20.0
80,2025-03-22,0.06,0.168168098,-2.35,4.82,1.562395833,0.16817,0.0,0.071936,0.0,-0.039374,5.2194,0.0,4.7825,0.0,-18.94,-1000000.0,-1462.6,-244.74,0.0,0.0,37.726,0.0,4.7825,0.0,-3241.82,0.1317,20.0,-1017.03,0.1794,20.0,-700.51,0.2009,20.0,-501.21,0.2224,20.0,-417.46,0.2357,20.0,-350.83,0.2487,20.0,-295.22,0.2618,20.0,-271.23,0.2688,20.0,-256.22,0.2731,20.0
81,2025-03-23,0.13,0.173443065,-6.48,9.8,2.358645833,0.17344,0.0,0.06598,0.0,-0.038725,5.3928,0.0,4.8522,0.0,-18.979,-1000000.0,-1435.3,-246.88,0.0,0.0,37.617,0.0,4.8522,0.0,-3307.69,0.1312,20.0,-1032.05,0.1787,20.0,-710.37,0.2,20.0,-507.82,0.2216,20.0,-422.38,0.2349,20.0,-354.54,0.2479,20.0,-298.02,0.2609,20.0,-273.57,0.2681,20.0,-258.38,0.2725,20.0
82,2025-03-24,0.09,0.211576151,7.71,13.11,10.45135417,0.21158,0.0,0.067614,0.0,-0.038086,5.6044,0.0,4.9201,0.0,-19.017,-1000000.0,-1460.5,-248.98,0.0,0.0,37.511,0.0,4.9201,0.0,-3370.01,0.1306,20.0,-1045.25,0.1781,20.0,-719.33,0.1992,20.0,-514.15,0.2208,20.0,-427.15,0.2341,20.0,-358.17,0.247,20.0,-300.82,0.2601,20.0,-275.9,0.2674,20.0,-260.54,0.2719,20.0
83,2025-03-25,0.0,0.293819571,0.13,18.67,9.833854167,0.29382,0.0,0.064878,0.0,-0.037457,5.8982,0.0,4.9863,0.0,-19.055,-1000000.0,-1482.0,-251.06,0.0,0.0,37.407,0.0,4.9863,0.0,-3440.13,0.13,20.0,-1058.59,0.1775,20.0,-727.84,0.1985,20.0,-520.13,0.2201,20.0,-431.76,0.2333,20.0,-361.76,0.2463,20.0,-303.62,0.2593,20.0,-278.24,0.2667,20.0,-262.69,0.2712,20.0
84,2025-03-26,0.03,0.289109064,-4.26,21.86,8.567916667,0.28911,0.0,0.063031,0.0,-0.036834,6.1873,0.0,5.0496,0.0,-19.092,-1000000.0,-1497.6,-253.11,0.0,0.0,37.307,0.0,5.0496,0.0,-3489.37,0.1296,20.0,-1070.11,0.1769,20.0,-735.87,0.1977,20.0,-525.89,0.2194,20.0,-436.24,0.2326,20.0,-365.29,0.2455,20.0,-306.43,0.2586,20.0,-280.56,0.266,20.0,-264.84,0.2706,20.0
85,2025-03-27,0.0,0.23323574,-2.76,20.23,7.7603125,0.23324,0.0,0.059849,0.0,-0.036217,6.4205,0.0,5.1105,0.0,-19.128,-1000000.0,-1503.1,-255.14,0.0,0.0,37.21,0.0,5.1105,0.0,-3517.71,0.1294,20.0,-1079.86,0.1765,20.0,-743.67,0.1971,20.0,-531.4,0.2187,20.0,-440.59,0.2318,20.0,-368.78,0.2447,20.0,-309.21,0.2579,20.0,-282.87,0.2654,20.0,-266.97,0.27,20.0
86,2025-03-28,0.11,0.195563248,-1.63,13.11,6.108854167,0.19556,0.0,0.059987,0.0,-0.035605,6.6161,0.0,5.1702,0.0,-19.164,-1000000.0,-1515.2,-257.16,0.0,0.0,37.114,0.0,5.1702,0.0,-3546.82,0.1291,20.0,-1089.87,0.176,20.0,-751.1,0.1964,20.0,-536.69,0.2181,20.0,-444.84,0.2311,20.0,-372.23,0.2439,20.0,-311.96,0.2573,20.0,-285.18,0.2647,20.0,-269.09,0.2694,20.0
87,2025-03-29,0.17,0.161618289,0.54,10.73,4.058645833,0.16162,0.0,0.058896,0.0,-0.034997,6.7777,0.0,5.2285,0.0,-19.199,-1000000.0,-1526.0,-259.16,0.0,0.0,37.021,0.0,5.2285,0.0,-3568.43,0.1289,20.0,-1100.33,0.1755,20.0,-758.67,0.1957,20.0,-541.87,0.2174,20.0,-448.99,0.2304,20.0,-375.65,0.2432,20.0,-314.66,0.2567,20.0,-287.47,0.264,20.0,-271.2,0.2688,20.0
88,2025-03-30,0.0,0.168026591,-1.02,6.43,2.700208333,0.16803,0.0,0.056667,0.0,-0.034394,6.9457,0.0,5.2851,0.0,-19.234,-1000000.0,-1541.1,-261.15,0.0,0.0,36.93,0.0,5.2851,0.0,-3584.06,0.1289,20.0,-1109.45,0.1751,20.0,-765.91,0.1951,20.0,-546.87,0.2168,20.0,-453.06,0.2298,20.0,-379.04,0.2424,20.0,-317.33,0.2561,20.0,-289.75,0.2633,20.0,-273.29,0.2681,20.0
89,2025-03-31,0.24,0.13370583,-4.03,8.88,2.137604167,0.13371,0.0,0.055502,0.0,-0.033797,7.0795,0.0,5.3415,0.0,-19.268,-1000000.0,-1558.5,-263.11,0.0,0.0,36.839,0.0,5.3415,0.0,-3621.15,0.1286,20.0,-1119.84,0.1747,20.0,-773.11,0.1944,20.0,-551.7,0.2162,20.0,-457.06,0.2291,20.0,-382.42,0.2417,20.0,-319.96,0.2555,20.0,-292.03,0.2627,20.0,-275.37,0.2675,20.0
90,2025-04-01,0.32,0.086936404,-1.08,1.55,-0.145833333,-0.32,0.086936,-0.32,0.082956,-0.033202,6.7595,0.086936,5.0215,0.066085,-19.301,-514.11,-751.79,-265.07,0.0,0.0,37.068,0.32,5.3415,0.0,-687.87,0.202,20.0,-1037.81,0.1784,20.0,-820.4,0.1914,20.0,-563.23,0.2148,20.0,-461.42,0.2284,20.0,-385.82,0.2409,20.0,-322.56,0.255,20.0,-294.3,0.262,20.0,-277.44,0.2669,20.0
91,2025-04-02,0.1,0.166552055,-1.17,6.03,1.46875,-0.1,0.16655,-0.1,0.163,-0.032615,6.6595,0.25349,4.9215,0.22721,-19.334,-622.19,-739.85,-267.01,0.0,0.0,36.982,0.42,5.3415,0.0,-706.31,0.2003,20.0,-870.7,0.1882,20.0,-846.32,0.1897,20.0,-581.41,0.2126,20.0,-467.33,0.2274,20.0,-389.28,0.2404,20.0,-325.13,0.2544,20.0,-296.57,0.2614,20.0,-279.49,0.2663,20.0
92,2025-04-03,0.09,0.120932304,-7.18,5.67,-1.942083333,-0.09,0.12093,-0.09,0.12093,-0.032031,6.5695,0.37442,4.8315,0.34808,-19.366,-622.63,-733.53,-268.93,0.0,0.0,36.905,0.51,5.3415,0.0,-695.51,0.2014,20.0,-831.08,0.1907,20.0,-835.51,0.1904,20.0,-594.4,0.211,20.0,-474.14,0.2263,20.0,-392.94,0.2397,20.0,-327.67,0.2538,20.0,-298.83,0.2607,20.0,-281.53,0.2657,20.0
93,2025-04-04,0.0,0.154587038,-15.67,5.65,-3.9821875,0.0,0.15459,6.9849e-09,0.14906,-0.031453,6.5695,0.52901,4.8315,0.4996,-19.398,-853.78,-781.21,-270.83,0.0,0.0,36.736,0.51,5.3415,0.0,-868.99,0.1883,20.0,-901.87,0.1863,20.0,-851.3,0.1895,20.0,-605.16,0.2097,20.0,-480.7,0.2252,20.0,-396.75,0.2391,20.0,-330.19,0.2533,20.0,-301.08,0.26,20.0,-283.56,0.2652,20.0
94,2025-04-05,0.0,0.243091744,-9.16,12.37,0.572708333,0.0,0.24309,2.6543e-08,0.18267,-0.03088,6.5695,0.7721,4.8315,0.69291,-19.429,-1049.1,-864.6,-272.72,0.0,0.0,36.528,0.51,5.3415,0.0,-1066.15,0.1772,20.0,-1047.51,0.178,20.0,-918.97,0.185,20.0,-621.81,0.2079,20.0,-487.43,0.2241,20.0,-400.6,0.2385,20.0,-332.72,0.2527,20.0,-303.35,0.2594,20.0,-285.57,0.2646,20.0
95,2025-04-06,0.0,0.295975057,-7.02,17.23,4.512083333,0.0,0.29597,6.0536e-09,0.16511,-0.030311,6.5695,1.0681,4.8315,0.87002,-19.459,-1247.6,-969.22,-274.59,0.0,0.0,36.312,0.51,5.3415,0.0,-1268.88,0.1682,20.0,-1219.97,0.17,20.0,-1028.59,0.1789,20.0,-646.68,0.2057,20.0,-495.39,0.2231,20.0,-404.54,0.2378,20.0,-335.25,0.2521,20.0,-305.62,0.2587,20.0,-287.57,0.264,20.0
96,2025-04-07,0.04,0.188071135,-3.47,18.08,5.364166667,-0.04,0.18807,-0.04,0.11153,-0.029748,6.5295,1.2561,4.7915,0.98194,-19.489,-1052.8,-998.86,-276.45,0.0,0.0,36.192,0.55,5.3415,0.0,-1203.77,0.1708,20.0,-1292.04,0.1674,20.0,-1090.71,0.176,20.0,-665.71,0.204,20.0,-503.9,0.2221,20.0,-408.61,0.2371,20.0,-337.8,0.2516,20.0,-307.91,0.2582,20.0,-289.56,0.2634,20.0
97,2025-04-08,0.14,0.251824128,0.73,11.08,5.525520833,-0.14,0.25182,-0.14,0.16687,-0.029189,6.3895,1.508,4.6515,1.1415,-19.519,-691.33,-955.38,-278.29,0.0,0.0,36.161,0.69,5.3415,0.0,-868.13,0.1882,20.0,-1207.82,0.1706,20.0,-1134.03,0.174,20.0,-684.44,0.2023,20.0,-512.17,0.2211,20.0,-412.8,0.2364,20.0,-340.35,0.251,20.0,-310.18,0.2577,20.0,-291.55,0.2628,20.0
98,2025-04-09,0.0,0.228632383,-2.51,11.1,4.688854167,0.0,0.22863,6.0536e-09,0.12867,-0.028635,6.3895,1.7366,4.6515,1.2794,-19.548,-1120.3,-1023.2,-280.12,0.0,0.0,35.982,0.69,5.3415,0.0,-1155.1,0.1729,20.0,-1255.55,0.1687,20.0,-1163.05,0.1726,20.0,-701.8,0.2008,20.0,-520.39,0.2201,20.0,-417.05,0.2357,20.0,-342.92,0.2504,20.0,-312.44,0.2572,20.0,-293.53,0.2622,20.0
99,2025-04-10,0.0,0.32722266,-6.23,20.9,6.826041667,0.0,0.32722,-1.397e-09,0.12313,-0.028084,6.3895,2.0638,4.6515,1.4145,-19.576,-1355.6,-1108.9,-281.93,0.0,0.0,35.816,0.69,5.3415,0.0,-1384.34,0.1644,20.0,-1391.57,0.1642,20.0,-1222.08,0.17,20.0,-721.49,0.1991,20.0,-528.41,0.2191,20.0,-421.34,0.235,20.0,-345.52,0.2499,20.0,-314.69,0.2567,20.0,-295.51,0.2617,20.0
100,2025-04-11,0.05,0.234190965,-3.45,15.93,7.8090625,-0.05,0.23419,-0.05,0.10143,-0.027538,6.3395,2.298,4.6015,1.5136,-19.604,-1047.1,-1110.7,-283.73,0.0,0.0,35.732,0.74,5.3415,0.0,-1239.81,0.1692,20.0,-1418.79,0.1632,20.0,-1262.53,0.1684,20.0,-737.01,0.1976,20.0,-536.4,0.2181,20.0,-425.63,0.2343,20.0,-348.12,0.2493,20.0,-316.93,0.2562,20.0,-297.5,0.2611,20.0
101,2025-04-12,0.2,0.1596355,-0.44,7.64,4.578020833,-0.2,0.15964,-0.2,0.11457,-0.026996,6.1395,2.4577,4.4015,1.6166,-19.631,-586.77,-985.12,-285.51,0.0,0.0,35.806,0.94,5.3415,0.0,-738.57,0.1975,20.0,-1157.26,0.1729,20.0,-1241.76,0.1691,20.0,-745.9,0.1969,20.0,-543.77,0.2172,20.0,-429.93,0.2336,20.0,-350.75,0.2487,20.0,-319.17,0.2557,20.0,-299.48,0.2605,20.0
102,2025-04-13,0.0,0.257532556,-5.61,8.7,2.596145833,0.0,0.25753,-2.2352e-08,0.14418,-0.026457,6.1395,2.7152,4.4015,1.7734,-19.657,-1015.8,-1041.7,-287.29,0.0,0.0,35.632,0.94,5.3415,0.0,-1057.04,0.1775,20.0,-1197.02,0.1711,20.0,-1227.72,0.1697,20.0,-758.26,0.1957,20.0,-550.44,0.2164,20.0,-434.15,0.2329,20.0,-353.38,0.2481,20.0,-321.41,0.2552,20.0,-301.48,0.2599,20.0
103,2025-04-14,0.03,0.302817327,-8.88,15.64,2.996145833,-0.03,0.30282,-0.03,0.13118,-0.025921,6.1095,3.018,4.3715,1.9143,-19.683,-1059.5,-1106.4,-289.05,0.0,0.0,35.491,0.97,5.3415,0.0,-1185.4,0.1716,20.0,-1335.89,0.166,20.0,-1273.38,0.1681,20.0,-774.18,0.1943,20.0,-557.09,0.2156,20.0,-438.29,0.2322,20.0,-356.03,0.2475,20.0,-323.64,0.2547,20.0,-303.49,0.2593,20.0
104,2025-04-15,0.0,0.319548003,-7.06,20.0,6.257916667,-0.508,0.31955,-0.508,0.2421,-0.025388,5.6015,3.3375,3.8635,2.1296,-19.709,-347.84,-880.03,-290.81,0.0,0.0,35.792,1.478,5.3415,0.0,-429.75,0.2336,20.0,-753.57,0.1962,20.0,-1225.02,0.1698,20.0,-790.89,0.1933,20.0,-563.91,0.2147,20.0,-442.38,0.2315,20.0,-358.68,0.2469,20.0,-325.87,0.2542,20.0,-305.53,0.2588,20.0
105,2025-04-16,0.1,0.201365325,-4.29,15.4,3.994479167,-0.1,0.20136,-0.1,0.17854,-0.024856,5.5015,3.5389,3.7635,2.3039,-19.734,-538.17,-856.12,-292.56,0.0,0.0,35.68,1.578,5.3415,0.0,-592.46,0.2112,20.0,-754.56,0.1961,20.0,-1034.52,0.1786,20.0,-796.02,0.1929,20.0,-570.48,0.2139,20.0,-446.44,0.2309,20.0,-361.33,0.2463,20.0,-328.09,0.2537,20.0,-307.57,0.2583,20.0
106,2025-04-17,0.0,0.196652113,-3.23,5.96,1.438020833,0.0,0.19665,1.4901e-08,0.1641,-0.024326,5.5015,3.7356,3.7635,2.4743,-19.759,-823.81,-920.02,-294.3,0.0,0.0,35.48,1.578,5.3415,0.0,-842.98,0.1899,20.0,-921.57,0.1848,20.0,-1040.1,0.1784,20.0,-794.46,0.193,20.0,-576.07,0.2132,20.0,-450.43,0.2302,20.0,-363.99,0.2458,20.0,-330.3,0.2532,20.0,-309.6,0.2578,20.0
107,2025-04-18,0.0,0.276843346,-10.36,10.5,0.242083333,0.0,0.27684,-1.4435e-08,0.16,-0.023798,5.5015,4.0124,3.7635,2.6491,-19.783,-1078.4,-1027.7,-296.04,0.0,0.0,35.279,1.578,5.3415,0.0,-1105.21,0.1755,20.0,-1144.39,0.1736,20.0,-1134.45,0.1741,20.0,-799.59,0.1927,20.0,-580.84,0.2127,20.0,-454.28,0.2296,20.0,-366.63,0.2452,20.0,-332.51,0.2528,20.0,-311.62,0.2574,20.0
108,2025-04-19,0.04,0.235170879,-7.79,13.91,4.166979167,-0.04,0.23517,-0.04,0.12268,-0.02327,5.4615,4.2476,3.7235,2.7775,-19.806,-998.41,-1082.6,-297.78,0.0,0.0,35.155,1.618,5.3415,0.0,-1134.94,0.174,20.0,-1275.12,0.168,20.0,-1213.67,0.1703,20.0,-808.03,0.1922,20.0,-585.6,0.2121,20.0,-458.04,0.2289,20.0,-369.28,0.2446,20.0,-334.7,0.2523,20.0,-313.64,0.257,20.0
109,2025-04-20,0.0,0.240053742,-0.91,12.08,5.583645833,0.0,0.24005,1.397e-09,0.094567,-0.022741,5.4615,4.4876,3.7235,2.8794,-19.829,-1303.0,-1156.8,-299.53,0.0,0.0,35.016,1.618,5.3415,0.0,-1341.18,0.1658,20.0,-1384.86,0.1644,20.0,-1281.25,0.1678,20.0,-818.48,0.1915,20.0,-590.63,0.2115,20.0,-461.68,0.2283,20.0,-371.92,0.244,20.0,-336.88,0.2518,20.0,-315.64,0.2565,20.0
110,2025-04-21,0.11,0.212588861,-4.65,9.07,3.807083333,-0.11,0.21259,-0.11,0.10911,-0.022209,5.3515,4.7002,3.6135,2.981,-19.851,-788.56,-1111.2,-301.28,0.0,0.0,35.007,1.728,5.3415,0.0,-991.82,0.1806,20.0,-1342.26,0.1658,20.0,-1314.91,0.1667,20.0,-827.88,0.1909,20.0,-595.76,0.2108,20.0,-465.3,0.2277,20.0,-374.56,0.2434,20.0,-339.06,0.2513,20.0,-317.64,0.2561,20.0
111,2025-04-22,0.0,0.255030771,-6.06,9.29,2.6921875,-1.27,0.25503,-1.27,0.23963,-0.021672,4.0815,4.9553,2.3435,3.1774,-19.873,-169.16,-625.02,-303.05,0.0,0.0,36.065,2.998,5.3415,0.0,-194.29,0.2951,20.0,-279.19,0.2664,20.0,-597.95,0.2106,20.0,-839.39,0.1901,20.0,-601.08,0.2102,20.0,-468.89,0.2271,20.0,-377.19,0.2428,20.0,-341.22,0.2508,20.0,-319.64,0.2556,20.0
112,2025-04-23,0.0,0.308627587,-9.9,14.29,2.663020833,0.0,0.30863,5.0291e-08,0.30596,-0.021113,4.0815,5.2639,2.3435,3.4786,-19.895,-434.25,-597.77,-304.89,0.0,0.0,35.748,2.998,5.3415,0.0,-437.71,0.2323,20.0,-462.68,0.2281,20.0,-547.3,0.2168,20.0,-774.92,0.1943,20.0,-605.4,0.2097,20.0,-472.46,0.2265,20.0,-379.82,0.2422,20.0,-343.38,0.2503,20.0,-321.63,0.2552,20.0
113,2025-04-24,0.0,0.316713497,-7.75,15.51,5.8228125,0.0,0.31671,-2.4214e-08,0.3112,-0.020742,4.0815,5.5806,2.3435,3.7916,-19.915,-632.22,-700.84,-307.09,0.0,0.0,35.415,2.998,5.3415,0.0,-640.55,0.2062,20.0,-663.38,0.2043,20.0,-702.25,0.2008,20.0,-735.07,0.1979,20.0,-603.12,0.2099,20.0,-475.83,0.226,20.0,-382.45,0.2417,20.0,-345.52,0.2499,20.0,-323.62,0.2547,20.0
114,2025-04-25,0.0,0.403106716,-3.48,17.55,8.986145833,0.0,0.40311,-1.1176e-08,0.27916,-0.020471,4.0815,5.9837,2.3435,4.0967,-19.936,-911.17,-860.79,-309.21,0.0,0.0,35.073,2.998,5.3415,0.0,-932.35,0.1844,20.0,-942.04,0.1838,20.0,-905.39,0.1861,20.0,-748.84,0.1967,20.0,-600.68,0.2102,20.0,-478.67,0.2255,20.0,-385.06,0.2411,20.0,-347.65,0.2494,20.0,-325.62,0.2543,20.0
115,2025-04-26,0.03,0.289754716,-2.83,17.41,7.8334375,-0.03,0.28975,-0.03,0.1757,-0.020207,4.0514,6.2735,2.3135,4.2873,-19.956,-978.96,-979.37,-311.26,0.0,0.0,34.858,3.028,5.3415,0.0,-1080.82,0.1764,20.0,-1153.46,0.173,20.0,-1071.96,0.1768,20.0,-775.14,0.1943,20.0,-601.38,0.2102,20.0,-481.2,0.2251,20.0,-387.65,0.2406,20.0,-349.77,0.2489,20.0,-327.61,0.2538,20.0
116,2025-04-27,0.04,0.263855878,-2.81,17.34,8.002291667,-0.04,0.26386,-0.04,0.13884,-0.019948,4.0114,6.5373,2.2735,4.4339,-19.976,-992.7,-1049.8,-313.26,0.0,0.0,34.719,3.068,5.3415,0.0,-1129.97,0.1742,20.0,-1270.75,0.1682,20.0,-1179.14,0.1719,20.0,-800.33,0.1926,20.0,-605.19,0.2097,20.0,-483.67,0.2247,20.0,-390.18,0.2402,20.0,-351.89,0.2484,20.0,-329.61,0.2534,20.0
117,2025-04-28,0.0,0.389893783,3.75,16.99,9.611979167,0.0,0.38989,-2.1886e-08,0.12263,-0.019694,4.0114,6.9272,2.2735,4.5727,-19.996,-1335.3,-1155.5,-315.24,0.0,0.0,34.552,3.068,5.3415,0.0,-1380.16,0.1646,20.0,-1415.28,0.1634,20.0,-1290.57,0.1675,20.0,-828.52,0.1909,20.0,-610.79,0.209,20.0,-486.29,0.2242,20.0,-392.63,0.2398,20.0,-353.99,0.248,20.0,-331.59,0.253,20.0
118,2025-04-29,0.06,0.218913404,-0.27,13.21,8.209166667,-0.06,0.21891,-0.06,0.088932,-0.019443,3.9514,7.1461,2.2135,4.6582,-20.016,-987.51,-1154.8,-317.19,0.0,0.0,34.496,3.128,5.3415,0.0,-1195.83,0.1711,20.0,-1429.42,0.1629,20.0,-1341.67,0.1658,20.0,-847.07,0.1896,20.0,-617.39,0.2083,20.0,-489.16,0.2239,20.0,-395.04,0.2394,20.0,-356.07,0.2475,20.0,-333.56,0.2525,20.0
119,2025-04-30,0.0,0.304197447,-2.36,13.7,7.6025,0.0,0.3042,1.071e-08,0.086775,-0.019195,3.9514,7.4503,2.2135,4.7529,-20.035,-1352.1,-1208.7,-319.11,0.0,0.0,34.381,3.128,5.3415,0.0,-1398.68,0.164,20.0,-1468.86,0.1617,20.0,-1376.41,0.1647,20.0,-864.64,0.1885,20.0,-624.0,0.2077,20.0,-492.24,0.2235,20.0,-397.4,0.239,20.0,-358.14,0.2471,20.0,-335.52,0.2521,20.0
120,2025-05-01,0.0,0.388618256,-5.58,18.93,6.770833333,0.0,0.38862,-6.9849e-10,0.076131,-0.01895,3.9514,7.8389,2.2135,4.8358,-20.054,-1499.6,-1259.2,-321.01,0.0,0.0,34.274,3.128,5.3415,0.0,-1518.97,0.1599,20.0,-1526.07,0.1597,20.0,-1420.99,0.1632,20.0,-885.45,0.1872,20.0,-630.79,0.2071,20.0,-495.48,0.2231,20.0,-399.74,0.2386,20.0,-360.19,0.2466,20.0,-337.46,0.2517,20.0
121,2025-05-02,0.0,0.413979598,-5.39,23.7,9.509166667,0.0,0.41398,9.8953e-10,0.062917,-0.018707,3.9514,8.2529,2.2135,4.9025,-20.073,-1563.7,-1294.4,-322.9,0.0,0.0,34.182,3.128,5.3415,0.0,-1571.61,0.1583,20.0,-1561.88,0.1586,20.0,-1458.15,0.1619,20.0,-906.75,0.1858,20.0,-637.84,0.2065,20.0,-498.82,0.2227,20.0,-402.06,0.2382,20.0,-362.23,0.2461,20.0,-339.39,0.2512,20.0
122,2025-05-03,0.0,0.469683965,-3.35,26.47,13.02354167,0.0,0.46968,1.4697e-09,0.057201,-0.018467,3.9514,8.7226,2.2135,4.9622,-20.091,-1591.9,-1319.0,-324.76,0.0,0.0,34.101,3.128,5.3415,0.0,-1592.78,0.1578,20.0,-1580.57,0.1581,20.0,-1486.29,0.161,20.0,-926.95,0.1845,20.0,-644.98,0.2059,20.0,-502.26,0.2223,20.0,-404.38,0.2378,20.0,-364.26,0.2457,20.0,-341.3,0.2508,20.0
123,2025-05-04,0.81,0.175842617,3.81,12.97,7.728333333,-0.81,0.17584,-0.81,0.1415,-0.01823,3.1414,8.8984,1.4035,5.065,-20.109,-247.85,-871.67,-326.61,0.0,0.0,34.795,3.938,5.3415,0.0,-295.92,0.2615,20.0,-493.04,0.2234,20.0,-1250.99,0.1688,20.0,-926.9,0.1845,20.0,-651.72,0.2053,20.0,-505.77,0.2219,20.0,-406.7,0.2375,20.0,-366.29,0.2452,20.0,-343.19,0.2504,20.0
124,2025-05-05,0.34,0.151362053,-3.08,8.62,4.48125,-0.34,0.15136,-0.34,0.14659,-0.017994,2.8015,9.0498,1.0635,5.2043,-20.128,-301.48,-698.9,-328.44,0.0,0.0,34.98,4.278,5.3415,0.0,-333.45,0.2525,20.0,-425.85,0.2343,20.0,-662.63,0.2043,20.0,-913.56,0.1853,20.0,-657.07,0.2048,20.0,-509.29,0.2214,20.0,-409.01,0.2371,20.0,-368.32,0.2448,20.0,-345.08,0.25,20.0
125,2025-05-06,0.0,0.281635301,-5.46,12.97,5.5034375,0.0,0.28163,-7.4506e-09,0.27125,-0.01776,2.8015,9.3314,1.0635,5.4745,-20.145,-545.3,-731.16,-330.25,0.0,0.0,34.723,4.278,5.3415,0.0,-551.84,0.2163,20.0,-589.75,0.2116,20.0,-703.54,0.2007,20.0,-868.12,0.1883,20.0,-659.98,0.2045,20.0,-512.73,0.221,20.0,-411.33,0.2367,20.0,-370.34,0.2443,20.0,-346.94,0.2495,20.0
126,2025-05-07,0.0,0.435903259,-3.43,22.77,9.6925,0.0,0.4359,-5.5879e-09,0.30198,-0.01753,2.8015,9.7673,1.0635,5.8119,-20.163,-822.26,-879.48,-332.04,0.0,0.0,34.378,4.278,5.3415,0.0,-842.43,0.19,20.0,-876.3,0.1878,20.0,-908.51,0.1857,20.0,-856.52,0.189,20.0,-660.21,0.2045,20.0,-515.93,0.2206,20.0,-413.64,0.2363,20.0,-372.36,0.2439,20.0,-348.8,0.2491,20.0
127,2025-05-08,0.0,0.420471858,-0.81,20.93,10.35395833,0.0,0.42047,-2.4214e-08,0.19264,-0.017301,2.8015,10.188,1.0635,6.0298,-20.18,-1147.6,-1061.7,-333.81,0.0,0.0,34.088,4.278,5.3415,0.0,-1179.68,0.1718,20.0,-1192.97,0.1712,20.0,-1137.85,0.1738,20.0,-877.13,0.1877,20.0,-661.36,0.2044,20.0,-518.82,0.2203,20.0,-415.94,0.2359,20.0,-374.38,0.2434,20.0,-350.64,0.2487,20.0
128,2025-05-09,0.0,0.465734052,-1.49,25.61,12.238125,0.0,0.46573,1.3504e-08,0.12009,-0.017075,2.8015,10.654,1.0635,6.1693,-20.197,-1403.8,-1206.6,-335.57,0.0,0.0,33.895,4.278,5.3415,0.0,-1433.69,0.1627,20.0,-1429.99,0.1628,20.0,-1320.38,0.1665,20.0,-906.33,0.1858,20.0,-664.56,0.2041,20.0,-521.54,0.2199,20.0,-418.22,0.2355,20.0,-376.41,0.243,20.0,-352.47,0.2483,20.0
129,2025-05-10,0.0,0.365902185,1.21,28.68,13.75302083,0.0,0.3659,-3.7253e-09,0.070846,-0.01685,2.8015,11.019,1.0635,6.2462,-20.214,-1521.0,-1278.7,-337.31,0.0,0.0,33.777,4.278,5.3415,0.0,-1534.52,0.1593,20.0,-1523.92,0.1597,20.0,-1417.76,0.1632,20.0,-931.43,0.1842,20.0,-669.49,0.2037,20.0,-524.26,0.2196,20.0,-420.47,0.2352,20.0,-378.44,0.2425,20.0,-354.29,0.2479,20.0
130,2025-05-11,0.05,0.313207386,2.21,23.55,12.69322917,-0.05,0.31321,-0.05,0.07626,-0.016628,2.7515,11.333,1.0135,6.3179,-20.231,-1091.7,-1268.2,-339.04,0.0,0.0,33.74,4.328,5.3415,0.0,-1319.95,0.1666,20.0,-1525.2,0.1597,20.0,-1455.68,0.162,20.0,-950.16,0.183,20.0,-675.03,0.2032,20.0,-527.04,0.2192,20.0,-422.69,0.2348,20.0,-380.47,0.2421,20.0,-356.1,0.2475,20.0
131,2025-05-12,0.18,0.23424007,5.18,15.5,10.29114583,-0.18,0.23424,-0.18,0.11351,-0.016407,2.5715,11.567,0.83349,6.4161,-20.248,-637.63,-1159.7,-340.75,0.0,0.0,33.818,4.508,5.3415,0.0,-816.78,0.1915,20.0,-1297.18,0.1673,20.0,-1451.61,0.1622,20.0,-960.17,0.1823,20.0,-680.62,0.2027,20.0,-529.92,0.2189,20.0,-424.9,0.2344,20.0,-382.52,0.2416,20.0,-357.9,0.2471,20.0
132,2025-05-13,0.65,0.140246267,4.09,9.31,6.37,-0.65,0.14025,-0.65,0.11982,-0.016188,1.9215,11.707,0.18349,6.5198,-20.264,-270.58,-852.44,-342.45,0.0,0.0,34.346,5.158,5.3415,0.0,-317.85,0.256,20.0,-497.17,0.2229,20.0,-1089.21,0.1761,20.0,-959.51,0.1824,20.0,-685.72,0.2022,20.0,-532.87,0.2185,20.0,-427.08,0.2341,20.0,-384.57,0.2412,20.0,-359.69,0.2467,20.0
133,2025-05-14,0.29,0.222502705,5.49,11.86,7.908229167,-1.56,0.2225,-1.56,0.22139,-0.015971,0.36145,11.93,-1.3765,6.7286,-20.28,-122.89,-429.39,-344.14,0.0,0.0,35.694,6.718,5.3415,0.0,-135.99,0.3235,20.0,-172.9,0.3048,20.0,-261.45,0.2716,20.0,-879.26,0.1876,20.0,-689.9,0.2018,20.0,-535.86,0.2182,20.0,-429.25,0.2337,20.0,-386.62,0.2408,20.0,-361.48,0.2463,20.0
134,2025-05-15,0.14,0.30328038,1.83,13.08,8.074270833,-1.41,0.30328,-1.41,0.30328,-0.015756,-1.0485,12.233,-2.7865,7.0317,-20.296,-106.73,-210.34,-345.81,0.0,0.0,36.793,8.128,5.3415,0.0,-114.47,0.3361,20.0,-133.8,0.3248,20.0,-167.98,0.3071,20.0,-324.86,0.2545,20.0,-628.51,0.2073,20.0,-538.65,0.2178,20.0,-431.41,0.2334,20.0,-388.65,0.2405,20.0,-363.25,0.2459,20.0
135,2025-05-16,0.07,0.281466238,1.7,13.06,7.905208333,-1.9496,0.28147,-1.9496,0.28147,-0.015542,-2.9981,12.514,-4.7361,7.3131,-20.311,-72.357,-117.02,-347.47,0.0,0.0,38.442,10.078,5.3415,0.0,-76.77,0.362,20.0,-86.95,0.3547,20.0,-103.46,0.3433,20.0,-159.9,0.3109,20.0,-302.16,0.2598,20.0,-527.59,0.2192,20.0,-433.56,0.233,20.0,-390.67,0.2401,20.0,-365.02,0.2455,20.0
136,2025-05-17,0.29,0.317798349,-0.73,16.97,9.023125,-0.29,0.3178,-0.29,0.3178,-0.01533,-3.2881,12.832,-5.0261,7.6309,-20.327,-143.89,-160.5,-349.11,0.0,0.0,38.405,10.368,5.3415,0.0,-145.72,0.3181,20.0,-149.68,0.3159,20.0,-155.78,0.3128,20.0,-175.81,0.3035,20.0,-223.67,0.2841,20.0,-408.94,0.2371,20.0,-435.24,0.2327,20.0,-392.67,0.2398,20.0,-366.79,0.2451,20.0
137,2025-05-18,0.57,0.247563717,2.98,10.64,7.577083333,-0.57,0.24756,-0.57,0.24756,-0.01512,-3.8582,13.08,-5.5961,7.8785,-20.342,-135.01,-163.24,-350.74,0.0,0.0,38.698,10.938,5.3415,0.0,-139.29,0.3217,20.0,-148.06,0.3168,20.0,-159.47,0.3111,20.0,-183.1,0.3001,20.0,-218.69,0.286,20.0,-326.6,0.2541,20.0,-432.39,0.2332,20.0,-394.52,0.2395,20.0,-368.54,0.2447,20.0
138,2025-05-19,0.0,0.343652121,-3.1,13.2,5.88,-1.8796,0.34365,-1.8796,0.34365,-0.014911,-5.7378,13.423,-7.4757,8.2221,-20.357,-69.445,-99.427,-352.36,0.0,0.0,40.243,12.817,5.3415,0.0,-73.09,0.3648,20.0,-81.33,0.3587,20.0,-93.14,0.3501,20.0,-124.11,0.3302,20.0,-168.09,0.3071,20.0,-269.9,0.2691,20.0,-418.42,0.2355,20.0,-395.67,0.2393,20.0,-370.26,0.2444,20.0
139,2025-05-20,0.0,0.289328118,-1.47,13.01,7.322916667,0.0,0.28933,-1.4435e-07,0.28933,-0.014704,-5.7378,13.713,-7.4757,8.5115,-20.372,-155.77,-150.82,-353.97,0.0,0.0,39.926,12.817,5.3415,0.0,-154.04,0.3135,20.0,-151.24,0.3149,20.0,-149.1,0.3161,20.0,-151.11,0.3151,20.0,-165.75,0.3083,20.0,-222.26,0.2848,20.0,-388.14,0.2405,20.0,-394.73,0.2394,20.0,-371.87,0.244,20.0
140,2025-05-21,0.0,0.326051821,-4.26,14.04,5.541666667,0.0,0.32605,1.4249e-07,0.32605,-0.014499,-5.7378,14.039,-7.4757,8.8375,-20.386,-203.59,-191.04,-355.56,0.0,0.0,39.597,12.817,5.3415,0.0,-201.8,0.2923,20.0,-197.54,0.2939,20.0,-191.62,0.2961,20.0,-183.41,0.2999,20.0,-185.95,0.2988,20.0,-217.74,0.2864,20.0,-349.1,0.2491,20.0,-389.27,0.2404,20.0,-373.07,0.2437,20.0
141,2025-05-22,0.72,0.139505443,-1.83,10.72,5.324166667,-3.26,0.1395,-3.26,0.1395,-0.014297,-8.9978,14.178,-10.736,8.977,-20.401,-36.567,-55.64,-357.13,0.0,0.0,42.641,16.077,5.3415,0.0,-38.7,0.3921,20.0,-43.53,0.3882,20.0,-51.0,0.3823,20.0,-72.32,0.3655,20.0,-106.62,0.3413,20.0,-183.76,0.2998,20.0,-317.42,0.2561,20.0,-380.28,0.2421,20.0,-373.59,0.2436,20.0
142,2025-05-23,0.0,0.327242962,0.24,16.13,8.121875,-1.27,0.32724,-1.27,0.32724,-0.014102,-10.268,14.506,-12.006,9.3043,-20.415,-63.866,-72.359,-358.65,0.0,0.0,43.591,17.347,5.3415,0.0,-65.16,0.371,20.0,-67.72,0.369,20.0,-70.97,0.3665,20.0,-78.66,0.3607,20.0,-89.78,0.3526,20.0,-121.56,0.3316,20.0,-257.45,0.2728,20.0,-363.71,0.2458,20.0,-372.91,0.2438,20.0
143,2025-05-24,0.0,0.440749439,-2.24,20.7,9.7015625,0.0,0.44075,1.4985e-06,0.44075,-0.013919,-10.268,14.946,-12.006,9.745,-20.429,-132.53,-121.32,-360.07,0.0,0.0,43.164,17.347,5.3415,0.0,-130.66,0.3265,20.0,-126.77,0.3287,20.0,-121.91,0.3314,20.0,-114.68,0.336,20.0,-113.29,0.3369,20.0,-125.04,0.3298,20.0,-200.55,0.2929,20.0,-324.74,0.2545,20.0,-369.22,0.2446,20.0
144,2025-05-25,0.0,0.486033633,-0.33,25.93,13.89708333,-1.27,0.48603,-1.27,0.48603,-0.013764,-11.538,15.432,-13.276,10.231,-20.443,-81.338,-97.419,-361.28,0.0,0.0,43.949,18.617,5.3415,0.0,-84.28,0.3566,20.0,-89.97,0.3525,20.0,-96.58,0.3478,20.0,-106.67,0.3412,20.0,-114.61,0.3361,20.0,-129.57,0.3272,20.0,-181.57,0.3008,20.0,-277.87,0.2668,20.0,-357.16,0.2473,20.0
145,2025-05-26,0.0,0.521229749,3.09,27.13,16.71635417,0.0,0.52123,-7.3202e-07,0.52123,-0.013677,-11.538,15.954,-13.276,10.752,-20.456,-158.17,-144.56,-361.94,0.0,0.0,43.426,18.617,5.3415,0.0,-156.33,0.3124,20.0,-151.98,0.3145,20.0,-145.89,0.3179,20.0,-135.37,0.3239,20.0,-130.87,0.3265,20.0,-135.61,0.3238,20.0,-173.28,0.3047,20.0,-245.58,0.2763,20.0,-335.14,0.2522,20.0
146,2025-05-27,0.0,0.447268102,5.79,22.92,14.8784375,-1.27,0.44727,-1.27,0.44727,-0.013751,-12.808,16.401,-14.546,11.2,-20.47,-88.048,-109.17,-361.39,0.0,0.0,44.211,19.887,5.3415,0.0,-91.8,0.3511,20.0,-99.48,0.3459,20.0,-108.17,0.3402,20.0,-121.25,0.3318,20.0,-129.65,0.3271,20.0,-139.99,0.3213,20.0,-170.91,0.3058,20.0,-225.87,0.2833,20.0,-309.35,0.2579,20.0
147,2025-05-28,0.0,0.53635322,2.83,25.59,15.8590625,-1.27,0.53635,-1.27,0.53635,-0.014117,-14.078,16.937,-15.816,11.736,-20.484,-79.784,-95.6,-358.49,0.0,0.0,44.961,21.157,5.3415,0.0,-82.6,0.3579,20.0,-88.04,0.3539,20.0,-94.38,0.3494,20.0,-105.21,0.3422,20.0,-114.83,0.336,20.0,-131.19,0.3262,20.0,-166.11,0.308,20.0,-213.38,0.288,20.0,-286.35,0.2644,20.0
148,2025-05-29,0.0,0.564298681,4.54,29.7,18.52677083,0.0,0.5643,4.6566e-07,0.5643,-0.014944,-14.078,17.501,-15.816,12.3,-20.499,-156.35,-143.78,-351.94,0.0,0.0,44.395,21.157,5.3415,0.0,-154.59,0.3129,20.0,-150.61,0.3151,20.0,-145.07,0.3185,20.0,-135.26,0.3242,20.0,-131.03,0.3266,20.0,-134.91,0.3244,20.0,-161.1,0.3104,20.0,-202.49,0.2921,20.0,-267.45,0.2699,20.0
149,2025-05-30,0.0,0.56135598,5.61,25.67,15.97739583,-1.27,0.56136,-1.27,0.56136,-0.016252,-15.348,18.063,-17.086,12.862,-20.515,-90.525,-112.37,-342.01,0.0,0.0,45.087,22.427,5.3415,0.0,-94.66,0.349,20.0,-102.84,0.3437,20.0,-111.75,0.3379,20.0,-124.1,0.3302,20.0,-130.65,0.3266,20.0,-138.27,0.3223,20.0,-159.86,0.3109,20.0,-194.17,0.2952,20.0,-251.09,0.2746,20.0
150,2025-05-31,0.0,0.595047017,1.96,31.57,17.499375,0.0,0.59505,-2.3842e-07,0.59505,-0.018009,-15.348,18.658,-17.086,13.457,-20.532,-179.81,-162.49,-328.3,0.0,0.0,44.486,22.427,5.3415,0.0,-178.03,0.3024,20.0,-173.17,0.3047,20.0,-165.44,0.3083,20.0,-150.68,0.3153,20.0,-142.99,0.3197,20.0,-142.57,0.3199,20.0,-159.55,0.3111,20.0,-188.5,0.2976,20.0,-237.6,0.2789,20.0
151,2025-06-01,0.0,0.470948546,5.57,21.84,15.8215625,0.0,0.47095,-2.0768e-07,0.47095,-0.02014,-15.348,19.129,-17.086,13.928,-20.552,-234.17,-204.23,-311.76,0.0,0.0,43.934,22.427,5.3415,0.0,-232.25,0.2806,20.0,-224.72,0.2835,20.0,-210.64,0.2888,20.0,-181.67,0.3006,20.0,-164.27,0.3089,20.0,-154.61,0.3134,20.0,-162.79,0.3096,20.0,-185.76,0.2989,20.0,-227.66,0.2827,20.0
152,2025-06-02,0.0,0.493284808,2.96,17.71,11.81041667,-3.81,0.49329,-3.81,0.49328,-0.023772,-19.158,19.622,-20.896,14.421,-20.573,-31.35,-49.121,-296.19,0.0,0.0,47.236,26.237,5.3415,0.0,-33.37,0.3964,20.0,-37.88,0.3928,20.0,-44.52,0.3874,20.0,-62.3,0.3732,20.0,-87.61,0.3542,20.0,-131.68,0.326,20.0,-165.18,0.3085,20.0,-184.91,0.2993,20.0,-220.24,0.2854,20.0
153,2025-06-03,0.0,0.335047715,-2.13,16.63,8.421041667,0.0,0.33505,2.4866e-07,0.33505,-0.028696,-19.158,19.957,-20.896,14.756,-20.6,-115.9,-105.87,-279.96,0.0,0.0,46.856,26.237,5.3415,0.0,-114.03,0.3364,20.0,-110.47,0.3387,20.0,-106.44,0.3414,20.0,-100.81,0.345,20.0,-99.96,0.3456,20.0,-108.2,0.3402,20.0,-143.26,0.3196,20.0,-177.31,0.3028,20.0,-213.61,0.2879,20.0
154,2025-06-04,0.0,0.376914818,-2.13,19.05,9.2696875,0.0,0.37692,9.3225e-07,0.37691,-0.033524,-19.158,20.334,-20.896,15.133,-20.632,-152.14,-137.51,-264.05,0.0,0.0,46.462,26.237,5.3415,0.0,-150.24,0.3155,20.0,-145.86,0.3179,20.0,-139.72,0.3214,20.0,-128.18,0.3279,20.0,-121.05,0.3319,20.0,-119.76,0.3328,20.0,-136.68,0.3232,20.0,-165.01,0.3085,20.0,-202.77,0.2919,20.0
155,2025-06-05,0.0,0.450457191,-1.56,22.02,10.6428125,0.0,0.45046,5.7183e-07,0.45046,-0.038413,-19.158,20.785,-20.896,15.583,-20.669,-189.16,-168.25,-247.93,0.0,0.0,46.011,26.237,5.3415,0.0,-187.24,0.2983,20.0,-181.66,0.3009,20.0,-172.41,0.3052,20.0,-153.28,0.314,20.0,-140.67,0.3209,20.0,-133.32,0.3251,20.0,-139.69,0.3215,20.0,-159.86,0.311,20.0,-191.78,0.2961,20.0
156,2025-06-06,0.0,0.391139251,-0.73,22.53,12.44177083,-3.81,0.39114,-3.81,0.39114,-0.046242,-22.968,21.176,-24.706,15.974,-20.712,-27.149,-40.25,-233.26,0.0,0.0,49.367,30.047,5.3415,0.0,-28.69,0.3999,20.0,-32.12,0.3973,20.0,-37.05,0.3935,20.0,-49.75,0.3833,20.0,-67.26,0.3694,20.0,-100.71,0.3451,20.0,-138.72,0.322,20.0,-157.7,0.3119,20.0,-183.59,0.2999,20.0
157,2025-06-07,0.0,0.46648887,3.88,25.47,16.42333333,0.0,0.46649,1.8626e-07,0.46649,-0.056236,-22.968,21.642,-24.706,16.441,-20.764,-112.2,-100.35,-218.71,0.0,0.0,48.86,30.047,5.3415,0.0,-110.31,0.3388,20.0,-106.44,0.3413,20.0,-101.6,0.3445,20.0,-93.59,0.3498,20.0,-89.7,0.3527,20.0,-91.77,0.3512,20.0,-113.77,0.3367,20.0,-142.98,0.3196,20.0,-174.4,0.3041,20.0
158,2025-06-08,0.0,0.625732786,7.31,27.62,17.47083333,0.0,0.62573,6.8918e-08,0.62573,-0.066553,-22.968,22.268,-24.706,17.067,-20.827,-159.33,-139.82,-203.65,0.0,0.0,48.224,30.047,5.3415,0.0,-157.4,0.312,20.0,-152.0,0.3145,20.0,-143.39,0.3193,20.0,-126.27,0.329,20.0,-114.87,0.3359,20.0,-108.32,0.3402,20.0,-114.35,0.3363,20.0,-132.72,0.3255,20.0,-160.54,0.3106,20.0
159,2025-06-09,0.0,0.612712531,3.8,30.58,18.12854167,-3.81,0.61271,-3.81,0.61271,-0.080567,-26.778,22.881,-28.516,17.679,-20.901,-26.225,-37.112,-187.88,0.0,0.0,51.343,33.857,5.3415,0.0,-27.64,0.4007,20.0,-30.69,0.3984,20.0,-34.82,0.3952,20.0,-44.53,0.3875,20.0,-56.81,0.3776,20.0,-79.51,0.3601,20.0,-110.96,0.3384,20.0,-128.88,0.3275,20.0,-150.22,0.3156,20.0
160,2025-06-10,0.0,0.634153739,5.27,31.49,19.64645833,0.0,0.63415,-4.6566e-08,0.63415,-0.10351,-26.778,23.515,-28.516,18.313,-20.994,-114.25,-100.35,-172.37,0.0,0.0,50.618,33.857,5.3415,0.0,-112.34,0.3375,20.0,-108.1,0.3403,20.0,-102.3,0.344,20.0,-91.71,0.3512,20.0,-85.18,0.3559,20.0,-82.83,0.3577,20.0,-93.32,0.3501,20.0,-112.58,0.3374,20.0,-137.4,0.3228,20.0
161,2025-06-11,0.0,0.308985112,6.08,24.81,15.64697917,-2.54,0.30898,-2.54,0.30899,-0.12948,-29.318,23.824,-31.056,18.622,-21.114,-37.89,-46.573,-154.86,0.0,0.0,52.65,36.397,5.3415,0.0,-39.14,0.3918,20.0,-41.71,0.3897,20.0,-45.03,0.387,20.0,-52.17,0.3813,20.0,-59.66,0.3753,20.0,-71.01,0.3665,20.0,-88.52,0.3536,20.0,-104.06,0.3429,20.0,-123.72,0.3304,20.0
162,2025-06-12,0.11,0.363409941,6.32,24.97,14.3690625,-0.11,0.36341,-0.11,0.36341,-0.17909,-29.428,24.187,-31.166,18.986,-21.273,-97.092,-88.149,-136.96,0.0,0.0,52.251,36.507,5.3415,0.0,-95.75,0.3482,20.0,-92.94,0.3502,20.0,-89.32,0.3529,20.0,-82.77,0.3577,20.0,-78.43,0.3608,20.0,-76.52,0.3623,20.0,-82.43,0.358,20.0,-93.67,0.3499,20.0,-110.22,0.3389,20.0
163,2025-06-13,0.0,0.351024757,3.95,22.42,13.61958333,0.0,0.35102,-8.0932e-07,0.35102,-0.23461,-29.428,24.538,-31.166,19.337,-21.489,-129.88,-115.47,-119.62,0.0,0.0,51.68,36.507,5.3415,0.0,-127.91,0.3281,20.0,-123.55,0.3305,20.0,-117.62,0.3341,20.0,-106.39,0.3414,20.0,-97.98,0.3469,20.0,-90.91,0.3518,20.0,-88.39,0.3537,20.0,-92.83,0.3505,20.0,-102.54,0.344,20.0
164,2025-06-14,0.0,0.48680227,5.0,26.63,15.96947917,0.0,0.4868,4.9919e-07,0.4868,-0.29324,-29.428,25.025,-31.166,19.824,-21.77,-160.64,-141.44,-109.19,0.0,0.0,50.98,36.507,5.3415,0.0,-158.68,0.3115,20.0,-153.39,0.314,20.0,-145.06,0.3185,20.0,-128.08,0.328,20.0,-115.29,0.3356,20.0,-104.07,0.3429,20.0,-96.24,0.348,20.0,-96.45,0.3479,20.0,-100.65,0.3451,20.0
165,2025-06-15,0.0,0.487136385,2.84,26.82,15.7425,-2.54,0.48714,-2.54,0.48714,-0.32363,-31.968,25.512,-33.706,20.311,-22.085,-46.181,-61.671,-104.0,0.0,0.0,52.718,39.047,5.3415,0.0,-48.43,0.3842,20.0,-53.09,0.3805,20.0,-59.17,0.3757,20.0,-71.42,0.3662,20.0,-82.74,0.3578,20.0,-94.28,0.3494,20.0,-99.51,0.3459,20.0,-99.75,0.3457,20.0,-100.94,0.345,20.0
166,2025-06-16,0.29,0.231767569,6.25,21.52,12.75614583,-0.29,0.23177,-0.29,0.23177,-0.33616,-32.258,25.744,-33.996,20.543,-22.417,-94.903,-91.347,-101.83,0.0,0.0,52.394,39.337,5.3415,0.0,-94.45,0.3492,20.0,-93.41,0.3499,20.0,-91.9,0.351,20.0,-89.04,0.3531,20.0,-87.48,0.3543,20.0,-87.99,0.354,20.0,-92.75,0.3505,20.0,-96.85,0.3476,20.0,-99.61,0.3458,20.0
167,2025-06-17,0.0,0.503614087,3.06,25.77,14.04641304,0.0,0.50361,-1.1148e-06,0.50361,-0.3482,-32.258,26.247,-33.996,21.046,-22.761,-139.62,-123.95,-99.759,0.0,0.0,51.637,39.337,5.3415,0.0,-137.7,0.3225,20.0,-133.13,0.3251,20.0,-126.5,0.3288,20.0,-113.7,0.3366,20.0,-104.7,0.3425,20.0,-97.57,0.3472,20.0,-94.36,0.3494,20.0,-95.39,0.3486,20.0,-97.44,0.3472,20.0
168,2025-06-18,0.0,0.556839648,3.02,27.72,16.18760417,0.0,0.55684,1.6298e-07,0.55684,-0.35601,-32.258,26.804,-33.996,21.603,-23.116,-179.74,-156.34,-98.484,0.0,0.0,50.752,39.337,5.3415,0.0,-177.76,0.3027,20.0,-171.66,0.3056,20.0,-161.16,0.3104,20.0,-139.36,0.3217,20.0,-123.79,0.3304,20.0,-110.6,0.3387,20.0,-100.81,0.3451,20.0,-98.2,0.3468,20.0,-97.82,0.347,20.0
169,2025-06-19,0.16,0.590879222,3.54,29.49,17.8815625,-0.16,0.59088,-0.16,0.59088,-0.35454,-32.418,27.395,-34.156,22.194,-23.471,-193.41,-179.14,-98.681,0.0,0.0,49.977,39.497,5.3415,0.0,-195.56,0.2946,20.0,-195.08,0.2948,20.0,-186.73,0.2984,20.0,-161.5,0.3101,20.0,-141.07,0.3207,20.0,-123.27,0.3307,20.0,-108.4,0.3401,20.0,-102.77,0.3438,20.0,-100.05,0.3455,20.0
170,2025-06-20,1.29,0.244679759,7.41,19.84,12.35770833,-1.29,0.24468,-1.29,0.24468,-0.34393,-33.708,27.64,-35.446,22.439,-23.819,-91.486,-117.08,-100.48,0.0,0.0,50.559,40.787,5.3415,0.0,-95.87,0.3483,20.0,-104.8,0.3424,20.0,-115.31,0.3356,20.0,-130.54,0.3266,20.0,-134.15,0.3246,20.0,-128.29,0.3279,20.0,-115.11,0.3357,20.0,-107.94,0.3404,20.0,-103.55,0.3433,20.0
171,2025-06-21,0.07,0.301356659,2.21,14.01,8.519375,-0.07,0.30136,-0.07,0.30136,-0.32773,-33.778,27.941,-35.516,22.74,-24.153,-149.15,-141.54,-103.3,0.0,0.0,50.013,40.857,5.3415,0.0,-148.22,0.3164,20.0,-146.02,0.3177,20.0,-142.83,0.3196,20.0,-136.51,0.3233,20.0,-131.77,0.326,20.0,-126.66,0.3288,20.0,-118.18,0.3337,20.0,-111.92,0.3378,20.0,-107.2,0.3409,20.0
172,2025-06-22,0.27,0.153096602,1.49,9.19,5.7315625,-0.27,0.1531,-0.27,0.1531,-0.31003,-34.048,28.094,-35.786,22.893,-24.469,-141.15,-142.7,-106.36,0.0,0.0,49.765,41.127,5.3415,0.0,-142.33,0.3201,20.0,-143.91,0.3192,20.0,-144.28,0.319,20.0,-141.14,0.3207,20.0,-136.23,0.3234,20.0,-129.56,0.3272,20.0,-120.66,0.3322,20.0,-114.95,0.3358,20.0,-110.4,0.3388,20.0
173,2025-06-23,0.0,0.331015608,-0.44,18.36,8.858020833,0.0,0.33102,1.397e-07,0.33102,-0.29302,-34.048,28.425,-35.786,23.224,-24.766,-178.75,-163.47,-109.32,0.0,0.0,49.225,41.127,5.3415,0.0,-176.89,0.303,20.0,-172.56,0.3051,20.0,-166.23,0.308,20.0,-153.2,0.3141,20.0,-143.32,0.3195,20.0,-133.87,0.3248,20.0,-123.59,0.3305,20.0,-117.78,0.334,20.0,-113.33,0.3369,20.0
174,2025-06-24,0.0,0.594277928,0.3,24.56,12.04271429,0.0,0.59428,-1.1455e-07,0.59428,-0.27666,-34.048,29.02,-35.786,23.818,-25.047,-227.15,-198.3,-112.16,0.0,0.0,48.482,41.127,5.3415,0.0,-225.32,0.2836,20.0,-218.19,0.2863,20.0,-204.69,0.2913,20.0,-176.39,0.3032,20.0,-157.17,0.3122,20.0,-141.41,0.3205,20.0,-127.61,0.3283,20.0,-120.88,0.332,20.0,-116.24,0.335,20.0
175,2025-06-25,0.0,0.493585895,4.21,26.01,15.99461538,0.0,0.49359,2.9244e-07,0.49359,-0.26047,-34.048,29.513,-35.786,24.312,-25.311,-287.19,-240.16,-114.97,0.0,0.0,47.674,41.127,5.3415,0.0,-285.15,0.2645,20.0,-273.77,0.2679,20.0,-250.31,0.2748,20.0,-204.07,0.2914,20.0,-174.61,0.304,20.0,-151.63,0.3148,20.0,-132.95,0.3253,20.0,-124.65,0.3299,20.0,-119.33,0.333,20.0
176,2025-06-26,0.0,0.380124045,8.85,24.75,15.98258065,0.0,0.38012,-2.1607e-07,0.38012,-0.24382,-34.048,29.893,-35.786,24.692,-25.559,-336.95,-274.58,-117.85,0.0,0.0,46.989,41.127,5.3415,0.0,-334.51,0.2523,20.0,-318.68,0.2558,20.0,-286.7,0.2642,20.0,-227.34,0.2828,20.0,-190.92,0.2965,20.0,-162.38,0.3098,20.0,-139.02,0.3219,20.0,-129.02,0.3275,20.0,-122.73,0.331,20.0
177,2025-06-27,0.0,0.431672322,7.67,23.55,15.8775,0.0,0.43167,-1.3085e-07,0.43167,-0.2276,-34.048,30.325,-35.786,25.124,-25.791,-389.55,-310.09,-120.89,0.0,0.0,46.351,41.127,5.3415,0.0,-387.31,0.2408,20.0,-367.16,0.2452,20.0,-325.8,0.2544,20.0,-249.77,0.2751,20.0,-205.97,0.2908,20.0,-172.44,0.3051,20.0,-145.36,0.3183,20.0,-133.78,0.3248,20.0,-126.53,0.3289,20.0
178,2025-06-28,0.0,0.40066826,5.85,23.29,15.03555556,0.0,0.40067,-7.5437e-08,0.40067,-0.21707,-34.048,30.726,-35.786,25.524,-26.01,-462.57,-352.88,-124.36,0.0,0.0,45.715,41.127,5.3415,0.0,-460.11,0.2285,20.0,-430.85,0.2334,20.0,-369.97,0.2444,20.0,-272.54,0.2683,20.0,-220.43,0.2853,20.0,-182.15,0.3005,20.0,-151.75,0.3147,20.0,-138.72,0.322,20.0,-130.59,0.3266,20.0
179,2025-06-29,0.0,0.530882326,1.74,25.71,14.42888889,0.0,0.53088,-3.3528e-08,0.51717,-0.20609,-34.048,31.257,-35.786,26.048,-26.219,-586.26,-417.51,-128.0,0.0,0.0,45.041,41.127,5.3415,0.0,-585.92,0.2122,20.0,-536.03,0.2183,20.0,-437.22,0.2324,20.0,-298.81,0.2607,20.0,-235.11,0.2798,20.0,-191.81,0.2961,20.0,-158.14,0.3117,20.0,-143.72,0.3192,20.0,-134.81,0.3242,20.0
180,2025-06-30,0.0,0.575795,2.28,31.97,19.16157895,0.0,0.57579,1.8626e-09,0.50213,-0.19479,-34.048,31.832,-35.786,26.568,-26.417,-802.43,-519.84,-131.74,0.0,0.0,44.316,41.127,5.3415,0.0,-807.76,0.1922,20.0,-715.38,0.1996,20.0,-539.02,0.2178,20.0,-331.88,0.2529,20.0,-251.72,0.2744,20.0,-201.69,0.2924,20.0,-164.41,0.3088,20.0,-148.73,0.3164,20.0,-139.11,0.3218,20.0
181,2025-07-01,0.0,0.753216786,7.08,33.22,22.69613636,0.0,0.75322,9.3132e-10,0.49303,-0.18331,-34.048,32.586,-35.786,27.107,-26.603,-1118.2,-673.52,-135.55,0.0,0.0,43.586,41.127,5.3415,0.0,-1141.47,0.1737,20.0,-1004.86,0.18,20.0,-693.8,0.2016,20.0,-370.22,0.2443,20.0,-268.76,0.2695,20.0,-211.47,0.2887,20.0,-170.6,0.3059,20.0,-153.75,0.3138,20.0,-143.42,0.3194,20.0
182,2025-07-02,0.04,0.394220692,6.74,32.72,18.53029412,-0.04,0.39422,-0.04,0.27164,-0.17178,-34.088,32.98,-35.826,27.38,-26.779,-1021.3,-727.17,-139.37,0.0,0.0,43.103,41.167,5.3415,0.0,-1153.57,0.1731,20.0,-1118.95,0.1747,20.0,-769.16,0.1948,20.0,-398.81,0.2388,20.0,-285.04,0.2647,20.0,-221.19,0.2851,20.0,-176.76,0.3031,20.0,-158.79,0.3114,20.0,-147.73,0.317,20.0
183,2025-07-03,0.0,0.677820975,9.99,29.98,19.54611111,0.0,0.67782,-2.3749e-08,0.34445,-0.16032,-34.088,33.658,-35.826,27.75,-26.942,-1339.2,-820.07,-143.17,0.0,0.0,42.607,41.167,5.3415,0.0,-1369.22,0.1649,20.0,-1256.3,0.1686,20.0,-869.87,0.1882,20.0,-428.05,0.2339,20.0,-299.32,0.2605,20.0,-230.35,0.2816,20.0,-182.82,0.3002,20.0,-163.75,0.3091,20.0,-152.0,0.3146,20.0
184,2025-07-04,0.64,0.305021032,4.63,21.1,13.15307692,-0.64,0.30502,-0.64,0.2973,-0.14898,-34.728,33.963,-36.466,28.023,-27.095,-296.62,-557.35,-146.93,0.0,0.0,42.803,41.807,5.3415,0.0,-359.1,0.2468,20.0,-582.95,0.2124,20.0,-801.78,0.1926,20.0,-446.0,0.2309,20.0,-313.6,0.257,20.0,-239.38,0.2783,20.0,-188.84,0.2974,20.0,-168.64,0.3068,20.0,-156.3,0.3126,20.0
185,2025-07-05,0.0,0.33924078,3.58,20.42,11.7274,0.0,0.33924,1.5832e-08,0.33072,-0.13778,-34.728,34.302,-36.466,28.356,-27.237,-639.73,-598.61,-150.64,0.0,0.0,42.334,41.807,5.3415,0.0,-652.66,0.2051,20.0,-702.55,0.2008,20.0,-712.24,0.2,20.0,-453.14,0.2297,20.0,-324.25,0.2546,20.0,-247.91,0.2756,20.0,-194.79,0.2949,20.0,-173.44,0.3046,20.0,-160.55,0.3106,20.0
186,2025-07-06,0.0,0.626994108,3.36,26.19,17.33482759,0.0,0.62699,3.7253e-09,0.41786,-0.1298,-34.728,34.929,-36.466,28.822,-27.369,-981.09,-745.91,-154.62,0.0,0.0,41.765,41.807,5.3415,0.0,-1014.08,0.1795,20.0,-1006.2,0.1799,20.0,-847.6,0.1896,20.0,-477.7,0.2257,20.0,-334.6,0.2523,20.0,-255.6,0.2733,20.0,-200.47,0.2928,20.0,-178.15,0.3024,20.0,-164.77,0.3086,20.0
187,2025-07-07,0.0,0.659395198,5.14,29.83,20.32442857,0.0,0.65939,-3.2596e-09,0.28754,-0.12392,-34.728,35.588,-36.466,29.139,-27.494,-1329.2,-912.96,-158.59,0.0,0.0,41.258,41.807,5.3415,0.0,-1366.52,0.1648,20.0,-1323.67,0.1663,20.0,-1033.38,0.1786,20.0,-512.68,0.221,20.0,-346.84,0.2496,20.0,-263.06,0.2711,20.0,-205.87,0.2908,20.0,-182.75,0.3003,20.0,-168.94,0.3067,20.0
188,2025-07-08,0.0,0.61209929,5.6,33.09,20.42114583,0.0,0.6121,3.7253e-09,0.20995,-0.1182,-34.728,36.2,-36.466,29.36,-27.614,-1492.8,-1005.1,-162.45,0.0,0.0,40.878,41.807,5.3415,0.0,-1509.3,0.1601,20.0,-1465.88,0.1616,20.0,-1160.89,0.1726,20.0,-542.56,0.2173,20.0,-359.27,0.2468,20.0,-270.45,0.269,20.0,-211.11,0.2888,20.0,-187.28,0.2982,20.0,-173.05,0.3048,20.0
189,2025-07-09,0.0,0.601312182,7.76,32.53,21.39895833,0.0,0.60131,-1.1991e-08,0.1787,-0.1126,-34.728,36.802,-36.466,29.545,-27.728,-1555.3,-1053.3,-166.23,0.0,0.0,40.564,41.807,5.3415,0.0,-1560.61,0.1586,20.0,-1518.52,0.1599,20.0,-1237.13,0.1693,20.0,-568.17,0.2142,20.0,-371.29,0.2441,20.0,-277.71,0.2669,20.0,-216.21,0.2869,20.0,-191.75,0.2961,20.0,-177.07,0.3029,20.0
190,2025-07-10,0.0,0.561792526,6.26,25.48,18.24229167,0.0,0.56179,6.2864e-09,0.15416,-0.10713,-34.728,37.363,-36.466,29.701,-27.836,-1583.8,-1081.7,-169.91,0.0,0.0,40.286,41.807,5.3415,0.0,-1583.08,0.1581,20.0,-1540.54,0.1592,20.0,-1281.22,0.1678,20.0,-589.83,0.2115,20.0,-382.88,0.2416,20.0,-284.81,0.2648,20.0,-221.2,0.2851,20.0,-196.18,0.2944,20.0,-181.02,0.3011,20.0
191,2025-07-11,0.0,0.596969837,4.76,27.01,16.7203125,-1.27,0.59697,-1.27,0.51962,-0.10177,-35.998,37.96,-37.736,30.095,-27.94,-185.0,-597.63,-173.54,0.0,0.0,41.073,43.077,5.3415,0.0,-217.89,0.2863,20.0,-338.66,0.2514,20.0,-825.6,0.1911,20.0,-612.25,0.2088,20.0,-394.26,0.2395,20.0,-291.83,0.2627,20.0,-226.15,0.2832,20.0,-200.55,0.2928,20.0,-184.92,0.2993,20.0
192,2025-07-12,0.0,0.550081732,3.54,30.0,17.69802083,-2.54,0.55008,-2.54,0.55008,-0.096541,-38.538,38.511,-40.276,30.629,-28.039,-77.237,-209.42,-177.07,0.0,0.0,42.982,45.617,5.3415,0.0,-84.78,0.3562,20.0,-104.12,0.3429,20.0,-141.15,0.3206,20.0,-332.76,0.2527,20.0,-396.23,0.2392,20.0,-298.69,0.2607,20.0,-231.02,0.2814,20.0,-204.78,0.2912,20.0,-188.78,0.2975,20.0
193,2025-07-13,0.0,0.632479003,6.14,32.29,20.24583333,0.0,0.63248,-1.6578e-07,0.63248,-0.091434,-38.538,39.143,-40.276,31.261,-28.133,-255.32,-262.51,-180.51,0.0,0.0,42.262,45.617,5.3415,0.0,-254.59,0.2736,20.0,-253.89,0.2738,20.0,-255.12,0.2735,20.0,-271.64,0.2687,20.0,-303.2,0.2596,20.0,-295.89,0.2615,20.0,-235.71,0.2796,20.0,-208.91,0.2897,20.0,-192.58,0.2958,20.0
194,2025-07-14,0.0,0.593034686,7.33,32.53,21.64125,-4.445,0.59303,-4.445,0.59303,-0.086438,-42.983,39.736,-44.721,31.855,-28.222,-28.095,-53.159,-183.88,0.0,0.0,46.022,50.062,5.3415,0.0,-30.41,0.3987,20.0,-35.72,0.3945,20.0,-44.06,0.3878,20.0,-70.31,0.367,20.0,-124.39,0.3301,20.0,-257.0,0.2729,20.0,-239.19,0.2783,20.0,-212.85,0.2882,20.0,-196.33,0.2944,20.0
195,2025-07-15,0.15,0.21365368,11.59,16.53,13.84166667,-0.15,0.21365,-0.15,0.21365,-0.081553,-43.133,39.95,-44.871,32.068,-28.305,-111.29,-109.34,-187.18,0.0,0.0,45.849,50.212,5.3415,0.0,-110.45,0.3388,20.0,-109.11,0.3396,20.0,-108.13,0.3403,20.0,-109.55,0.3393,20.0,-117.96,0.3339,20.0,-151.59,0.3148,20.0,-224.43,0.2839,20.0,-215.25,0.2873,20.0,-199.85,0.293,20.0
196,2025-07-16,0.0,0.521434041,8.41,26.15,16.5990625,0.0,0.52143,-8.0001e-07,0.52143,-0.076876,-43.133,40.471,-44.871,32.59,-28.384,-167.65,-152.94,-190.33,0.0,0.0,45.326,50.212,5.3415,0.0,-165.83,0.3081,20.0,-161.47,0.3101,20.0,-155.19,0.313,20.0,-144.55,0.3187,20.0,-141.12,0.3207,20.0,-151.78,0.3148,20.0,-194.94,0.2949,20.0,-208.97,0.2896,20.0,-201.56,0.2924,20.0
197,2025-07-17,0.0,0.548555058,4.18,28.94,18.15791667,-5.08,0.54856,-5.08,0.54856,-0.073641,-48.213,41.02,-49.951,33.138,-28.458,-14.634,-23.175,-193.37,0.0,0.0,49.792,55.292,5.3415,0.0,-15.58,0.4093,20.0,-17.64,0.4079,20.0,-20.64,0.4059,20.0,-28.68,0.4,20.0,-41.32,0.39,20.0,-75.79,0.3628,20.0,-166.02,0.3081,20.0,-197.44,0.2939,20.0,-200.35,0.2929,20.0
198,2025-07-18,0.0,0.61502015,4.45,30.84,18.796875,0.0,0.61502,1.4342e-07,0.61502,-0.072365,-48.213,41.635,-49.951,33.753,-28.531,-107.6,-94.414,-195.23,0.0,0.0,49.111,55.292,5.3415,0.0,-105.69,0.3419,20.0,-101.63,0.3445,20.0,-96.37,0.3479,20.0,-87.25,0.3545,20.0,-82.04,0.3582,20.0,-82.69,0.3577,20.0,-108.83,0.3398,20.0,-156.1,0.3127,20.0,-190.04,0.2969,20.0
199,2025-07-19,0.0,0.468635658,7.33,26.95,18.2753125,0.0,0.46864,1.0803e-07,0.46864,-0.074182,-48.213,42.103,-49.951,34.222,-28.605,-145.67,-128.43,-192.63,0.0,0.0,48.532,55.292,5.3415,0.0,-143.73,0.3192,20.0,-138.99,0.3219,20.0,-131.95,0.3258,20.0,-117.95,0.3339,20.0,-108.3,0.3402,20.0,-102.48,0.3439,20.0,-110.6,0.3387,20.0,-134.46,0.3244,20.0,-167.43,0.3074,20.0
200,2025-07-20,0.0,0.473819086,5.85,26.91,17.39354167,0.0,0.47382,-6.5193e-08,0.47382,-0.086042,-48.213,42.577,-49.951,34.696,-28.687,-180.6,-157.94,-184.03,0.0,0.0,47.978,55.292,5.3415,0.0,-178.62,0.3022,20.0,-172.89,0.3049,20.0,-163.28,0.3094,20.0,-143.19,0.3195,20.0,-128.92,0.3275,20.0,-118.19,0.3337,20.0,-117.97,0.3339,20.0,-131.25,0.3263,20.0,-153.44,0.314,20.0
201,2025-07-21,0.25,0.344283405,11.99,25.3,17.11568182,-0.25,0.34428,-0.25,0.34428,-0.10326,-48.463,42.921,-50.201,35.04,-28.784,-166.68,-164.06,-172.58,0.0,0.0,47.744,55.542,5.3415,0.0,-168.98,0.3068,20.0,-171.19,0.3058,20.0,-169.41,0.3065,20.0,-156.91,0.3123,20.0,-143.68,0.3192,20.0,-131.52,0.326,20.0,-126.18,0.3291,20.0,-132.51,0.3255,20.0,-146.56,0.3177,20.0
202,2025-07-22,0.0,0.454225928,7.1,24.57,16.0628125,-3.9116,0.45423,-3.9116,0.45423,-0.11931,-52.374,43.376,-54.112,35.494,-28.897,-25.811,-38.789,-161.71,0.0,0.0,51.125,59.454,5.3415,0.0,-27.28,0.401,20.0,-30.54,0.3985,20.0,-35.18,0.3949,20.0,-47.04,0.3855,20.0,-63.27,0.3725,20.0,-93.99,0.3496,20.0,-126.11,0.3291,20.0,-134.31,0.3245,20.0,-143.7,0.3192,20.0
203,2025-07-23,0.0,0.509562872,3.53,25.36,14.95802083,0.0,0.50956,9.4622e-07,0.50956,-0.13184,-52.374,43.885,-54.112,36.004,-29.024,-111.48,-98.896,-153.26,0.0,0.0,50.496,59.454,5.3415,0.0,-109.58,0.3393,20.0,-105.66,0.3419,20.0,-100.68,0.3451,20.0,-92.18,0.3508,20.0,-87.43,0.3543,20.0,-87.57,0.3542,20.0,-102.79,0.3438,20.0,-121.38,0.3318,20.0,-137.56,0.3227,20.0
204,2025-07-24,0.0,0.554598221,1.96,29.03,16.64625,0.0,0.5546,-3.39e-07,0.5546,-0.15496,-52.374,44.44,-54.112,36.558,-29.171,-153.25,-134.46,-144.94,0.0,0.0,49.81,59.454,5.3415,0.0,-151.32,0.3149,20.0,-146.31,0.3177,20.0,-138.55,0.3221,20.0,-122.72,0.331,20.0,-111.49,0.3381,20.0,-103.74,0.3431,20.0,-104.93,0.3424,20.0,-114.18,0.3364,20.0,-127.93,0.3281,20.0
205,2025-07-25,0.0,0.553093414,3.79,31.14,19.04239583,0.0,0.55309,-4.7404e-07,0.55309,-0.18152,-52.374,44.993,-54.112,37.111,-29.346,-194.79,-167.99,-136.28,0.0,0.0,49.081,59.454,5.3415,0.0,-192.81,0.2957,20.0,-186.22,0.2986,20.0,-174.65,0.304,20.0,-150.0,0.3157,20.0,-132.59,0.3254,20.0,-118.75,0.3334,20.0,-112.05,0.3378,20.0,-115.1,0.3358,20.0,-123.31,0.3307,20.0
206,2025-07-26,0.0,0.502654221,5.42,31.09,18.05989583,0.0,0.50265,2.1653e-07,0.50265,-0.20087,-52.374,45.496,-54.112,37.614,-29.542,-237.74,-201.07,-129.9,0.0,0.0,48.357,59.454,5.3415,0.0,-235.69,0.2795,20.0,-227.06,0.2828,20.0,-210.57,0.289,20.0,-175.68,0.3035,20.0,-151.84,0.3146,20.0,-132.77,0.3253,20.0,-119.9,0.3326,20.0,-118.61,0.3335,20.0,-122.27,0.3313,20.0
207,2025-07-27,0.18,0.407382004,8.15,29.07,17.21708333,-6.53,0.40738,-6.53,0.40738,-0.21259,-58.904,45.903,-60.642,38.021,-29.75,-5.0223,-8.8025,-125.85,0.0,0.0,54.261,65.984,5.3415,0.0,-5.4,0.4147,20.0,-6.25,0.4144,20.0,-7.54,0.4138,20.0,-11.34,0.4118,20.0,-17.87,0.4078,20.0,-37.33,0.3933,20.0,-101.4,0.3447,20.0,-120.69,0.3321,20.0,-122.87,0.3309,20.0
208,2025-07-28,0.03,0.450563915,7.22,29.92,18.1759375,-0.03,0.45056,-0.029999,0.45056,-0.22874,-58.934,46.354,-60.672,38.472,-29.969,-89.338,-77.57,-120.56,0.0,0.0,53.624,66.014,5.3415,0.0,-87.54,0.3543,20.0,-83.89,0.3569,20.0,-79.34,0.3602,20.0,-71.28,0.3663,20.0,-65.56,0.3707,20.0,-61.68,0.3737,20.0,-66.18,0.3702,20.0,-80.42,0.3594,20.0,-100.88,0.345,20.0
209,2025-07-29,0.0,0.561344848,6.37,31.91,20.84928571,0.0,0.56134,6.5193e-07,0.56134,-0.32362,-58.934,46.915,-60.672,39.033,-30.261,-127.77,-110.89,-104.25,0.0,0.0,52.799,66.014,5.3415,0.0,-125.81,0.3292,20.0,-121.13,0.3318,20.0,-114.31,0.3362,20.0,-100.74,0.345,20.0,-90.39,0.3521,20.0,-81.35,0.3587,20.0,-76.77,0.3621,20.0,-80.26,0.3596,20.0,-88.62,0.3536,20.0
210,2025-07-30,0.08,0.592578831,6.36,30.27,20.4996875,-0.08,0.59258,-0.08,0.59258,-0.40033,-59.014,47.507,-60.752,39.626,-30.636,-155.45,-138.06,-92.984,0.0,0.0,51.922,66.094,5.3415,0.0,-154.64,0.3133,20.0,-150.95,0.3151,20.0,-143.35,0.3194,20.0,-125.37,0.3295,20.0,-110.87,0.3385,20.0,-97.69,0.347,20.0,-87.54,0.3542,20.0,-85.6,0.3557,20.0,-87.36,0.3544,20.0
211,2025-07-31,0.23,0.488127575,7.45,31.23,18.605625,-0.23,0.48813,-0.23,0.48813,-0.43026,-59.244,47.996,-60.982,40.114,-31.061,-159.53,-151.55,-89.954,0.0,0.0,51.204,66.324,5.3415,0.0,-161.12,0.3104,20.0,-161.65,0.3101,20.0,-157.59,0.312,20.0,-141.51,0.3205,20.0,-126.27,0.329,20.0,-110.92,0.3384,20.0,-97.01,0.3475,20.0,-91.9,0.3511,20.0,-89.93,0.3525,20.0
212,2025-08-01,0.27,0.465316653,8.26,28.35,17.57927083,-0.27,0.46532,-0.27,0.46532,-0.41486,-59.514,48.461,-61.252,40.579,-31.481,-164.07,-160.72,-91.411,0.0,0.0,50.577,66.594,5.3415,0.0,-166.59,0.3078,20.0,-168.94,0.3067,20.0,-166.8,0.3077,20.0,-152.45,0.3144,20.0,-137.16,0.3229,20.0,-121.04,0.3319,20.0,-105.1,0.3422,20.0,-97.94,0.3469,20.0,-93.98,0.3496,20.0
213,2025-08-02,0.12,0.424560844,7.81,25.45,16.4190625,-0.12,0.42456,-0.12,0.42456,-0.38388,-59.634,48.886,-61.372,41.004,-31.876,-191.22,-178.57,-94.394,0.0,0.0,49.864,66.714,5.3415,0.0,-192.28,0.2959,20.0,-191.39,0.2963,20.0,-185.3,0.2991,20.0,-165.95,0.3081,20.0,-148.0,0.3168,20.0,-130.2,0.3268,20.0,-112.38,0.3375,20.0,-103.85,0.3431,20.0,-98.44,0.3466,20.0
214,2025-08-03,0.0,0.504226213,4.9,28.47,17.19583333,0.0,0.50423,-1.7695e-08,0.50423,-0.35677,-59.634,49.39,-61.372,41.508,-32.239,-243.4,-209.68,-98.287,0.0,0.0,49.037,66.714,5.3415,0.0,-241.54,0.2775,20.0,-233.92,0.2804,20.0,-219.11,0.286,20.0,-185.71,0.299,20.0,-161.4,0.3103,20.0,-139.5,0.3216,20.0,-119.21,0.3331,20.0,-109.58,0.3393,20.0,-103.26,0.3435,20.0
215,2025-08-04,0.34,0.332659041,6.56,27.61,15.61864583,-0.34,0.33266,-0.34,0.33266,-0.33198,-59.974,49.722,-61.712,41.841,-32.579,-192.79,-201.9,-102.56,0.0,0.0,48.647,67.054,5.3415,0.0,-199.7,0.2933,20.0,-209.34,0.2896,20.0,-211.79,0.2886,20.0,-194.08,0.2952,20.0,-171.77,0.3054,20.0,-148.5,0.3165,20.0,-125.99,0.3292,20.0,-115.26,0.3356,20.0,-108.2,0.3402,20.0
216,2025-08-05,0.0,0.452522411,6.48,25.5,16.09833333,0.0,0.45252,3.0082e-07,0.45252,-0.30636,-59.974,50.175,-61.712,42.293,-32.892,-261.94,-230.07,-107.0,0.0,0.0,47.941,67.054,5.3415,0.0,-260.23,0.272,20.0,-253.47,0.274,20.0,-239.54,0.2782,20.0,-207.13,0.2903,20.0,-180.64,0.3012,20.0,-156.21,0.3126,20.0,-132.29,0.3256,20.0,-120.71,0.3321,20.0,-113.14,0.337,20.0
217,2025-08-06,0.0,0.398447234,5.11,28.07,17.58989583,0.0,0.39845,4.61e-08,0.39845,-0.28087,-59.974,50.573,-61.712,42.692,-33.179,-314.1,-263.29,-111.42,0.0,0.0,47.229,67.054,5.3415,0.0,-312.05,0.2572,20.0,-300.34,0.2601,20.0,-276.89,0.267,20.0,-227.09,0.2828,20.0,-193.28,0.2955,20.0,-164.58,0.3087,20.0,-138.39,0.3222,20.0,-126.01,0.3292,20.0,-117.93,0.3339,20.0
218,2025-08-07,0.93,0.154506669,3.17,15.36,10.65229167,-3.47,0.15451,-3.47,0.15451,-0.25585,-63.444,50.728,-65.182,42.846,-33.446,-36.193,-60.354,-115.77,0.0,0.0,50.25,70.524,5.3415,0.0,-38.55,0.3922,20.0,-43.92,0.3879,20.0,-52.35,0.3812,20.0,-76.83,0.362,20.0,-113.07,0.3371,20.0,-154.22,0.3135,20.0,-144.01,0.3191,20.0,-131.24,0.3262,20.0,-122.63,0.331,20.0
219,2025-08-08,0.05,0.212148356,4.1,18.02,11.209375,-0.05,0.21215,-0.05,0.21215,-0.23216,-63.494,50.94,-65.232,43.058,-33.688,-114.62,-107.71,-119.87,0.0,0.0,49.851,70.574,5.3415,0.0,-113.11,0.3369,20.0,-110.44,0.3387,20.0,-107.75,0.3404,20.0,-104.98,0.3423,20.0,-106.33,0.3415,20.0,-115.56,0.3356,20.0,-132.74,0.3254,20.0,-132.19,0.3257,20.0,-126.35,0.329,20.0
220,2025-08-09,0.0,0.409016094,3.87,23.91,13.92083333,0.0,0.40902,-4.7311e-07,0.40902,-0.22079,-63.494,51.349,-65.232,43.467,-33.912,-154.18,-139.43,-123.07,0.0,0.0,49.267,70.574,5.3415,0.0,-152.29,0.3143,20.0,-148.03,0.3167,20.0,-142.1,0.32,20.0,-130.9,0.3264,20.0,-123.54,0.3305,20.0,-120.62,0.3322,20.0,-125.32,0.3296,20.0,-127.83,0.3281,20.0,-126.59,0.3288,20.0
221,2025-08-10,0.0,0.450323785,5.62,26.84,16.74104167,0.0,0.45032,-2.5984e-07,0.45032,-0.21622,-63.494,51.799,-65.232,43.918,-34.129,-191.56,-169.73,-124.6,0.0,0.0,48.621,70.574,5.3415,0.0,-189.64,0.2971,20.0,-184.12,0.2997,20.0,-174.95,0.3039,20.0,-155.48,0.313,20.0,-141.46,0.3205,20.0,-131.19,0.3263,20.0,-126.6,0.3289,20.0,-126.48,0.3289,20.0,-126.05,0.3291,20.0
222,2025-08-11,0.0,0.392331928,7.58,28.6,18.37322917,0.0,0.39233,4.2841e-08,0.39233,-0.21398,-63.494,52.192,-65.232,44.31,-34.344,-227.44,-198.04,-125.39,0.0,0.0,47.985,70.574,5.3415,0.0,-225.42,0.2833,20.0,-218.44,0.286,20.0,-205.65,0.2908,20.0,-178.0,0.3024,20.0,-158.3,0.3116,20.0,-142.08,0.3201,20.0,-130.99,0.3264,20.0,-127.87,0.3281,20.0,-126.48,0.3289,20.0
223,2025-08-12,0.0,0.49694057,7.33,31.63,19.173125,0.0,0.49694,-4.5635e-08,0.49694,-0.21147,-63.494,52.689,-65.232,44.807,-34.556,-272.3,-230.61,-126.22,0.0,0.0,47.328,70.574,5.3415,0.0,-270.32,0.2691,20.0,-260.66,0.2719,20.0,-241.16,0.2776,20.0,-201.69,0.2924,20.0,-174.42,0.3041,20.0,-152.83,0.3142,20.0,-136.55,0.3232,20.0,-130.83,0.3265,20.0,-127.99,0.3281,20.0
224,2025-08-13,0.0,0.539975865,6.28,31.32,19.45802083,0.0,0.53998,-2.468e-07,0.53998,-0.20756,-63.494,53.229,-65.232,45.347,-34.764,-339.32,-274.54,-127.51,0.0,0.0,46.601,70.574,5.3415,0.0,-337.37,0.2517,20.0,-322.17,0.2551,20.0,-289.99,0.2633,20.0,-229.03,0.2821,20.0,-191.76,0.2961,20.0,-163.96,0.309,20.0,-142.68,0.3198,20.0,-134.69,0.3243,20.0,-130.36,0.3267,20.0
225,2025-08-14,0.0,0.52891572,4.83,29.31,17.93354167,0.0,0.52892,1.3225e-07,0.52892,-0.20202,-63.494,53.758,-65.232,45.876,-34.968,-432.2,-329.1,-129.37,0.0,0.0,45.863,70.574,5.3415,0.0,-430.26,0.2337,20.0,-404.2,0.2379,20.0,-350.22,0.2488,20.0,-259.33,0.2722,20.0,-209.92,0.2893,20.0,-175.05,0.3039,20.0,-149.13,0.3162,20.0,-139.07,0.3218,20.0,-133.35,0.3251,20.0
226,2025-08-15,0.0,0.482922037,4.68,30.08,17.05145833,0.0,0.48292,4.7497e-08,0.47957,-0.19485,-63.494,54.24,-65.232,46.357,-35.165,-552.49,-391.65,-131.74,0.0,0.0,45.16,70.574,5.3415,0.0,-550.53,0.2165,20.0,-504.69,0.222,20.0,-416.76,0.2358,20.0,-288.36,0.2637,20.0,-227.2,0.2828,20.0,-185.98,0.2988,20.0,-155.76,0.3128,20.0,-143.72,0.3192,20.0,-136.76,0.3231,20.0
227,2025-08-16,0.13,0.401392851,5.23,29.74,16.6246875,-0.13,0.40139,-0.13,0.40139,-0.18653,-63.624,54.642,-65.362,46.759,-35.354,-470.61,-413.94,-134.49,0.0,0.0,44.673,70.704,5.3415,0.0,-510.96,0.2213,20.0,-533.35,0.2185,20.0,-459.67,0.2287,20.0,-314.06,0.2569,20.0,-243.62,0.2768,20.0,-196.83,0.2942,20.0,-162.38,0.3098,20.0,-148.55,0.3165,20.0,-140.44,0.3211,20.0
228,2025-08-17,0.13,0.292369646,7.16,22.92,15.16302083,-0.13,0.29237,-0.13,0.29237,-0.17721,-63.754,54.934,-65.492,47.051,-35.534,-455.64,-421.88,-137.56,0.0,0.0,44.277,70.834,5.3415,0.0,-491.68,0.2235,20.0,-525.83,0.2193,20.0,-473.72,0.2263,20.0,-331.94,0.2529,20.0,-257.67,0.2727,20.0,-206.69,0.2905,20.0,-168.77,0.3068,20.0,-153.44,0.3139,20.0,-144.32,0.3189,20.0
229,2025-08-18,0.03,0.355011746,5.84,29.97,16.63364583,-0.03,0.35501,-0.03,0.35501,-0.16738,-63.784,55.289,-65.522,47.406,-35.704,-575.28,-459.42,-140.83,0.0,0.0,43.802,70.864,5.3415,0.0,-591.54,0.2113,20.0,-582.18,0.2125,20.0,-504.69,0.222,20.0,-348.27,0.2492,20.0,-269.56,0.2692,20.0,-215.58,0.2872,20.0,-174.93,0.3039,20.0,-158.36,0.3116,20.0,-148.3,0.3167,20.0
230,2025-08-19,0.0,0.484892518,6.71,34.61,20.70645833,0.0,0.48489,2.3283e-08,0.42582,-0.15717,-63.784,55.774,-65.522,47.845,-35.864,-773.08,-539.38,-144.21,0.0,0.0,43.239,70.864,5.3415,0.0,-780.16,0.194,20.0,-726.14,0.1987,20.0,-583.22,0.2124,20.0,-372.65,0.2438,20.0,-281.79,0.2657,20.0,-223.87,0.2841,20.0,-180.81,0.3012,20.0,-163.15,0.3094,20.0,-152.3,0.3144,20.0
231,2025-08-20,0.0,0.472655807,8.47,31.38,19.5553125,0.0,0.47266,-4.191e-09,0.36005,-0.14685,-63.784,56.247,-65.522,48.22,-36.013,-1009.1,-642.81,-147.63,0.0,0.0,42.682,70.864,5.3415,0.0,-1019.83,0.1792,20.0,-917.3,0.1851,20.0,-689.56,0.2019,20.0,-403.49,0.238,20.0,-295.68,0.2616,20.0,-232.23,0.2809,20.0,-186.55,0.2985,20.0,-167.84,0.3072,20.0,-156.34,0.3126,20.0
232,2025-08-21,0.0,0.453072556,5.1,28.5,16.34729167,0.0,0.45307,1.6298e-08,0.29698,-0.13653,-63.784,56.7,-65.522,48.528,-36.153,-1216.7,-737.69,-151.05,0.0,0.0,42.202,70.864,5.3415,0.0,-1229.0,0.1695,20.0,-1095.94,0.1757,20.0,-787.72,0.1934,20.0,-432.1,0.2332,20.0,-310.02,0.2578,20.0,-240.74,0.2778,20.0,-192.23,0.2959,20.0,-172.44,0.3051,20.0,-160.36,0.3107,20.0
233,2025-08-22,0.0,0.417073663,4.26,26.17,15.95271739,0.0,0.41707,-4.8894e-09,0.24131,-0.12953,-63.784,57.117,-65.522,48.778,-36.284,-1379.7,-813.11,-154.82,0.0,0.0,41.794,70.864,5.3415,0.0,-1384.81,0.1643,20.0,-1226.71,0.1696,20.0,-871.61,0.188,20.0,-457.15,0.229,20.0,-323.62,0.2547,20.0,-249.23,0.2752,20.0,-197.85,0.2938,20.0,-176.97,0.303,20.0,-164.38,0.3088,20.0
234,2025-08-23,0.0,0.512315069,3.05,31.42,16.615625,-4.6228,0.51231,-4.6228,0.51231,-0.12394,-68.407,57.629,-70.145,49.258,-36.41,-35.696,-92.672,-158.58,0.0,0.0,45.813,75.487,5.3415,0.0,-39.45,0.3916,20.0,-48.66,0.3841,20.0,-64.96,0.3712,20.0,-135.1,0.324,20.0,-284.01,0.265,20.0,-257.21,0.2728,20.0,-203.37,0.2917,20.0,-181.49,0.3009,20.0,-168.4,0.307,20.0
235,2025-08-24,0.0,0.445173777,4.81,31.52,17.91666667,0.0,0.44517,-5.4948e-07,0.44517,-0.11846,-68.407,58.074,-70.145,49.703,-36.531,-162.05,-157.53,-162.28,0.0,0.0,45.244,75.487,5.3415,0.0,-160.37,0.3107,20.0,-157.56,0.312,20.0,-155.27,0.313,20.0,-157.58,0.312,20.0,-172.26,0.3053,20.0,-210.46,0.2892,20.0,-206.46,0.2906,20.0,-185.82,0.2988,20.0,-172.38,0.3051,20.0
236,2025-08-25,0.0,0.43170679,5.74,31.99,18.7446875,0.0,0.43171,-1.2573e-07,0.43171,-0.1131,-68.407,58.506,-70.145,50.135,-36.646,-221.2,-203.67,-165.89,0.0,0.0,44.694,75.487,5.3415,0.0,-219.48,0.2858,20.0,-214.78,0.2875,20.0,-207.08,0.2904,20.0,-192.71,0.2957,20.0,-187.68,0.298,20.0,-196.24,0.2945,20.0,-201.09,0.2926,20.0,-188.14,0.2977,20.0,-175.94,0.3034,20.0
237,2025-08-26,0.0,0.340389377,6.1,29.85,18.37083333,0.0,0.34039,-2.9895e-07,0.34039,-0.1081,-68.407,58.846,-70.145,50.475,-36.755,-270.62,-241.67,-169.25,0.0,0.0,44.199,75.487,5.3415,0.0,-268.77,0.2694,20.0,-261.86,0.2714,20.0,-248.69,0.2752,20.0,-222.08,0.2846,20.0,-206.03,0.2907,20.0,-199.27,0.2933,20.0,-196.92,0.2942,20.0,-188.53,0.2976,20.0,-178.58,0.3022,20.0
238,2025-08-27,0.15,0.192989552,13.64,22.06,17.94385417,-0.15,0.19299,-0.15,0.19299,-0.10358,-68.557,59.039,-70.295,50.668,-36.86,-246.15,-247.41,-172.31,0.0,0.0,44.002,75.637,5.3415,0.0,-251.45,0.2746,20.0,-257.45,0.2728,20.0,-256.17,0.2731,20.0,-237.29,0.279,20.0,-219.28,0.2857,20.0,-205.3,0.291,20.0,-195.8,0.2946,20.0,-188.65,0.2975,20.0,-180.57,0.3013,20.0
239,2025-08-28,0.31,0.124771129,9.67,17.17,14.92947917,-4.9328,0.12477,-4.9328,0.12477,-0.099595,-73.49,59.164,-75.228,50.793,-36.962,-17.36,-30.356,-175.01,0.0,0.0,48.701,80.569,5.3415,0.0,-18.56,0.4073,20.0,-21.36,0.4054,20.0,-25.78,0.4022,20.0,-39.29,0.3917,20.0,-64.07,0.3719,20.0,-139.37,0.3217,20.0,-195.35,0.2947,20.0,-189.13,0.2973,20.0,-182.19,0.3005,20.0
240,2025-08-29,0.0,0.345920753,8.72,25.76,16.4496875,0.0,0.34592,-5.6252e-07,0.34592,-0.096237,-73.49,59.51,-75.228,51.139,-37.059,-106.92,-96.897,-177.28,0.0,0.0,48.273,80.569,5.3415,0.0,-105.03,0.3423,20.0,-101.5,0.3446,20.0,-97.6,0.3471,20.0,-92.31,0.3508,20.0,-91.39,0.3514,20.0,-100.7,0.3451,20.0,-147.29,0.3173,20.0,-179.94,0.3016,20.0,-182.6,0.3003,20.0
241,2025-08-30,0.0,0.391975606,5.65,27.7,15.42239583,0.0,0.39198,-1.1073e-06,0.39198,-0.094428,-73.49,59.902,-75.228,51.531,-37.154,-144.12,-129.79,-178.43,0.0,0.0,47.798,80.569,5.3415,0.0,-142.21,0.32,20.0,-138.01,0.3224,20.0,-132.28,0.3256,20.0,-121.6,0.3316,20.0,-115.12,0.3357,20.0,-114.38,0.3362,20.0,-133.64,0.325,20.0,-159.23,0.3113,20.0,-175.36,0.3037,20.0
242,2025-08-31,0.0,0.427160033,3.43,31.3,15.9,0.0,0.42716,-7.1991e-07,0.42716,-0.096711,-73.49,60.329,-75.228,51.958,-37.25,-178.75,-159.18,-176.86,0.0,0.0,47.292,80.569,5.3415,0.0,-176.82,0.3031,20.0,-171.71,0.3055,20.0,-163.54,0.3093,20.0,-146.78,0.3175,20.0,-135.23,0.324,20.0,-128.33,0.3279,20.0,-134.56,0.3244,20.0,-149.81,0.3159,20.0,-166.18,0.308,20.0
243,2025-09-01,0.0,0.389327517,4.28,32.68,18.46583333,0.0,0.38933,-3.0734e-08,0.38933,-0.10258,-73.49,60.719,-75.228,52.347,-37.351,-212.68,-187.06,-172.96,0.0,0.0,46.783,80.569,5.3415,0.0,-210.68,0.289,20.0,-204.35,0.2914,20.0,-193.2,0.2955,20.0,-170.18,0.3061,20.0,-153.38,0.3139,20.0,-141.15,0.3207,20.0,-139.03,0.3219,20.0,-147.28,0.3173,20.0,-159.93,0.3109,20.0
244,2025-09-02,0.0,0.43127251,4.61,33.17,18.12864583,0.0,0.43127,-1.9092e-07,0.43127,-0.10974,-73.49,61.15,-75.228,52.779,-37.459,-249.94,-216.46,-168.2,0.0,0.0,46.265,80.569,5.3415,0.0,-247.95,0.2756,20.0,-240.04,0.2781,20.0,-225.25,0.2836,20.0,-193.27,0.2955,20.0,-170.61,0.3059,20.0,-153.09,0.3141,20.0,-144.67,0.3187,20.0,-148.03,0.3168,20.0,-156.64,0.3125,20.0
245,2025-09-03,0.0,0.390583326,4.93,32.36,17.71239583,0.0,0.39058,1.1409e-07,0.39058,-0.11611,-73.49,61.541,-75.228,53.169,-37.573,-292.16,-245.87,-163.93,0.0,0.0,45.739,80.569,5.3415,0.0,-290.09,0.2631,20.0,-280.02,0.2661,20.0,-259.64,0.2721,20.0,-216.46,0.2868,20.0,-187.13,0.2982,20.0,-164.84,0.3086,20.0,-150.8,0.3153,20.0,-150.4,0.3155,20.0,-155.44,0.313,20.0
246,2025-09-04,0.0,0.312926178,4.52,22.69,13.65141304,0.0,0.31293,1.8347e-07,0.31293,-0.1207,-73.49,61.853,-75.228,53.482,-37.693,-329.29,-272.53,-160.85,0.0,0.0,45.268,80.569,5.3415,0.0,-326.97,0.2539,20.0,-314.13,0.2568,20.0,-288.21,0.2636,20.0,-236.72,0.2792,20.0,-202.76,0.2919,20.0,-175.74,0.3035,20.0,-157.46,0.3121,20.0,-153.9,0.3137,20.0,-155.69,0.3129,20.0
247,2025-09-05,0.0,0.380350366,1.23,25.61,13.00083333,0.0,0.38035,1.1036e-07,0.38035,-0.12332,-73.49,62.234,-75.228,53.862,-37.816,-373.12,-303.14,-159.07,0.0,0.0,44.798,80.569,5.3415,0.0,-371.04,0.2444,20.0,-355.84,0.2477,20.0,-323.27,0.2549,20.0,-258.43,0.2725,20.0,-217.26,0.2865,20.0,-185.99,0.2988,20.0,-163.95,0.309,20.0,-157.78,0.3119,20.0,-156.9,0.3123,20.0
248,2025-09-06,0.0,0.331809677,2.31,29.44,14.19697917,0.0,0.33181,6.7987e-08,0.33181,-0.12422,-73.49,62.566,-75.228,54.194,-37.94,-428.78,-337.32,-158.45,0.0,0.0,44.318,80.569,5.3415,0.0,-426.4,0.2342,20.0,-405.26,0.2377,20.0,-360.56,0.2465,20.0,-279.82,0.2662,20.0,-231.59,0.2812,20.0,-196.12,0.2944,20.0,-170.14,0.3061,20.0,-161.74,0.3101,20.0,-158.7,0.3115,20.0
249,2025-09-07,0.0,0.31332521,7.01,28.73,17.360625,0.0,0.31332,-3.6787e-08,0.31332,-0.12374,-73.49,62.879,-75.228,54.508,-38.064,-482.59,-370.73,-158.76,0.0,0.0,43.872,80.569,5.3415,0.0,-480.15,0.2252,20.0,-453.82,0.2296,20.0,-398.57,0.2388,20.0,-300.51,0.2602,20.0,-245.74,0.2762,20.0,-205.77,0.2908,20.0,-176.09,0.3034,20.0,-165.74,0.3082,20.0,-160.93,0.3104,20.0
250,2025-09-08,0.0,0.339622679,4.21,26.24,14.95125,0.0,0.33962,-2.3283e-08,0.33962,-0.12222,-73.49,63.219,-75.228,54.847,-38.187,-556.87,-411.36,-159.77,0.0,0.0,43.422,80.569,5.3415,0.0,-554.56,0.216,20.0,-518.03,0.2204,20.0,-442.91,0.2315,20.0,-323.02,0.2549,20.0,-259.56,0.2722,20.0,-214.86,0.2874,20.0,-181.86,0.3007,20.0,-169.75,0.3063,20.0,-163.47,0.3093,20.0
251,2025-09-09,0.09,0.228599844,2.27,24.69,13.10177083,0.0,0.2286,-4.2841e-08,0.2286,-0.11988,-73.49,63.447,-75.228,55.076,-38.307,-621.84,-445.83,-161.31,0.0,0.0,43.018,80.569,5.3415,0.0,-617.84,0.2082,20.0,-570.61,0.2139,20.0,-479.47,0.2254,20.0,-342.22,0.2506,20.0,-272.55,0.2684,20.0,-223.58,0.2842,20.0,-187.51,0.2981,20.0,-173.77,0.3045,20.0,-166.24,0.308,20.0
252,2025-09-10,0.03,0.263383355,4.12,24.72,14.33,0.0,0.26338,4.0047e-08,0.26338,-0.11702,-73.49,63.711,-75.228,55.339,-38.425,-683.53,-477.94,-163.26,0.0,0.0,42.654,80.569,5.3415,0.0,-679.74,0.2028,20.0,-620.36,0.2081,20.0,-514.02,0.2209,20.0,-359.32,0.2468,20.0,-284.09,0.265,20.0,-231.82,0.2811,20.0,-193.07,0.2956,20.0,-177.78,0.3026,20.0,-169.19,0.3066,20.0
253,2025-09-11,0.0,0.178303793,2.87,21.81,11.78416667,0.0,0.1783,-5.1223e-09,0.1783,-0.1137,-73.49,63.889,-75.228,55.517,-38.539,-735.76,-504.32,-165.5,0.0,0.0,42.319,80.569,5.3415,0.0,-730.08,0.198,20.0,-662.6,0.2041,20.0,-540.34,0.2175,20.0,-374.09,0.2434,20.0,-295.02,0.2618,20.0,-239.8,0.2781,20.0,-198.48,0.2936,20.0,-181.79,0.3007,20.0,-172.26,0.3052,20.0
254,2025-09-12,0.03,0.196648845,1.25,18.65,7.323913043,0.0,0.19665,3.2247e-08,0.19665,-0.11007,-73.49,64.085,-75.228,55.714,-38.65,-773.92,-526.42,-167.94,0.0,0.0,42.02,80.569,5.3415,0.0,-768.23,0.1949,20.0,-694.68,0.2015,20.0,-563.25,0.2148,20.0,-388.32,0.2405,20.0,-305.26,0.2588,20.0,-247.46,0.2757,20.0,-203.66,0.2916,20.0,-185.77,0.2989,20.0,-175.41,0.3037,20.0
