"Date","ET_cm","Precip_cm","AvgTemp","MinTemp","MaxTemp"
2022-01-01,0.01524,0,-15.4520833333333,-20.325,-10.85
2022-01-02,0.01016,0,-11.2125,-16.55,-7.425
2022-01-03,0.03048,0,-6.25729166666667,-11.825,-0.475
2022-01-04,0.04318,0.017,-3.08854166666667,-7.125,0.675
2022-01-05,0.02286,0,-12.1802083333333,-14.75,-8.25
2022-01-06,0.01524,0,-12.1020833333333,-13.6,-10.15
2022-01-07,0.07366,0.7753,-1.88229166666667,-9.85,4.675
2022-01-08,0.09652,0,-1.415625,-3,1.45
2022-01-09,0.05588,0,-1.58020833333333,-8.875,2.85
2022-01-10,0.01524,0,-8.34895833333333,-13.425,-4.15
2022-01-11,0.04064,0.0425,-0.179166666666667,-4.9,3.65
2022-01-12,0.03048,0.2108,3.83645833333333,0.925,5.55
2022-01-13,0.01524,0,-0.241666666666667,-4.675,3.975
2022-01-14,0.02032,0,-1.925,-5.65,0.675
2022-01-15,0.02032,0,-1.153125,-3.875,1.475
2022-01-16,0.01778,0.0085,-2.75625,-6.85,1.25
2022-01-17,0.04064,0.0017,-1.253125,-6.1,5.625
2022-01-18,0.04318,0,0.297916666666667,-4.9,3.5
2022-01-19,0.03048,0,-3.91666666666667,-7.525,-1.575
2022-01-20,0.02794,0.5105,-0.0395833333333333,-2.9,3.125
2022-01-21,0.03302,0.0034,1.784375,-0.75,4.425
2022-01-22,0.03048,0,-1.53645833333333,-5.275,2.725
2022-01-23,0.01778,0,-4.43854166666667,-6.7,-1.7
2022-01-24,0.0254,0,-4.94791666666667,-7.475,-0.675
2022-01-25,0.02286,0,-3.79166666666667,-6.8,-0.775
2022-01-26,0.0254,0,-4.49583333333333,-8.575,-2.475
2022-01-27,0.02286,0,-7.33229166666667,-10.85,-3.5
2022-01-28,0.02286,0,-5.16979166666667,-6.45,-3.125
2022-01-29,0.02032,0,-5.90416666666667,-7.8,-4.425
2022-01-30,0.02794,0,-3.609375,-5.875,-0.725
2022-01-31,0.09906,0,0.383333333333333,-4.6,3.025
2022-02-01,0.0381,0,-8.05729166666667,-13.5,-3.7
2022-02-02,0.02286,0,-15.96875,-20.95,-13.625
2022-02-03,0.02032,0,-10.7604166666667,-13.95,-7.6
2022-02-04,0.03048,0.0629,-3.29375,-7.475,2.325
2022-02-05,0.07112,0.238,2.971875,-0.275,4.775
2022-02-06,0.08636,0,0.854166666666667,-4,6.35
2022-02-07,0.13462,0,-0.277083333333333,-8.5,8.475
2022-02-08,0.08636,0,2.80208333333333,1.125,5.45
2022-02-09,0.07112,0,3.81770833333333,2.025,6.625
2022-02-10,0.1397,0,5.67604166666667,0.375,10.95
2022-02-11,0.09144,0,0.628125,-3.875,6.5
2022-02-12,0.06604,0,-1.7875,-6.775,4.475
2022-02-13,0.0635,0,-1.76458333333333,-5.825,4.85
2022-02-14,0.05334,0.0187,-0.791666666666667,-3.625,2.275
2022-02-15,0.02794,0.0425,0.932291666666667,-1.075,1.875
2022-02-16,0.07366,0.0969,0.304166666666667,-2.25,2.25
2022-02-17,0.0635,0.0119,1.23854166666667,-1.2,3.25
2022-02-18,0.09398,0,4.696875,3.375,7
2022-02-19,0.1397,0,5.10104166666667,3.05,7.875
2022-02-20,0.08128,0.0867,-0.763541666666667,-8.825,3.425
2022-02-21,0.06604,0,-11.7927083333333,-14.575,-9.075
2022-02-22,0.06096,0,-14.446875,-18.45,-11.6
2022-02-23,0.04572,0,-16.0989583333333,-22.1,-11.25
2022-02-24,0.05588,0,-10.771875,-13.875,-6.625
2022-02-25,0.05842,0,-7.621875,-10.9,-4.55
2022-02-26,0.0889,0,-4.53020833333333,-8.6,2.125
2022-02-27,0.05588,0,-3.86666666666667,-10.05,3.475
2022-02-28,0.03048,1.6036,3.55208333333333,0.15,5.175
2022-03-01,0.08636,0.0663,7.15625,4.25,9.7
2022-03-02,0.05334,1.0952,4.421875,2.55,7.15
2022-03-03,0.03048,1.0016,3.46458333333333,1.975,4.975
2022-03-04,0.1016,0.0136,2.98333333333333,0.25,6.15
2022-03-05,0.11684,0,0.386458333333333,-3.8,4.625
2022-03-06,0.127,0,-0.116666666666667,-3.2,3.5
2022-03-07,0.13716,0,0.773958333333333,-2.475,5
2022-03-08,0.10414,0,-4.45104166666667,-9.825,-1.775
2022-03-09,0.09398,0,-9.31041666666667,-14.475,-4.65
2022-03-10,0.10922,0,-6.13333333333333,-12.725,-0.25
2022-03-11,0.13208,0,-0.311458333333333,-3.75,3.15
2022-03-12,0.17526,0.068,4.36875,0.15,10.075
2022-03-13,0.07874,0.1224,2.98260869565217,0.65,5.375
2022-03-14,0.127,0.0527,5.53229166666667,3.425,8.275
2022-03-15,0.14986,0.2959,5.90208333333333,3.5,10.175
2022-03-16,0.11938,0.3301,3.02708333333333,0.675,6.95
2022-03-17,0.21082,0,5.38541666666667,1.675,9.75
2022-03-18,0.1397,0.0408,5.38854166666667,3.475,8.525
2022-03-19,0.10668,0.1548,3.2875,-1.575,8.2
2022-03-20,0.1905,0.0051,3.11875,0.575,6
2022-03-21,0.11938,0,3.24583333333333,0.425,6.125
2022-03-22,0.17272,0,5.88333333333333,0.575,10.625
2022-03-23,0.23622,0.0816,9.28541666666667,2.8,16.575
2022-03-24,0.21844,0.0221,8.2,2.475,11.925
2022-03-25,0.20066,0,4.85625,-1.575,14.25
2022-03-26,0.21336,0,6.34166666666667,-0.9,13.275
2022-03-27,0.25146,0,8.29375,-0.6,18.7
2022-03-28,0.24892,0,9.81979166666667,2.525,16.975
2022-03-29,0.254,0,8.17291666666667,3.675,13.55
2022-03-30,0.21082,0,4.96354166666667,-2.475,11.45
2022-03-31,0.19304,0,3.97395833333333,0.875,7.925
2022-04-01,0.17272,0,4.13958333333333,0.275,8.625
2022-04-02,0.10668,0.2623,1.925,-1.475,7.025
2022-04-03,0.22352,0.0034,4.190625,-3.35,10.775
2022-04-04,0.20066,0.0833,4.09791666666667,0.625,7.525
2022-04-05,0.22352,0,3.40625,0.5,6.55
2022-04-06,0.27178,0,4.94895833333333,1.525,10.25
2022-04-07,0.28448,0,4.96875,-3.75,13.575
2022-04-08,0.27432,0,6.671875,-1.875,14.65
2022-04-09,0.17272,0.2314,2.84375,0.1,5.7
2022-04-10,0.16256,0.0289,0.542708333333333,-1.25,3.675
2022-04-11,0.18288,0.0952,-0.740625,-3.475,1.625
2022-04-12,0.18034,0,-2.62708333333333,-4.6,-0.35
2022-04-13,0.21336,0,-3.27708333333333,-6.5,0.95
2022-04-14,0.19558,0,-3.225,-9.175,2.4
2022-04-15,0.18796,0,-2.02083333333333,-5.8,2.925
2022-04-16,0.14986,0,-1.678125,-8.3,3.7
2022-04-17,0.12954,0.2619,0.505208333333333,-2.15,4.525
2022-04-18,0.17526,0.0068,1.95833333333333,-4.9,8.275
2022-04-19,0.30226,0.1106,4.67916666666667,0.35,9.1
2022-04-20,0.23622,0.0034,3.65520833333333,-3.125,9.425
2022-04-21,0.20574,0.3113,6.584375,4.075,12.175
2022-04-22,0.20828,0.0051,4.64791666666667,0.025,11.275
2022-04-23,0.21844,0,5.98854166666667,1.65,10.85
2022-04-24,0.29972,0.0102,6.7125,-0.975,13.85
2022-04-25,0.33528,0,8.94895833333333,-0.975,17.525
2022-04-26,0.18796,0.1904,6.54479166666667,3.05,10.9
2022-04-27,0.254,0,6.16875,1.625,9.85
2022-04-28,0.25146,0,5.73645833333333,-0.8,10.95
2022-04-29,0.25908,0,5.85208333333333,-0.575,10.8
2022-04-30,0.24638,0.0068,5.77916666666667,-1.8,13.275
2022-05-01,0.31242,0.0034,10.3197916666667,4.825,16.2
2022-05-02,0.39624,0,12.7041666666667,5.525,19.175
2022-05-03,0.3429,0.0068,12.215625,6.15,17.3
2022-05-04,0.39116,0,12.871875,8.825,18.325
2022-05-05,0.26416,0.1258,12.39375,6.2,19.75
2022-05-06,0.23114,0.1582,9.89479166666667,7.95,12.2
2022-05-07,0.16256,0.2313,7.46354166666667,5.55,9.725
2022-05-08,0.24638,0.0714,5.49270833333333,3.025,9.35
2022-05-09,0.16002,0.2227,3.92604166666667,1.65,7.65
2022-05-10,0.30988,0,7.20520833333333,3.6,12.1
2022-05-11,0.35052,0,7.53645833333333,-2.125,14.875
2022-05-12,0.19304,0,5.4375,2.175,12
2022-05-13,0.332581280423436,0.2794,6.99444444444445,0.522,11.572
2022-05-14,0.18904992970574,0,5.28333333333333,-2.261,11.606
2022-05-15,0.307082191440373,0.0254,12.2833333333333,3.459,19.161
2022-05-16,0.34294220385387,0,14.2333333333333,7.65,20.583
2022-05-17,0.391407646100782,0,12.6388888888889,6.84,19.739
2022-05-18,0.18034,0.3148,9.38027272727273,6.725,11.925
2022-05-19,0.17272,0.8419,5.246875,2.5,8.3
2022-05-20,0.21082,0.1872,6.25833333333333,2.75,9.225
2022-05-21,0.27432,0,7.91979166666667,3.275,12.65
2022-05-22,0.34798,0,7.91354166666667,-2.05,15.075
2022-05-23,0.35306,0,10.6260416666667,2.825,15.8
2022-05-24,0.34544,0,11.1354166666667,5.95,15.5
2022-05-25,0.12954,0.4217,10.021875,8,11.05
2022-05-26,0.36576,0.0034,12.7708333333333,3.225,21.5
2022-05-27,0.24384,0.8833,13.259375,10.9,17.5
2022-05-28,0.26416,0.1445,10.8541666666667,8.175,13.3
2022-05-29,0.24892,0.2366,10.471875,4.775,15.6
2022-05-30,0.30734,0,12.8145833333333,8.125,17.375
2022-05-31,0.41148,0,12.99375,4.525,19.35
2022-06-01,0.47244,0,14.7760416666667,6.025,21.4
2022-06-02,0.39624,0,15.465625,8.725,22.5
2022-06-03,0.28956,0.2995,13.8177083333333,9.775,19.5
2022-06-04,0.1778,0.4268,13.69375,12.175,15.975
2022-06-05,0.19558,0.3757,12.3864583333333,8.125,15.175
2022-06-06,0.28448,1.2892,12.0364583333333,9.625,16.75
2022-06-07,0.28702,0,12.4104166666667,7.475,17.2
2022-06-08,0.22606,0,12.3395833333333,7.275,18.15
2022-06-09,0.36576,0,15.021875,6.75,20.925
2022-06-10,0.19558,0.1701,15.340625,13.275,16.925
2022-06-11,0.20066,0.7158,14.1541666666667,12.925,16.5
2022-06-12,0.28448,0.3331,13.8677083333333,10.275,17.025
2022-06-13,0.14732,1.7916,9.55,6.85,12.2
2022-06-14,0.04064,5.4899,5.490625,4.875,6.425
2022-06-15,0.21844,0.3114,10.3864583333333,5.7,17.175
2022-06-16,0.45212,0,15.2270833333333,5.675,25.775
2022-06-17,0.4953,0,19.7791666666667,14.45,27.625
2022-06-18,0.32258,0.1241,16.225,13.175,20.425
2022-06-19,0.2921,0.2688,14.0083333333333,11.75,16.325
2022-06-20,0.09906,3.727,10.7375,9.225,13.35
2022-06-21,0.33782,0.1531,14.58125,10.75,19.825
2022-06-22,0.41656,0.0034,17.2052083333333,9.75,24.575
2022-06-23,0.5588,0,17.3645833333333,11.825,21.925
2022-06-24,0.37338,0,12.2979166666667,5.875,18.35
2022-06-25,0.4572,0,13.6625,4.475,21.05
2022-06-26,0.4953,0,16.375,5.75,24.875
2022-06-27,0.508,0,18.8791666666667,8.375,28.1
2022-06-28,0.49276,0,20.1302083333333,11.475,28.55
2022-06-29,0.36068,0,16.2635416666667,11.5,19
2022-06-30,0.43688,0,16.09375,7.7,23.625
2022-07-01,0.5207,0,18.546875,8.25,27.825
2022-07-02,0.53848,0,19.884375,10.175,28.9
2022-07-03,0.32766,0.4527,17.9833333333333,13.225,22.7
2022-07-04,0.40386,0.068,15.8270833333333,11.1,22.325
2022-07-05,0.47752,0.0102,16.6947916666667,7.25,24.925
2022-07-06,0.40132,0,18.375,9.825,24.925
2022-07-07,0.52324,0.3926,20.1645833333333,13.575,27.6
2022-07-08,0.49022,0.0051,21.5447916666667,15.35,28.45
2022-07-09,0.48514,0,20.7625,12.8,27.725
2022-07-10,0.50038,0,19.7072916666667,15,24.45
2022-07-11,0.51816,0,19.5635416666667,10.875,26.4
2022-07-12,0.53086,0,20.84375,10.55,29.775
2022-07-13,0.28702,0.2804,20.6208333333333,15.9,25.175
2022-07-14,0.53848,0,21.271875,11.75,29.75
2022-07-15,0.381,0.0017,19.4541666666667,10.925,28.075
2022-07-16,0.54102,0,22.2541666666667,11.225,32.275
2022-07-17,0.54102,0,22.6041666666667,13.15,31.275
2022-07-18,0.38862,0.0987,17.85625,12.3,20.825
2022-07-19,0.50292,0,19.553125,11.475,25.85
2022-07-20,0.54864,0,20.89375,12.1,29
2022-07-21,0.53594,0,21.8125,12.375,30.875
2022-07-22,0.381,0,19.415625,12.275,27.375
2022-07-23,0.49276,0,19.8208333333333,9.65,29.475
2022-07-24,0.50546,0,20.0104166666667,10.925,27.85
2022-07-25,0.42926,0.0085,21.3614583333333,13.375,27.95
2022-07-26,0.49276,0,22.3145833333333,13.5,30.075
2022-07-27,0.50546,0,23.5583333333333,14.225,32.35
2022-07-28,0.51308,0,24.7625,15.925,32.4
2022-07-29,0.508,0,24.7072916666667,16.1,33.05
2022-07-30,0.50546,0,23.56875,12.825,33.85
2022-07-31,0.54864,0,23.5458333333333,13.7,33
2022-08-01,0.4826,0,22.95625,11.7,32.625
2022-08-02,0.57404,0,23.6375,18.3,27.65
2022-08-03,0.61468,0,22.7208333333333,15.525,29.35
2022-08-04,0.62738,0,22.9395833333333,16.225,28.175
2022-08-05,0.47752,0,18.5354166666667,8.5,26.275
2022-08-06,0.48006,0,19.896875,11.175,26.35
2022-08-07,0.52832,0,21.2270833333333,10.675,29.45
2022-08-08,0.53594,0,22.178125,10.625,31.95
2022-08-09,0.51816,0,22.8583333333333,11.475,34.2
2022-08-10,0.28956,0,23.4875,19.65,28.05
2022-08-11,0.47498,0.0545,22.9552083333333,14.325,31.725
2022-08-12,0.37592,0.0119,21.596875,14.1,28.725
2022-08-13,0.49022,0.1736,21.7552083333333,13.975,30.375
2022-08-14,0.4572,0,19.9854166666667,10.5,28.95
2022-08-15,0.44704,0,19.96875,9.2,29.3
2022-08-16,0.4572,0,21.0458333333333,11.05,30.175
2022-08-17,0.46482,0,22.425,11.35,32.75
2022-08-18,0.49022,0,24.4020833333333,14.3,33.425
2022-08-19,0.47752,0,24.03125,14.15,34.15
2022-08-20,0.42418,0.0221,23.5489583333333,15.65,31.525
2022-08-21,0.38608,0.0034,22.3635416666667,14.875,29.375
2022-08-22,0.37592,0.0034,22.0291666666667,14.15,29.5
2022-08-23,0.40132,0,21.10625,12.475,29.45
2022-08-24,0.21336,0.3029,18.2260416666667,14.05,23.425
2022-08-25,0.30988,0,19.7177083333333,13.65,25
2022-08-26,0.30226,0.0817,18.6604166666667,15.875,24
2022-08-27,0.28702,0.0289,16.6041666666667,12.975,21.125
2022-08-28,0.32512,0.0119,14.0208333333333,5.4,21.675
2022-08-29,0.35306,0,16.3520833333333,7.15,24.875
2022-08-30,0.37084,0,18.825,9.325,27.7
2022-08-31,0.38608,0,20.0791666666667,10.275,29.575
2022-09-01,0.42926,0.0017,23.040625,16.3,30.175
2022-09-02,0.39624,0,20.8052083333333,11.05,31.8
2022-09-03,0.30734,0.0034,18.84375,9.875,26.825
2022-09-04,0.41656,0,19.4427083333333,10,28.7
2022-09-05,0.43688,0,18.6510416666667,8.875,26.775
2022-09-06,0.3429,0,17.0739583333333,6.5,27.675
2022-09-07,0.38354,0,18.5072916666667,8.375,27.7
2022-09-08,0.32258,0,16.853125,10.425,22.425
2022-09-09,0.24892,0.0884,11.55,5.8,18.25
2022-09-10,0.3048,0,11.7135416666667,2.7,22.15
2022-09-11,0.2286,0,11.928125,2.825,20.15
2022-09-12,0.22606,0,14.3802083333333,6.35,23.875
2022-09-13,0.19558,0,15.8895833333333,11.725,20.375
2022-09-14,0.22352,0.0051,14.071875,7.9,21.45
2022-09-15,0.2286,0.0068,14.3375,7.175,21.775
2022-09-16,0.25908,0,15.31875,10.525,20.35
2022-09-17,0.25146,0,12.89375,5.5,20.2
2022-09-18,0.20828,0,11.578125,3.7,20.325
2022-09-19,0.27432,0,16.3822916666667,12.375,22.45
2022-09-20,0.24892,0,12.1208333333333,6.75,17.7
2022-09-21,0.24892,0,11.0333333333333,0.625,20.75
2022-09-22,0.06858,3.1555,10.3927083333333,9.375,13.625
2022-09-23,0.14986,0.0153,10.396875,4.1,16.425
2022-09-24,0.22352,0,13.478125,6.075,19.975
2022-09-25,0.20828,0.0085,12.403125,4.475,20.65
2022-09-26,0.23368,0.0102,13.4916666666667,6.1,24.15
2022-09-27,0.22098,0.0119,13.975,6.425,23.675
2022-09-28,0.2413,0,15.2864583333333,6.275,25.55
2022-09-29,0.19558,0.2008,14.915625,9.575,18.8
2022-09-30,0.15748,0.0051,11.2385416666667,6,17.175
2022-10-01,0.1905,0,14.503125,10.075,20.475
2022-10-02,0.14732,0,13.721875,9.975,17.075
2022-10-03,0.17526,0.0153,11.9197916666667,4.625,19.6
2022-10-04,0.18034,0.0153,12.4572916666667,5.15,20.6
2022-10-05,0.17272,0.0119,12.4458333333333,5.3,21.025
2022-10-06,0.18542,0.0119,13.1395833333333,6.5,22.55
2022-10-07,0.17272,0.0119,11.7802083333333,4.275,21.2
2022-10-08,0.14732,0.0068,10.025,3.675,17.95
2022-10-09,0.15494,0.0204,9.60104166666667,2.45,18.375
2022-10-10,0.25146,0.0102,11.9458333333333,2.5,20.8
2022-10-11,0.20574,0.2195,11.134375,3.525,19.325
2022-10-12,0.21336,0,13.178125,7.425,20.875
2022-10-13,0.1524,0.0034,9.334375,2.025,17.95
2022-10-14,0.14986,0.0068,8.615625,0.9,17.4
2022-10-15,0.1651,0.0017,10.1822916666667,2.675,19.75
2022-10-16,0.1524,0,8.08229166666667,0.925,18.525
2022-10-17,0.13462,0.0153,6.95729166666667,-0.525,17.025
2022-10-18,0.12954,0.0238,6.53541666666667,-0.925,16.6
2022-10-19,0.12192,0.0187,6.61875,-0.3,15.55
2022-10-20,0.1016,0.0187,6.4875,-0.85,14.55
2022-10-21,0.1016,1.2798,8.884375,4.25,14
2022-10-22,0.02286,0.862,3.75208333333333,2.775,4.7
2022-10-23,0.0889,0.0068,3.66354166666667,1.025,7.975
2022-10-24,0.0508,0.1513,3.21666666666667,1.975,5.5
2022-10-25,0.0762,0.0289,4.709375,3.5,6.625
2022-10-26,0.05334,0.0663,3.734375,2.275,5.7
2022-10-27,0.11176,0,5.4625,2.825,8.4
2022-10-28,0.16256,0,6.46458333333333,4.125,10.675
2022-10-29,0.14732,0,7.746875,4.425,12.75
2022-10-30,0.11684,0,9.125,6.125,11.575
2022-10-31,0.11938,0.2159,10.6010416666667,7,12.375
2022-11-01,0.04572,0.5833,6.28854166666667,4.65,8.025
2022-11-02,0.01778,0.393,0.688541666666667,-1.7,5.55
2022-11-03,0.03048,0.2329,-0.628125,-2.75,1.425
2022-11-04,0.02286,2.5122,0.897916666666667,-0.175,3.3
2022-11-05,0.1143,0.0902,2.99375,-1.025,7.225
2022-11-06,0.08382,0.0221,-0.993,-4.625,3.875
2022-11-07,0.07366,0,-6.49791666666667,-13.075,-2.3
2022-11-08,0.03048,0,-9.86354166666667,-14.125,-4.275
2022-11-09,0.02794,0,-8.95729166666667,-12.775,-5.6
2022-11-10,0.01016,0,-5.96354166666667,-7.5,-4.575
2022-11-11,0.02794,0,-6.18229166666667,-9.225,-1.625
2022-11-12,0.01778,0,-6.09583333333333,-11,-3.3
2022-11-13,0.03556,0,-3.86354166666667,-4.5,-3
2022-11-14,0.0381,0,-3.47395833333333,-4.525,-2.1
2022-11-15,0.03048,0,-2.95416666666667,-4.1,-1.625
2022-11-16,0.02286,0,-2.725,-4.725,-1.55
2022-11-17,0.03302,0,-7.996875,-13.1,-3.575
2022-11-18,0.02032,0,-11.909375,-15.875,-5.65
2022-11-19,0.02032,0,-11.4020833333333,-15.025,-6
2022-11-20,0.01778,0,-9.278125,-12.15,-6.55
2022-11-21,0.01778,0,-5.125,-7.25,-3.225
2022-11-22,0.0254,0.0085,-1.82916666666667,-3.575,0.1
2022-11-23,0.0254,0.3757,1.11770833333333,-0.55,2.4
2022-11-24,0.03048,0.1105,-1.615625,-5.55,3.575
2022-11-25,0.02032,0,-3.74583333333333,-7.6,0.9
2022-11-26,0.0381,0.6207,1.52916666666667,0.325,3.45
2022-11-27,0.08382,0.0102,0.4375,-3.275,2.725
2022-11-28,0.04064,0,-6.46979166666667,-10.125,-2.3
2022-11-29,0.02794,0,-10.5864583333333,-13.35,-8.725
2022-11-30,0.02286,0,-7.06979166666667,-11.95,-3
2022-12-01,0.01524,0.034,-2.75208333333333,-6.6,0.8
2022-12-02,0.01016,0,-8.97291666666667,-13.025,-6.7
2022-12-03,0.01524,0,-11.375,-15.325,-6.05
2022-12-04,0.00762,0,-11.9125,-16.8,-9.65
2022-12-05,NA,0,-8.32291666666667,-9.75,-6.925
2022-12-06,0.01524,0,-2.38333333333333,-7,0.625
2022-12-07,0.01524,0,-1.58541666666667,-4,0.65
2022-12-08,0.01524,0,-3.98125,-7.55,-0.275
2022-12-09,0.0635,0.0187,-0.358333333333333,-2.6,1.875
2022-12-10,0.04318,0,-1.79375,-3.075,-0.55
2022-12-11,0.02286,0.051,-0.930208333333333,-1.95,1.125
2022-12-12,0.01778,0.0884,-2.52604166666667,-7.575,1.85
2022-12-13,0.01778,0,-6.25520833333333,-10.55,-3.625
2022-12-14,0.00762,0,-4.63645833333333,-8.175,-2.475
2022-12-15,0.0127,0,-4.39479166666667,-6.1,-2.925
2022-12-16,0.01524,0,-4.74479166666667,-5.875,-3.8
2022-12-17,0.01778,0,-3.9625,-4.925,-2.85
2022-12-18,0.02032,0,-11.428125,-14.55,-5.1
2022-12-19,0.01524,0,-15.415625,-16.8,-14.4
2022-12-20,0.01524,0,-16.1875,-17.7,-14.975
2022-12-21,0.0127,0,-21.8552083333333,-28.1,-17.925
2022-12-22,0.00762,0,-29.0708333333333,-34.4,-22.925
2022-12-23,0.00762,0,-21.2614583333333,-27.375,-16.925
2022-12-24,0.00762,0,-12.434375,-16.7,-8.725
2022-12-25,0.0127,0,-3.40520833333333,-8.525,-0.15
2022-12-26,0.0127,0.556,-0.116666666666667,-1.525,3.075
2022-12-27,0.0254,1.2468,3.48229166666667,0.75,6.025
2022-12-28,0.02794,0.5814,1.37604166666667,0.475,3.475
2022-12-29,0.02794,0.0221,0.148958333333333,-2.45,1.875
2022-12-30,0.0254,0.1326,-0.303125,-2.45,2.35
2022-12-31,0.0254,0,0.651041666666667,-2.05,3.275
2023-01-01,0.02286,0,-0.341666666666667,-2.025,0.775
2023-01-02,0.00762,0,-3.61770833333333,-9.725,0.975
2023-01-03,0.0127,0,-7.76770833333333,-11.75,-5.125
2023-01-04,0.01778,0,-4.30833333333333,-7.825,-1.5
2023-01-05,0.02032,0,-5.96354166666667,-10.45,-2.575
2023-01-06,0.02032,0.017,-2.75104166666667,-4.575,-0.275
2023-01-07,0.0127,0,-5.17395833333333,-8.65,-2.475
2023-01-08,0.01778,0,-3.77916666666667,-6.35,-0.05
2023-01-09,0.0254,0.3451,0.813541666666667,-2.05,2.575
2023-01-10,0.01016,0.6256,0.0270833333333333,-2.925,1.8
2023-01-11,0.01778,0,-3.01875,-5.175,-1.075
2023-01-12,0.01778,0.0153,-1.81666666666667,-4.6,-0.225
2023-01-13,0.02032,0.0119,-2.409375,-4.2,-0.4
2023-01-14,0.02032,0.1395,0.0479166666666667,-2.575,2.4
2023-01-15,0.02032,0.3639,0.778125,-0.4,2.125
2023-01-16,0.02032,0.0068,0.454166666666667,0.1,1.225
2023-01-17,0.0254,0.2788,1.06354166666667,0.25,2.1
2023-01-18,0.04572,0,1.18541666666667,0.275,2.725
2023-01-19,0.03048,0.1683,0.58125,-0.05,1.275
2023-01-20,0.03048,0,-0.859375,-3.525,0.725
2023-01-21,0.0254,0,-2.05520833333333,-5.1,1.025
2023-01-22,0.0254,0,-2.41979166666667,-4.2,-0.6
2023-01-23,0.03556,0,-3.43125,-7.6,-1
2023-01-24,0.0381,0,-0.60625,-1.325,0.275
2023-01-25,0.03556,0.0051,-0.925,-2.8,0.775
2023-01-26,0.05588,0,2.51354166666667,-0.45,4.9
2023-01-27,0.04318,0.9048,0.935416666666667,-0.575,3.375
2023-01-28,0.0762,0.0017,-9.33333333333333,-17.025,-1.9
2023-01-29,0.02286,0,-17.528125,-22.525,-12.3
2023-01-30,0.02794,0,-13.2645833333333,-15.975,-10.425
2023-01-31,0.02032,0,-10.06875,-11.725,-7.9
2023-02-01,0.0127,0,-6.06666666666667,-7.875,-3.425
2023-02-02,0.0254,0,-6.828125,-10.075,-1.95
2023-02-03,0.03302,0,-5.171875,-10.7,3.1
2023-02-04,0.0635,0.2975,3.22291666666667,-2.425,5.275
2023-02-05,0.0254,0.0068,-1.07395833333333,-3.875,2.25
2023-02-06,0.07112,0,2.94479166666667,1.475,4.025
2023-02-07,0.0889,0.034,3.58854166666667,2.375,5.35
2023-02-08,0.07366,0.0221,1.54895833333333,0.1,3.475
2023-02-09,0.05334,0,-2.65520833333333,-7.425,1.725
2023-02-10,0.05334,0,-3.45,-8.125,3.275
2023-02-11,0.07112,0,-0.348958333333333,-4.2,5.025
2023-02-12,0.0635,0,-1.93229166666667,-6.925,3.3
2023-02-13,0.10922,0.0238,3.63020833333333,0.125,5.2
2023-02-14,0.06858,0.0833,-1.884375,-8.75,0.85
2023-02-15,0.06604,0.0017,-5.15729166666667,-11.7,0.775
2023-02-16,0.07366,0,-5.19479166666667,-12.125,2.15
2023-02-17,0.0889,0,1.271875,-0.3,3.2
2023-02-18,0.05842,0.0238,0.371875,-0.7,1.15
2023-02-19,0.04318,0.1938,0.602083333333333,-0.95,2.075
2023-02-20,0.08382,0.323,2.76979166666667,0.975,5.525
2023-02-21,0.10668,0.085,-4.33541666666667,-12,3.15
2023-02-22,0.06858,0,-14.809375,-18.1,-12.425
2023-02-23,0.04572,0,-17.7239583333333,-20.4,-15.1
2023-02-24,0.04064,0,-16.3520833333333,-20.875,-10.975
2023-02-25,0.06096,0,-8.98020833333333,-14.6,-1.275
2023-02-26,0.07874,0.0051,-3.78645833333333,-10.15,3.675
2023-02-27,0.10922,0,-1.9,-4.275,1.425
2023-02-28,0.0381,0.0357,-3.25104166666667,-8.95,0.5
2023-03-01,0.05334,0.0034,-4.75,-9.325,-1.35
2023-03-02,0.08636,0.0034,-1.18645833333333,-3.175,1.225
2023-03-03,0.09652,0.0119,-2.29895833333333,-5.8,0.375
2023-03-04,0.127,0.0153,-1.27083333333333,-4.075,2.5
2023-03-05,0.11176,0,-2.98541666666667,-7.625,0.35
2023-03-06,0.0762,0,-6.471875,-10.625,-1.425
2023-03-07,0.0889,0,-4.08854166666667,-7.925,1.475
2023-03-08,0.09906,0.0017,-5.32708333333333,-12.1,2.375
2023-03-09,0.09398,0,-6.68854166666667,-11.325,-0.725
2023-03-10,0.0508,0,-5.3,-9.075,-1.8
2023-03-11,0.06604,0.0034,-4.77604166666667,-7.7,-1.525
2023-03-12,0.09652,0.1598,-2.7554347826087,-8.1,2.975
2023-03-13,0.11684,0.0102,NA,NA,NA
2023-03-14,0.17526,0.1072,2.696875,0.025,6.975
2023-03-15,0.10922,0,0.628125,-1.525,3.2
2023-03-16,0.11938,0.0051,-2.03541666666667,-8,4.125
2023-03-17,0.14478,0,-2.06354166666667,-8.925,5.875
2023-03-18,0.14224,0,-1.45104166666667,-8.225,6.025
2023-03-19,0.1651,0,0.321875,-6.825,8.65
2023-03-20,0.17018,0,1.70833333333333,-3.65,9.125
2023-03-21,0.1905,0,0.328125,-6.35,8.9
2023-03-22,0.18796,0,-0.483333333333333,-7.875,8.95
2023-03-23,0.18034,0,0.4875,-7.1,8.525
2023-03-24,0.11684,0.0884,1.58229166666667,-0.05,3.725
2023-03-25,0.09398,0,0.554166666666667,-0.8,2.1
2023-03-26,0.13208,0,1.284375,-0.85,5.5
2023-03-27,0.14732,0,-0.336458333333333,-5.825,4.9
2023-03-28,0.19812,0,1.09375,-4.975,8.45
2023-03-29,0.19558,0,2.23645833333333,-3.625,9.25
2023-03-30,0.1651,0,3.91875,-0.425,8.25
2023-03-31,0.14478,0,3.17604166666667,-0.425,6.425
2023-04-01,0.14224,0.1345,2.66875,0.3,4.85
2023-04-02,0.16256,0,1.0125,-1.675,4.575
2023-04-03,0.15748,0,-0.3875,-6.475,5.625
2023-04-04,0.20066,0,0.646875,-5.65,6.75
2023-04-05,0.18542,0,1.31458333333333,-2.4,6.375
2023-04-06,0.2921,0,5.27083333333333,0.675,11.175
2023-04-07,0.22606,0.0051,6.48541666666667,-0.2,13.45
2023-04-08,0.27178,0.1055,8.12708333333333,5.55,11.925
2023-04-09,0.29972,0,10.0104166666667,3.1,16.425
2023-04-10,0.2921,0,14.0302083333333,9.4,21.075
2023-04-11,0.1524,0.1736,7.371875,2.975,11.425
2023-04-12,0.2286,0,3.29583333333333,-1.675,8.85
2023-04-13,0.20828,0.0051,2.69895833333333,-1.975,7.3
2023-04-14,0.18288,0.1463,2.65208333333333,-0.525,7.425
2023-04-15,0.26416,0.017,4.28020833333333,-3.375,12.15
2023-04-16,0.32512,0.0306,9.80208333333333,3.25,17.3
2023-04-17,0.20828,0,5.165625,2.775,7.775
2023-04-18,0.08128,0.4777,0.980208333333333,-1.85,3
2023-04-19,0.17272,0.0204,3.24895833333333,0.35,7.325
2023-04-20,0.14478,0.2601,3.39791666666667,0.425,7.05
2023-04-21,0.17272,0.1089,3.521875,0.575,7.8
2023-04-22,0.18288,0.0068,5.08645833333333,1.45,8.425
2023-04-23,0.29718,0,7.425,-0.175,13.9
2023-04-24,0.18288,0.6416,8.70208333333333,6.525,10.725
2023-04-25,0.26162,0,8.75833333333333,4.225,13.675
2023-04-26,0.32512,0,10.0729166666667,2.225,16.925
2023-04-27,0.3556,0,10.85,4.45,16.175
2023-04-28,0.38608,0,10.6927083333333,-0.075,20.05
2023-04-29,0.42164,0,13.6177083333333,3.075,22.95
2023-04-30,0.43942,0,16.3489583333333,5.675,26.8
2023-05-01,0.51816,0,18.55625,7.475,29.075
2023-05-02,0.4826,0,19.3385416666667,8.25,28.675
2023-05-03,0.39878,0,17.8677083333333,9.6,25.575
2023-05-04,0.50546,0,18.3802083333333,7.3,27.575
2023-05-05,0.23114,0.4186,14.1979166666667,11.15,19.85
2023-05-06,0.05842,2.4868,7.25625,5.4,10.65
2023-05-07,0.18288,0.5967,7.81979166666667,5.325,11.75
2023-05-08,0.24384,0.0238,9.565625,6.9,14.025
2023-05-09,0.32258,0.7744,9.21041666666667,2.25,16.625
2023-05-10,0.31496,0.3044,10.9229166666667,7,17.025
2023-05-11,0.36068,0.0034,12.121875,4.675,18.225
2023-05-12,0.39878,0.0034,14.1395833333333,4.975,21.9
2023-05-13,0.37592,0,15.2395833333333,5.825,22.05
2023-05-14,0.4699,0,17.7895833333333,8.625,22.925
2023-05-15,0.45212,0,18.0145833333333,9.125,24.675
2023-05-16,0.40894,0.0068,17.5770833333333,10.7,23.375
2023-05-17,0.29464,0,15.7145833333333,11.65,20.325
2023-05-18,0.38354,0,16.8833333333333,11.6,22.475
2023-05-19,0.44704,0,18.01875,9.875,25.075
2023-05-20,0.44196,0,19.1239583333333,10.325,26.275
2023-05-21,0.43434,0,18.7395833333333,11.475,26.15
2023-05-22,0.26416,0.8695,14.3104166666667,9.275,18.15
2023-05-23,0.4445,0,12.9458333333333,6.85,19.1
2023-05-24,0.3683,0.3744,13.9739583333333,8.65,20.45
2023-05-25,0.29972,0.0408,14.6552083333333,10.1,19
2023-05-26,0.22606,0.2057,14.09375,11.375,18.15
2023-05-27,0.1905,0.136,13.66875,11.075,18.05
2023-05-28,0.3048,0.0034,14.9322916666667,11.5,19.275
2023-05-29,0.29972,0.0681,16.1302083333333,13.15,19.9
2023-05-30,0.46228,0.0085,16.5510416666667,7.6,23.775
2023-05-31,0.31242,0.0085,14.0885416666667,8.6,20.075
2023-06-01,0.35052,0,15.80625,9.625,22.425
2023-06-02,0.33782,0,16.7260416666667,10.975,22.025
2023-06-03,0.36322,0,17.8895833333333,13.175,22.8
2023-06-04,0.49276,0,19.253125,12,24.925
2023-06-05,0.42926,0,18.490625,10.55,24.975
2023-06-06,0.50292,0,21.5322916666667,14.925,27.85
2023-06-07,0.51054,0,20.975,13.05,27.8
2023-06-08,0.40386,0.1139,19.8364583333333,13.525,28.075
2023-06-09,0.21336,0.4183,17.253125,15.3,20.45
2023-06-10,0.37592,0.0851,18.278125,13.575,23.525
2023-06-11,0.45974,0.6051,18.3916666666667,12.35,26.2
2023-06-12,0.4953,0.0119,19.2614583333333,11.9,27.75
2023-06-13,0.46228,0.0119,19.4635416666667,11.75,26.175
2023-06-14,0.13208,0.0612,13.0447916666667,10.75,16.2
2023-06-15,0.28194,0.0969,12.6052083333333,8.75,16.325
2023-06-16,0.36068,0,14.8375,7.6,20.625
2023-06-17,0.23368,0.8815,15.1114583333333,12.65,18.475
2023-06-18,0.34036,0.119,12.809375,9.225,15.5
2023-06-19,0.28194,0,10.4572916666667,6,15
2023-06-20,0.30226,0,10.9020833333333,7.525,15.3
2023-06-21,0.31496,0.0051,9.51041666666667,2.675,14.9
2023-06-22,0.43942,0.0102,12.446875,2.075,21.675
2023-06-23,0.47244,0.051,15.0645833333333,5.25,25.7
2023-06-24,0.44958,0.0085,18.0208333333333,13.375,24.375
2023-06-25,0.38862,0.0357,16.7864583333333,10.025,22.9
2023-06-26,0.50292,0,18.525,9.25,26.65
2023-06-27,0.41656,0,18.4125,11.55,23.625
2023-06-28,0.42418,0,18.6479166666667,12.425,24.775
2023-06-29,0.52578,0.0051,20.09375,10.55,28.425
2023-06-30,0.57912,0,23.0239583333333,13.75,30.4
2023-07-01,0.7366,0,22.6458333333333,12.675,30.525
2023-07-02,0.70358,0,21.928125,15.825,27.475
2023-07-03,0.508,0,18.203125,8.9,25.5
2023-07-04,0.50546,0.0833,18.084375,10.15,24.5
2023-07-05,0.51562,0.0068,17.759375,9.525,26.55
2023-07-06,0.5461,0,19.0177083333333,8.525,28.325
2023-07-07,0.52578,0,20.44375,10.25,28.725
2023-07-08,0.52578,0,21.34375,11.4,30.575
2023-07-09,0.53086,0,21.603125,12.475,30.925
2023-07-10,0.49276,0.0017,20.8291666666667,12.525,28.125
2023-07-11,0.21336,0,17.2979166666667,13.2,20.45
2023-07-12,0.47498,0,19.675,11.475,26.675
2023-07-13,0.38354,0.1377,18.1770833333333,10.575,24.125
2023-07-14,0.41656,0.0085,18.7572916666667,10.075,26.025
2023-07-15,0.48514,0,20.9270833333333,11.55,28.925
2023-07-16,0.5461,0,22.9302083333333,12.7,30.4
2023-07-17,0.60452,0,20.9520833333333,12.4,27.55
2023-07-18,0.51308,0,20.253125,13.7,26.55
2023-07-19,0.51308,0,20.353125,9.275,30.35
2023-07-20,0.52324,0,22.3635416666667,11.575,31.2
2023-07-21,0.54864,0,23.6729166666667,13.3,32.225
2023-07-22,0.61976,0,23.653125,13.2,31.75
2023-07-23,0.54356,0,23.446875,12.45,32.425
2023-07-24,0.57912,0,23.88125,13.1,32.375
2023-07-25,0.52324,0,21.4385416666667,17.025,24.775
2023-07-26,0.53594,0,19.06875,11.525,25.1
2023-07-27,0.46228,0,18.975,8.725,27.375
2023-07-28,0.48768,0,21.01875,11.2,29.1
2023-07-29,0.45974,0,22.065625,13.025,30.5
2023-07-30,0.52832,0,23.8020833333333,14.95,31.025
2023-07-31,0.49276,0,22.415625,11.55,31.4
2023-08-01,0.49276,0,21.5447916666667,10.825,31.125
2023-08-02,0.46482,0,21.6395833333333,10.025,32.575
2023-08-03,0.50546,0,23.125,13,31.475
2023-08-04,0.48768,0,22.134375,13.4,29.65
2023-08-05,0.30226,0,20.2114583333333,14.575,24.6
2023-08-06,0.26416,0.1241,18.728125,15.975,21.825
2023-08-07,0.41148,0.0017,18.846875,11.675,27.3
2023-08-08,0.37338,0.0646,18.7770833333333,11.35,24.95
2023-08-09,0.2667,0.0442,18.5520833333333,15.2,24.125
2023-08-10,0.41656,0.0255,18.271875,11.275,23.85
2023-08-11,0.4572,0.0085,19.2010416666667,10.875,27.175
2023-08-12,0.381,0,19.8614583333333,11.5,26.45
2023-08-13,0.46736,0,21.0125,11.425,29.65
2023-08-14,0.49784,0,22.3989583333333,12.125,32.325
2023-08-15,0.57912,0,24.7645833333333,13.85,34.775
2023-08-16,0.5461,0,26.3833333333333,17.95,33.75
2023-08-17,0.55626,0,25.75,15.45,35.275
2023-08-18,0.54864,0,25.0614583333333,19,28.3
2023-08-19,0.41402,0,17.765625,8.125,26.525
2023-08-20,0.32004,0,18.3583333333333,10.975,23.75
2023-08-21,0.15494,0.0408,18.3260416666667,16.05,20.825
2023-08-22,0.31496,0.0034,19.2666666666667,15.9,25.6
2023-08-23,0.32004,0.0017,17.6177083333333,12.475,22.125
2023-08-24,0.33274,0.0017,14.8229166666667,5.7,23.225
2023-08-25,0.31242,0,16.8020833333333,8.875,24.625
2023-08-26,0.38354,0.0017,19.0104166666667,10.95,27.05
2023-08-27,0.38608,0,19.2885416666667,10.375,28.025
2023-08-28,0.38862,0,19.5104166666667,9.275,29.35
2023-08-29,0.42164,0.0272,19.4041666666667,10.35,30.75
2023-08-30,0.0381,0.0221,13.0958333333333,11.725,15.45
2023-08-31,0.20066,0.0136,15.38125,11.9,20.125
2023-09-01,0.2921,0.0119,15.1052083333333,7.775,22.65
2023-09-02,0.34798,0.0068,18.021875,9.5,26.3
2023-09-03,0.21082,0.0068,16.690625,12.525,21.2
2023-09-04,0.18034,0.0119,15.8552083333333,13.5,18.425
2023-09-05,0.26924,0.0085,16.671875,12.1,21.375
2023-09-06,0.27178,0.0034,15.7229166666667,9.525,22.425
2023-09-07,0.29972,0.0017,15.446875,7.575,22.75
2023-09-08,0.2667,0.0034,15.5395833333333,10.775,20.8
2023-09-09,0.30226,0.0017,15.05625,6.775,24.025
2023-09-10,0.3048,0,15.740625,7.25,25.5
2023-09-11,0.254,0,15.25625,6.85,23.3
2023-09-12,0.27178,0,18.0614583333333,12.875,23.825
2023-09-13,0.25146,0,17.071875,12.7,22.3
2023-09-14,0.26924,0,14.7041666666667,6.35,22.075
2023-09-15,0.28194,0.0085,14.2958333333333,6.375,22.875
2023-09-16,0.30226,0.0051,14.8489583333333,5.025,25.75
2023-09-17,0.27686,0.0017,14.596875,5.025,24.3
2023-09-18,0.33528,0,16.3041666666667,9.925,22.6
2023-09-19,0.18542,0.0034,10.525,4.125,16.4
2023-09-20,0.23622,0,10.790625,4.3,17.475
2023-09-21,0.15494,0.0238,11.88125,7.4,15.1
2023-09-22,0.08382,0.0187,10.8802083333333,9.225,12.675
2023-09-23,0.2413,0.0068,13.3104166666667,9.925,18.225
2023-09-24,0.1524,0.0017,11.0947916666667,5.475,16.675
2023-09-25,0.20066,0.0017,13.5854166666667,9,20.15
2023-09-26,0.16256,0.0051,11.31875,4.425,17.6
2023-09-27,0.09398,0.0051,8.46979166666667,3.225,11.2
2023-09-28,0.10922,0.0034,9.55416666666667,7.2,11.7
2023-09-29,0.15748,0.0017,9.69791666666667,5,14.725
2023-09-30,0.06858,0.0034,8.18958333333333,6.35,11
2023-10-01,0.15748,0.0017,10.2791666666667,6.4,15.425
2023-10-02,0.14478,0.0034,11.8052083333333,9.85,14.625
2023-10-03,0.07112,0.0017,10.7541666666667,9.05,12.425
2023-10-04,0.18542,0.0017,12.9635416666667,8.175,18.325
2023-10-05,0.14986,0,10.6322916666667,4.35,17.6
2023-10-06,0.16002,0.0017,9.28541666666667,2.8,18.025
2023-10-07,0.15494,0,9.03125,1.375,19.45
2023-10-08,0.15748,0.0017,9.51875,1.725,19.55
2023-10-09,0.16764,0,11.0458333333333,2.775,21.575
2023-10-10,0.13462,0.0017,10.3979166666667,6.325,17.6
2023-10-11,0.09398,0.0017,9.6125,8.175,11.85
2023-10-12,0.07366,0.0017,7.37291666666667,2.975,10.475
2023-10-13,0.14732,0.0017,10.2625,5.8,16.825
2023-10-14,0.05334,0.0017,6.71145833333333,3.025,10.5
2023-10-15,0.11176,0.0017,10.0854166666667,6.075,17.85
2023-10-16,0.09906,0.0017,10.1927083333333,4.875,15.975
2023-10-17,0.18288,0,11.1104166666667,5.425,14.325
2023-10-18,0.17018,0,9.678125,4.025,18.55
2023-10-19,0.18034,0,9.86354166666667,0.4,21.45
2023-10-20,0.20066,0,12.353125,3.425,23.05
2023-10-21,0.127,0,10.2875,3.325,18.85
2023-10-22,0.07366,0,8.52291666666667,5.05,12.1
2023-10-23,0.08128,0,7.97395833333333,5.925,10.725
2023-10-24,0.07366,0,2.05833333333333,-2.725,6.925
2023-10-25,0.07112,0,-2.85208333333333,-4.5,-1.15
2023-10-26,0.04826,0,-4.359375,-5.925,-2.825
2023-10-27,0.06096,0,-5.0375,-9.625,-0.675
2023-10-28,0.04318,0,-6.40729166666667,-11.95,-1.125
2023-10-29,0.0508,0.0833,-4.71666666666667,-9.475,1.075
2023-10-30,0.04572,0.1411,-3.24895833333333,-6.925,1.85
2023-10-31,0.0381,0.0935,-2.83541666666667,-6.525,1.95
2023-11-01,0.0381,0.1123,0.053125,-1.275,1.85
2023-11-02,0.00508,0.8687,1.05208333333333,0.175,2.3
2023-11-03,0.06858,0.4539,5.95729166666667,2.175,11.8
2023-11-04,0.0254,0.1241,3.88333333333333,-1.475,8.9
2023-11-05,0.09398,0.0833,8.24,2.575,10.75
2023-11-06,0.02286,1.8506,2.015625,-1.675,5.5
2023-11-07,0.05588,0.1479,6.13854166666667,2.95,8.225
2023-11-08,0.05842,0.0187,2.1625,-2.2,6.175
2023-11-09,0.04826,0,1.65625,-1.375,5.9
2023-11-10,0.06096,0,2.140625,-2.05,7.2
2023-11-11,0.10668,0,5.58541666666667,2.825,10.175
2023-11-12,0.07366,0,5.20416666666667,0.175,10
2023-11-13,0.05842,0.0034,3.25104166666667,-1.175,8.875
2023-11-14,0.08128,0,2.56354166666667,-1.425,7.85
2023-11-15,0.01524,0.9095,0.917708333333333,-2.4,3.075
2023-11-16,0.03048,0.2346,0.791666666666667,-2.375,4.125
2023-11-17,0.02286,0.0119,-1.13645833333333,-4.425,3.9
2023-11-18,0.01524,0.0051,-0.461458333333333,-1.65,0.5
2023-11-19,0.00508,0.1515,0.898958333333333,-0.75,2.575
2023-11-20,0.04572,0,2.39375,-2.075,5.05
2023-11-21,0.02286,0.0085,-0.938541666666667,-4.3,2.675
2023-11-22,0.01778,0.4692,1.365625,-2.05,4.925
2023-11-23,0.06096,0.0136,0.666666666666667,-1.875,4.925
2023-11-24,0.02794,0,-3.69375,-7.375,1.85
2023-11-25,0.0254,0,-6.17916666666667,-9.275,-1.15
2023-11-26,0.0127,0,-5.67291666666667,-9.925,-2.9
2023-11-27,0.02794,0,-2.625,-6.15,0.525
2023-11-28,0.00762,0,-5.87916666666667,-9.25,-3.525
2023-11-29,0.00762,0,-4.30104166666667,-5,-3.35
2023-11-30,0.0127,0,-5.21458333333333,-5.8,-4.35
2023-12-01,0.00508,0,-4.00208333333333,-5.4,-2.225
2023-12-02,0.0381,0.2227,-0.078125,-3.45,2.55
2023-12-03,0.02794,0.017,-0.951041666666667,-4.975,1.8
2023-12-04,0.02032,0.0867,-0.775,-3.675,1.6
2023-12-05,0.0127,0.2652,3.95208333333333,0.625,8.85
2023-12-06,0.02286,0.0986,4.94166666666667,2.95,8.15
2023-12-07,0.04064,0.17,4.46458333333333,0.6,7.1
2023-12-08,0.02032,0.0646,0.598958333333333,-1,1.4
2023-12-09,0.0254,0,-1.57708333333333,-5.05,0.45
2023-12-10,0.01524,0.4047,-0.0395833333333333,-1.7,1.5
2023-12-11,0.0127,0.4454,0.9,0.1,2.775
2023-12-12,0.02286,0.0068,-0.0229166666666667,-1.025,1.575
2023-12-13,0.0254,0,-1.21145833333333,-4.1,0.425
2023-12-14,0.02032,0,-2.75208333333333,-5.125,-1.05
2023-12-15,0.01016,0,-1.1,-3.225,1.425
2023-12-16,0.01778,0,-1.59375,-3.525,0.15
2023-12-17,0.01524,0,-0.584375,-2.3,3.225
2023-12-18,0.01016,0,-1.91458333333333,-3.275,-0.6
2023-12-19,0.01016,0.1752,0.441666666666667,-0.575,1.65
2023-12-20,0.00508,0.0527,1.275,0.45,2.575
2023-12-21,0.01778,0.0017,1.36145833333333,0.15,3.65
2023-12-22,0.00762,0.0612,0.167708333333333,-0.95,2.6
2023-12-23,0.03556,0.0153,0.711458333333333,-3.325,3.35
2023-12-24,0.01016,0,-4.41979166666667,-8.525,0
2023-12-25,0.00762,0,-7.003125,-10.375,-2.125
2023-12-26,0.02032,0,-5.33020833333333,-10.05,-1.125
2023-12-27,0.00762,0,-5.18333333333333,-8.1,-2.375
2023-12-28,0.01524,0,-2.19479166666667,-4.675,-0.45
2023-12-29,0.01016,0,-3.43958333333333,-4.55,-2.9
2023-12-30,0.00508,0,-2.890625,-3.35,-2.225
2023-12-31,0.00508,0,-1.31979166666667,-2.275,-0.2
2024-01-01,0.00762,0,-1.7375,-3.05,0.05
2024-01-02,0.01778,0,-1.90729166666667,-2.9,-0.25
2024-01-03,0.00762,0,-2.31770833333333,-3.1,-1.8
2024-01-04,0.0127,0.1785,0.0645833333333333,-1.725,1.425
2024-01-05,0.03302,0.0918,-0.19375,-3.475,1.525
2024-01-06,0.0381,0,0.1375,-0.575,1.675
2024-01-07,0.02032,0,-3.28229166666667,-6.125,-0.175
2024-01-08,0.02794,0,-4.05104166666667,-6.95,-1.225
2024-01-09,0.06604,0.3655,0.775,-3,4.475
2024-01-10,0.0508,0,-1.771875,-9.6,1.675
2024-01-11,0.02286,0,-15.5552083333333,-21.8,-10
2024-01-12,0.00762,0,-24.4517,-27.667,-21.925
2024-01-13,0.00762,0,-31.3684166666667,-36.85,-25.3
2024-01-14,0.01016,0,-24.0677083333333,-30.05,-19.475
2024-01-15,0.00762,0,-25.8572916666667,-32.425,-20.2
2024-01-16,0.0127,0,-18.6229166666667,-23.825,-14.125
2024-01-17,0.00762,0,-12.51875,-14.15,-10.725
2024-01-18,0.01778,0,-15.4416666666667,-20.2,-10.65
2024-01-19,0.01016,0,-14.8041666666667,-21.55,-10.225
2024-01-20,0.0127,0,-7.36041666666667,-9.9,-5.2
2024-01-21,0.02286,0,-3.409375,-5.675,-1.275
2024-01-22,0.0254,0.2907,-0.307291666666667,-1.675,1.15
2024-01-23,0.0254,0.816,1.51979166666667,0.25,3.525
2024-01-24,0.0254,0.204,2.02708333333333,0.8,4.725
2024-01-25,0.04064,0,3.19791666666667,1.05,6.075
2024-01-26,0.05842,0.0085,3.03958333333333,-0.6,6.025
2024-01-27,0.03048,0.1513,0.246875,-2.675,2.45
2024-01-28,0.03302,0.0306,2.12916666666667,0.65,4.825
2024-01-29,0.02794,0.0085,2.34479166666667,-0.7,6.15
2024-01-30,0.0254,0.017,-0.251041666666667,-1.05,0.85
2024-01-31,0.02286,0.0017,-2.075,-4.425,-0.1
2024-02-01,0.02286,0.0068,-2.97916666666667,-6.9,-0.225
2024-02-02,0.03048,0.1972,0.0104166666666667,-3.45,2.125
2024-02-03,0.02794,0.9435,1.24583333333333,0.1,2.375
2024-02-04,0.02794,0.2092,-0.873958333333333,-4.475,0.7
2024-02-05,0.01778,0,-1.715625,-5.025,0.25
2024-02-06,0.03048,0.5086,0.385416666666667,-0.6,1.55
2024-02-07,0.03048,0.0153,-0.108333333333333,-0.9,0.975
2024-02-08,0.0254,0.0765,0.513541666666667,-0.375,1.475
2024-02-09,0.04826,0.1989,-0.438541666666667,-6.225,1.725
2024-02-10,0.04318,0,-4.9625,-10.375,0.95
2024-02-11,0.03302,0.0595,-0.986458333333333,-4.175,1.45
2024-02-12,0.03556,0.4114,1.52395833333333,0.475,2.3
2024-02-13,0.04572,0.0629,-1.24583333333333,-4.65,1.2
2024-02-14,0.05588,0,-5.96666666666667,-9.95,-1.675
2024-02-15,0.06096,0,-5.54791666666667,-7.175,-3.05
2024-02-16,0.05334,0,-9.69479166666667,-15.575,-3.65
2024-02-17,0.05842,0,-10.3739583333333,-16.125,-2.625
2024-02-18,0.03556,0,-6.93125,-11.175,-4.05
2024-02-19,0.05334,0.1804,-1.778125,-4.2,2.25
2024-02-20,0.04318,0.1938,0.440625,-1.325,2.325
2024-02-21,0.05588,0.0085,1.41666666666667,-2.25,4.975
2024-02-22,0.05842,0,3.35,1.5,5.1
2024-02-23,0.1143,0,3.97083333333333,0.225,7.475
2024-02-24,0.06858,0,4.58333333333333,3.65,5.3
2024-02-25,0.09398,0.0272,5.04166666666667,4.075,6.15
2024-02-26,0.13208,0,0.186458333333333,-6,5.475
2024-02-27,0.08636,0,-5.20833333333333,-9.4,-1.025
2024-02-28,0.09398,0.0153,1.12395833333333,-3.125,5.1
2024-02-29,0.14478,0.0068,5.72916666666667,1.675,9.65
2024-03-01,0.10922,0,1.69583333333333,-0.075,3.975
2024-03-02,0.0381,0,-2.37916666666667,-6.975,0.65
2024-03-03,0.0889,0.2261,-3.30520833333333,-8.625,2.35
2024-03-04,0.09144,0,-0.771875,-2.6,1.3
2024-03-05,0.14732,0,-0.584375,-3.425,2.375
2024-03-06,0.1143,0,-2.35625,-6.325,2.8
2024-03-07,0.11176,0,-3.24895833333333,-9.3,3.25
2024-03-08,0.127,0,-1.140625,-7.95,5.625
2024-03-09,0.1524,0,2.27395833333333,-5.45,9.075
2024-03-10,0.10668,0.0034,5.05217391304348,3.825,6.45
2024-03-11,0.12954,0.0442,NA,NA,NA
2024-03-12,0.13716,0.136,4.95416666666667,2.6,9.175
2024-03-13,0.13716,0,3.38958333333333,0.75,5.975
2024-03-14,0.13716,0,2.28020833333333,-2.425,8.475
2024-03-15,0.16256,0,3.21875,-3.45,11.875
2024-03-16,0.1905,0.0051,5.01875,-2.175,15.3
2024-03-17,0.20828,0.0034,6.58645833333333,-1.6,15.525
2024-03-18,0.25146,0,7.584375,-1.625,18.125
2024-03-19,0.23876,0.0017,8.18020833333333,-0.675,18.275
2024-03-20,0.25908,0,8.459375,1.35,17.35
2024-03-21,0.15748,0,6.75241666666667,3.275,10.05
2024-03-22,0.127,0.0391,2.89895833333333,-1,7.575
2024-03-23,0.05588,0.1037,0.379166666666667,-2.6,2.825
2024-03-24,0.07874,0,-2.9375,-4.85,-0.05
2024-03-25,0.09652,0.2654,-2.44166666666667,-7.9,2
2024-03-26,0.10414,0.194,1.79583333333333,-0.5,5.9
2024-03-27,0.18796,0.1887,5.59375,2.6,8.875
2024-03-28,0.13716,0.085,4.78854166666667,3.05,7.675
2024-03-29,0.10414,0.2533,3.09479166666667,0.175,6.1
2024-03-30,0.1651,0.0255,2.63541666666667,-1.85,7.55
2024-03-31,0.21336,0,5.06354166666667,-0.475,10.8
2024-04-01,0.27686,0,6.58229166666667,-1.825,14.8
2024-04-02,0.32004,0,10.4083333333333,2.1,18
2024-04-03,0.17526,0.0646,10.0916666666667,7.05,12.125
2024-04-04,0.16002,0.5049,6.82916666666667,3.65,12.475
2024-04-05,0.20574,0.3383,6.41770833333333,2.6,11.85
2024-04-06,0.07366,1.3753,3.175,1.4,5.275
2024-04-07,0.08636,0.4777,3.58541666666667,1.5,5.975
2024-04-08,0.14732,0.0034,4.80104166666667,1.15,8.075
2024-04-09,0.2286,0.1394,7.38229166666667,4.125,12.55
2024-04-10,0.2413,0.017,5.87291666666667,-1.025,11.85
2024-04-11,0.28448,0,8.36145833333333,0.425,15.7
2024-04-12,0.27432,0,11.2802083333333,7.275,16.35
2024-04-13,0.33782,0,13.5270833333333,8.7,20.075
2024-04-14,0.35052,0,12.80625,3.05,23.4
2024-04-15,0.33274,0,12.5989583333333,9.575,16.275
2024-04-16,0.25654,0,6.628125,2.575,9.525
2024-04-17,0.2159,0.0799,3.54375,-0.35,7.8
2024-04-18,0.19558,0,3.11875,0.525,6.975
2024-04-19,0.254,0,2.18333333333333,-3.05,7.4
2024-04-20,0.28448,0,3.803125,-5.025,12.275
2024-04-21,0.31242,0,6.83645833333333,1.575,11.025
2024-04-22,0.2921,0,6.58229166666667,-1.05,12.825
2024-04-23,0.34036,0,7.778125,-2.225,16.775
2024-04-24,0.39878,0,10.6625,0.45,18.875
2024-04-25,0.28194,0,11.1010416666667,8.8,15.075
2024-04-26,0.23876,0,9.40416666666667,6.125,13.45
2024-04-27,0.16256,0.4165,7.9625,5.35,11.625
2024-04-28,0.2286,0.0068,8.31458333333333,5.8,11.3
2024-04-29,0.17018,0.1054,5.93854166666667,3.8,7.65
2024-04-30,0.2032,0,4.653125,1.3,8.475
2024-05-01,0.09398,0.5644,2.86491666666667,0.925,4.2
2024-05-02,0.19558,0.2108,5.37291666666667,2.475,9.475
2024-05-03,0.29972,0.0017,6.59166666666667,-0.75,12.45
2024-05-04,0.32512,0,9.478125,-1.325,18.125
2024-05-05,0.25654,0.595,10.796875,6.775,15.7
2024-05-06,0.17526,1.5997,7.22604166666667,5.025,11.25
2024-05-07,0.08382,0.6443,5.63645833333333,3.825,7.55
2024-05-08,0.25908,0.0646,8.9125,4.4,14.05
2024-05-09,0.3683,0,12.19375,4.675,18.2
2024-05-10,0.44196,0,13.6729166666667,4.1,21.675
2024-05-11,0.4572,0,15.4802083333333,5.25,23.575
2024-05-12,0.49276,0,17.1302083333333,8.075,24.975
2024-05-13,0.42164,0,16.471875,10.575,22.125
2024-05-14,0.33274,0.0442,13.984375,9.575,18.425
2024-05-15,0.38862,0,14.4614583333333,5.675,21.075
2024-05-16,0.52832,0,17.5541666666667,13.55,21.6
2024-05-17,0.26162,0.0816,9.578125,5.375,15.2
2024-05-18,0.2286,0.0136,7.3875,1.525,11.55
2024-05-19,0.2159,0.0765,4.95625,-0.15,9.575
2024-05-20,0.26162,0.0068,7.67708333333333,3.825,11.975
2024-05-21,0.29718,0.0459,10.3875,5.925,14.625
2024-05-22,0.1524,0.833,8.540625,6.8,10.375
2024-05-23,0.3175,0.3315,9.38020833333333,3.25,14.95
2024-05-24,0.16256,1.9346,8.11666666666667,6.225,12.35
2024-05-25,0.2032,0.5831,8.55104166666667,5.7,11.775
2024-05-26,0.28956,0,10.6166666666667,7.675,15.05
2024-05-27,0.38862,0,13.434375,6.75,19.75
2024-05-28,0.39624,0.3775,14.7916666666667,6.55,24.15
2024-05-29,0.36322,0.2397,12.0760416666667,6.525,14.475
2024-05-30,0.30988,0,9.78645833333333,5.9,14.9
2024-05-31,0.4064,0,10.8708333333333,1.75,17.675
2024-06-01,0.30988,0.0017,11.7760416666667,4.075,18.55
2024-06-02,0.17018,0.2992,11.5885416666667,8.075,15.375
2024-06-03,0.18542,0.8636,10.8989583333333,7.45,12
2024-06-04,0.13716,0.1768,9.915625,6.725,13.3
2024-06-05,0.47244,0,14.4395833333333,9.475,19.525
2024-06-06,0.46482,0,14.659375,4.65,23.325
2024-06-07,0.50292,0,17.2333333333333,7.625,25.7
2024-06-08,0.47498,0,16.6114583333333,6.775,24.175
2024-06-09,0.3937,0,15.9760416666667,8.175,23.4
2024-06-10,0.4445,0.0425,18.2802083333333,13.4,23.4
2024-06-11,0.54864,0,18.3989583333333,11.45,25.275
2024-06-12,0.57404,0,16.79375,10.625,21.2
2024-06-13,0.47752,0,15.4052083333333,5.125,24.175
2024-06-14,0.49784,0.0034,16.7239583333333,9.525,23.825
2024-06-15,0.25908,0.1785,9.80833333333333,6.475,13.35
2024-06-16,0.31242,0,9.33854166666667,5.275,13.55
2024-06-17,0.17272,0,7.78645833333333,4.8,10.975
2024-06-18,0.1524,0.8449,8.05,6.05,9.675
2024-06-19,0.38608,0.2074,11.1604166666667,5.25,18.1
2024-06-20,0.44958,0.0051,13.8791666666667,3.825,23.4
2024-06-21,0.51054,0,17.3675,9.575,26.125
2024-06-22,0.34544,0,NA,NA,NA
2024-06-23,0.6731,0,20.31875,13.125,28.35
2024-06-24,0.69342,0,19.48165,11.3,25.05
2024-06-25,0.50038,0,17.7385416666667,6.7,26.4
2024-06-26,0.28448,0.0306,17.578125,10.075,24.05
2024-06-27,0.2921,0.5389,14.946875,11.35,18.825
2024-06-28,0.37084,0.0051,15.3239583333333,11.125,20.875
2024-06-29,0.42164,0,17.24375,10,24.025
2024-06-30,0.26162,1.0338,14.95,12.025,19.7
2024-07-01,0.2667,0.6494,14.1520833333333,10.6,19.375
2024-07-02,0.35814,0.2516,15.3677083333333,9.775,20.6
2024-07-03,0.33528,0.3487,14.6666666666667,11.8,18.775
2024-07-04,0.44958,0.2414,16.8145833333333,10.25,23.925
2024-07-05,0.48514,0.0782,18.7333333333333,10.025,27.175
2024-07-06,0.50038,0.0918,20.3385416666667,14.1,26.55
2024-07-07,0.52578,0,21.1645833333333,12.35,28.6
2024-07-08,0.5334,0,22.0395833333333,12.7,30.6
2024-07-09,0.54356,0,23.3572916666667,13.55,33.6
2024-07-10,0.54102,0,24.0052083333333,14.225,32.6
2024-07-11,0.60198,0,24.0427083333333,14.575,32.675
2024-07-12,0.53086,0,22.4104166666667,13.125,30.475
2024-07-13,0.55118,0,22.8291666666667,13.8,31.3
2024-07-14,0.59436,0,23.115625,13.95,32.475
2024-07-15,0.5461,0,23.276375,13.425,30.933
2024-07-16,0.47244,1.5251,20.2510416666667,12.85,26.475
2024-07-17,0.48768,1.5929,20.121875,12.125,30.4
2024-07-18,0.48514,0.2516,23.8260416666667,17.05,30.4
2024-07-19,0.48514,0,23.4208333333333,14.55,31.175
2024-07-20,0.53086,0,24.5239583333333,14.7,34.325
2024-07-21,0.55118,0,25.8333333333333,15.45,35
2024-07-22,0.45212,0,24.4739583333333,16.5,31.925
2024-07-23,0.51308,0,24.3291666666667,16.3,32.3
2024-07-24,0.508,0.0731,22.553125,11.775,32.85
2024-07-25,0.4826,0,20.9604166666667,14.575,24.1
2024-07-26,0.44958,0,16.496875,7.75,24.275
2024-07-27,0.40386,0,17.60625,8.4,25.125
2024-07-28,0.381,0,18.084375,9.9,24.875
2024-07-29,0.44704,0.0306,19.2489583333333,10.2,26.675
2024-07-30,0.21336,0.5661,16.775,15.1,18.875
2024-07-31,0.4572,0.1564,19.8010416666667,13.1,27.275
2024-08-01,0.4699,0,21.378125,11.875,30.15
2024-08-02,0.46482,0,22.7427083333333,12.95,31.4
2024-08-03,0.2794,0,21.0572916666667,14.55,26.025
2024-08-04,0.09398,0.2941,18.634375,16.425,21.55
2024-08-05,0.2667,0.2771,18.5322916666667,14.875,23.075
2024-08-06,0.33274,0.1411,19.8729166666667,13.125,25.475
2024-08-07,0.33274,0.1003,18.3697916666667,14,23.4
2024-08-08,0.40132,0.0068,17.503125,9.4,23.925
2024-08-09,0.38608,0,18.8552083333333,9.35,26.45
2024-08-10,0.36576,0.0493,17.815625,11.7,27.2
2024-08-11,0.34798,0.034,17.5864583333333,10.2,24.875
2024-08-12,0.29972,0.0782,18.4385416666667,11.625,25.475
2024-08-13,0.3429,0.0323,18.4041666666667,12.55,25.05
2024-08-14,0.4064,0,19.596875,11.3,26.3
2024-08-15,0.4699,0.0629,20.4322916666667,12.2,29.925
2024-08-16,0.22606,0.187,16.6125,12.825,20.575
2024-08-17,0.38354,0.051,17.30625,8.75,28.075
2024-08-18,0.45466,0.0357,21.4114583333333,12.425,31.675
2024-08-19,0.42926,0.0765,21.23125,14.375,30.225
2024-08-20,0.38608,0.1207,19.9739583333333,12.8,26.725
2024-08-21,0.27686,0.0357,17.6770833333333,13.175,22.1
2024-08-22,0.3683,0.0051,16.9875,6.7,28.25
2024-08-23,0.41402,0.0884,18.746875,11.95,30.6
2024-08-24,0.3048,0.0238,14.73125,8.75,19.95
2024-08-25,0.16764,0,14.3083333333333,10.3,17.575
2024-08-26,0.32512,0.0068,14.1135416666667,4.75,23.125
2024-08-27,0.32512,0.1868,15.1645833333333,7.075,24.45
2024-08-28,0.0762,0.0561,8.74166666666667,7.175,10.825
2024-08-29,0.27432,0.0901,12.1489583333333,5.25,20.25
2024-08-30,0.3429,0.068,15.575,6.075,25.85
2024-08-31,0.34544,0.0204,18.0552083333333,7.45,30.45
2024-09-01,0.30988,0,17.4479166666667,8.5,25.85
2024-09-02,0.28702,0,18.0302083333333,8.7,26.25
2024-09-03,0.30988,0,19.3052083333333,12.925,26.025
2024-09-04,0.32004,0,18.6791666666667,9.95,27.2
2024-09-05,0.34036,0,19.165625,10.375,29.325
2024-09-06,0.32258,0,18.4041666666667,8.5,27.875
2024-09-07,0.32004,0,18.390625,8.275,28.95
2024-09-08,0.3048,0,18.39375,8.375,26.125
2024-09-09,0.39878,0,22.0364583333333,16.375,28.625
2024-09-10,0.31242,0,18.0604166666667,10.35,25.95
2024-09-11,0.19304,0,14.88125,10.475,18.925
2024-09-12,0.06604,0.1445,12.2916666666667,11.5,13.775
2024-09-13,0.2159,0.0884,14.2239583333333,11.8,19.275
2024-09-14,0.1905,0.0646,13.5,10.625,18.1
2024-09-15,0.127,0.0527,10.8229166666667,6.075,17.35
2024-09-16,0.14986,0.0493,11.9697916666667,6.5,17.85
2024-09-17,0.19558,0.0459,13.9947916666667,8.475,21.8
2024-09-18,0.21336,0.0408,15.7479166666667,11.6,19.4
2024-09-19,0.27432,0.0323,16.8895833333333,13.45,21.5
2024-09-20,0.29464,0.017,15.3635416666667,9.375,18.2
2024-09-21,0.20828,0.0068,9.46770833333333,1.375,17.875
2024-09-22,0.22352,0,10.91875,2.25,19.2
2024-09-23,0.21082,0,16.4583333333333,13.025,21.15
2024-09-24,0.24638,0,15.8614583333333,7.875,24.7
2024-09-25,0.30734,0.068,16.8864583333333,8.75,28.5
2024-09-26,0.25654,0.0578,14.884375,9.525,18.375
2024-09-27,0.23876,0,14.1197916666667,5.775,22.55
2024-09-28,0.21082,0.0034,13.0520833333333,4.55,23.85
2024-09-29,0.2794,0.0034,12.0510416666667,7.825,18.85
2024-09-30,0.20828,0,8.33645833333333,0.8,14.875
2024-10-01,0.30988,0,11.5364583333333,0.725,21.3
2024-10-02,0.32004,0,13.9208333333333,7.1,18.625
2024-10-03,0.16764,0,6.596875,-0.875,15.075
2024-10-04,0.22352,0.0068,6.65833333333333,-2.35,17.675
2024-10-05,0.1905,0.0017,10.2489583333333,5.4,15.75
2024-10-06,0.16764,0,8.19479166666667,0.3,17.3
2024-10-07,0.19304,0.0034,9.63541666666667,0.125,21.075
2024-10-08,0.18288,0.0051,10.4114583333333,0.325,21.1
2024-10-09,0.1905,0,13.7864583333333,4.925,21.175
2024-10-10,0.18796,0,12.409375,4.75,18.15
2024-10-11,0.13462,0.0017,6.92604166666667,-0.575,16.175
2024-10-12,0.1524,0.0068,7.94375,0.025,19.725
2024-10-13,0.14732,0.0068,8.15,-0.325,19.25
2024-10-14,0.14986,0.0051,9.453125,0.7,19.6
2024-10-15,0.13208,0.0017,10.203125,2.7,19.325
2024-10-16,0.04826,0.1054,9.31875,6.1,11.875
2024-10-17,0.10414,0.1326,5.16354166666667,1.625,9.45
2024-10-18,0.11938,0.0272,3.33125,-3.75,9.9
2024-10-19,0.11938,0,9.98958333333333,6.125,15.075
2024-10-20,0.22352,0,15.3802083333333,9,22.15
2024-10-21,0.05842,0.6987,11.321875,5.725,15.125
2024-10-22,0.09906,0.3366,6.896875,1.325,10.325
2024-10-23,0.05334,0.0102,1.32604166666667,-2.65,6.1
2024-10-24,0.1016,0,4.22708333333333,-0.55,8.125
2024-10-25,0.0762,0,1.84583333333333,-3.675,9.275
2024-10-26,0.08382,0.0017,3.97604166666667,-2.425,13.4
2024-10-27,0.09398,0.0085,5.234375,-0.45,12.5
2024-10-28,0.09906,0.0119,6.76458333333333,3.425,9.275
2024-10-29,0.0635,0,4.228125,1.375,7.425
2024-10-30,0.08636,0,3.234375,-1.625,8.4
2024-10-31,0.0254,0.0051,-1.36458333333333,-4.525,1.35
2024-11-01,0.0635,0.2246,2.30416666666667,-1.5,7.3
2024-11-02,0.03556,0.5695,4.41979166666667,3.2,7.25
2024-11-03,0.03302,0.1275,3.512,1.925,5.55
2024-11-04,0.0381,0.0918,2.87291666666667,0.4,5.275
2024-11-05,0.02032,0.1938,2.30833333333333,1.475,3.85
2024-11-06,0.04318,0.1802,1.25729166666667,-2,4.4
2024-11-07,0.0508,0.0119,1.60520833333333,-2.075,7.5
2024-11-08,0.0381,0.0153,0.264583333333333,-4.35,6.75
2024-11-09,0.02032,0.0255,-0.201041666666667,-3.125,2.025
2024-11-10,0.02794,0.0255,4.65833333333333,2.15,6.875
2024-11-11,0.03556,0,5.475,2.4,7.4
2024-11-12,0.0508,0.017,5.55104166666667,3.7,7
2024-11-13,0.06096,0.1462,4.38125,2.775,6.775
2024-11-14,0.03302,0.2805,5.12395833333333,3.625,7.25
2024-11-15,0.04318,0.1683,1.796875,-3.025,7.2
2024-11-16,0.05842,0.0119,1.18541666666667,-1.5,5.2
2024-11-17,0.07366,0.1258,3.46354166666667,0.4,7.425
2024-11-18,0.07366,0,2.309375,-0.6,4.925
2024-11-19,0.0381,0.0221,-0.376041666666667,-4.1,3.3
2024-11-20,0.03048,0,-1.4875,-3.5,-0.1
2024-11-21,0.02032,0.5765,1.20833333333333,-0.725,3.675
2024-11-22,0.00254,0.3808,1.38645833333333,0.5,2.45
2024-11-23,0.00508,0.2584,0.732291666666667,0.1,1.725
2024-11-24,0.01524,0.0459,-1.59166666666667,-3.15,1
2024-11-25,0.0254,0.3283,-0.335416666666667,-2.8,2.025
2024-11-26,0.02286,0.5323,1.42604166666667,-0.125,3.8
2024-11-27,0.01524,0.0596,0.229166666666667,-0.775,1.875
2024-11-28,0.01524,0,-1.05729166666667,-3.175,0.7
2024-11-29,0.02286,0.0136,-1.64479166666667,-3.5,1.55
2024-11-30,0.02286,0.0017,-2.38125,-4.475,1.575
2024-12-01,0.02286,0.0017,-1.890625,-4.125,1.475
2024-12-02,0.01524,0,-4.05625,-6.6,-2.45
2024-12-03,0.00508,0,-3.1375,-3.825,-2.525
2024-12-04,0.00508,0,-3.69583333333333,-4.45,-3.075
2024-12-05,0.00508,0,-3.85104166666667,-4.3,-3.325
2024-12-06,0.00508,0,-2.796875,-3.975,-1.525
2024-12-07,0.01016,0.7242,-0.253125,-1.975,4.875
2024-12-08,0.03302,0.0935,2.025,-0.6,4.55
2024-12-09,0.02794,0.0051,-0.376041666666667,-2.075,1.45
2024-12-10,0.0254,0.0051,-0.117708333333333,-1.4,2.875
2024-12-11,0.0254,0,-0.7125,-2.025,1.125
2024-12-12,0.01778,0,-2.22916666666667,-4.55,-0.95
2024-12-13,0.00508,0,-0.659375,-1.7,0.525
2024-12-14,0.02032,0.1532,0.991666666666667,-1.475,4.625
2024-12-15,0.04064,0.0408,1.26666666666667,-0.75,4
2024-12-16,0.02794,0,-1.26145833333333,-2.85,0.025
2024-12-17,0.02032,0.0986,-0.320833333333333,-1.85,1.65
2024-12-18,0.08128,0.442,4.49270833333333,0.875,8.375
2024-12-19,0.03302,0,1.6625,-1.7,3.8
2024-12-20,0.02286,0,2.825,0,6.625
2024-12-21,0.02032,0.0833,-0.207291666666667,-2.95,3.075
2024-12-22,0.0381,0.0153,3.55833333333333,0.9,6.775
2024-12-23,0.03048,0.1785,2.63333333333333,-0.525,7.2
2024-12-24,0.02794,0.0238,1.925,-0.95,4.125
2024-12-25,0.04572,0,2.08958333333333,-1.15,4.7
2024-12-26,0.04064,0.0238,2.00520833333333,-0.5,4.775
2024-12-27,0.04064,0.0289,2.15520833333333,-0.95,4.375
2024-12-28,0.0381,0.2125,3.71666666666667,1.3,6.475
2024-12-29,0.02286,0.0697,2.51145833333333,0.1,5.275
2024-12-30,0.01016,0.1615,0.463541666666667,-0.175,1.325
2024-12-31,0.02032,0.0374,-0.816666666666667,-3,0.775
2025-01-01,0.02032,0,-2.59791666666667,-3.875,-1.5
2025-01-02,0.01524,0.1649,-1.44791666666667,-3.275,0.75
2025-01-03,0.01778,0.216,-1.43854166666667,-3.65,-0.3
2025-01-04,0.00508,0,-2.52604166666667,-3.85,-0.6
2025-01-05,0.0127,0.5882,-0.553125,-2.525,1.925
2025-01-06,0.00762,0.204,-1.72708333333333,-6.15,1.175
2025-01-07,0.02286,0,-2.340625,-4.1,-1.075
2025-01-08,0.01524,0,-1.80833333333333,-4.075,-0.95
2025-01-09,0.02032,0.0051,-1.50520833333333,-2.5,0.2
2025-01-10,0.0127,0,-1.32291666666667,-2.85,0.85
2025-01-11,0.02286,0.3522,-0.0489583333333333,-0.85,1.025
2025-01-12,0.01778,0,-1.83958333333333,-2.925,-0.275
2025-01-13,0.02032,0.0034,-1.5375,-3.525,0.475
2025-01-14,0.0254,0.1838,-1.12708333333333,-3.4,1.125
2025-01-15,0.0127,0,-5.20208333333333,-7.35,-1.75
2025-01-16,0.02286,0,-3.61458333333333,-5.225,-1.75
2025-01-17,0.03302,0,-5.49791666666667,-9.55,-3.075
2025-01-18,0.02032,0,-10.7229166666667,-14.525,-7.475
2025-01-19,0.0381,0,-9.42083333333333,-15.725,-3.95
2025-01-20,0.02286,0,-14.253125,-17.55,-9.85
2025-01-21,0.02286,0,-9.71041666666667,-14.2,-4.4
2025-01-22,0.0254,0,-8.31041666666667,-11.95,-2.825
2025-01-23,0.01778,0,-9.41979166666667,-14.75,-5.325
2025-01-24,0.0254,0,-7.10520833333333,-11.175,-2.75
2025-01-25,0.01778,0,-11.1697916666667,-16.525,-3.8
2025-01-26,0.02286,0,-8.31875,-12.275,-3.575
2025-01-27,0.02286,0,-10.959375,-15.675,-5.375
2025-01-28,0.01778,0,-7.99583333333333,-9.3,-6.1
2025-01-29,0.02032,0,-6.48333333333333,-7.7,-4.925
2025-01-30,0.02032,0,-5.971875,-7.225,-4.15
2025-01-31,0.0254,0.0238,-2.80833333333333,-6.4,2.15
2025-02-01,0.1016,1.0599,1.41354166666667,-4.4,3.8
2025-02-02,0.0508,0.0068,-5.38229166666667,-9.6,1.325
2025-02-03,0.02794,0,-12.4510416666667,-13.9,-10.6
2025-02-04,0.02032,0,-15.1114583333333,-15.75,-13.825
2025-02-05,0.02286,0,-13.0322916666667,-15.775,-8.475
2025-02-06,0.02286,0,-10.2427083333333,-14.825,-6.2
2025-02-07,0.02794,0,-9.54375,-14.65,-6.1
2025-02-08,0.03302,0,-5.88645833333333,-7.825,-3.375
2025-02-09,0.03556,0,-9.28020833333333,-14.6,-2.875
2025-02-10,0.04064,0,-12.25,-20.95,-8.475
2025-02-11,0.02286,0,-20.1395833333333,-26.475,-11.675
2025-02-12,0.0254,0,-16.184375,-22.8,-10.15
2025-02-13,0.03302,0,-14.6875,-23.375,-8.875
2025-02-14,0.02286,0,-7.80208333333333,-9.575,-5.65
2025-02-15,0.01778,0,-7.20104166666667,-8.9,-5.025
2025-02-16,0.02286,0,-4.59166666666667,-6.825,-1.975
2025-02-17,0.03048,0,-5.38541666666667,-7.075,-3.475
2025-02-18,0.05334,0.0272,-5.23333333333333,-11.125,-0.35
2025-02-19,0.04318,0,-8.14895833333333,-15.75,-2.925
2025-02-20,0.04572,0.1395,-1.64791666666667,-4.575,1.275
2025-02-21,0.08382,0.352,2.2125,0.125,4.6
2025-02-22,0.08636,0,4.32916666666667,0.775,6.5
2025-02-23,0.09652,0.527,5.90729166666667,4,8.2
2025-02-24,0.13462,0.1921,4.88020833333333,2.05,7.525
2025-02-25,0.08636,0.0017,3.72604166666667,2.55,4.575
2025-02-26,0.10668,0,3.93645833333333,-0.5,6.625
2025-02-27,0.13462,0.0017,2.965625,-3.975,10.075
2025-02-28,0.127,0,4.54895833333333,-1.025,12.9
2025-03-01,0.10922,0.0051,2.15520833333333,-3.675,10.35
2025-03-02,0.11938,0.0102,1.94895833333333,-4.1,11.15
2025-03-03,0.08382,0.017,1.87604166666667,-2.625,7.6
2025-03-04,0.08382,0.0017,2.86875,0.525,6.1
2025-03-05,0.13716,0,3.88125,-1.4,7.8
2025-03-06,0.14224,0.0034,1.18645833333333,-5.325,9.475
2025-03-07,0.14224,0,1.878125,-5.725,9.025
2025-03-08,0.18796,0,5.60625,0.4,11.05
2025-03-09,0.25146,0,8.32826086956522,2.95,12.95
2025-03-10,0.22098,0,6.1375,3.55,8.375
2025-03-11,0.07874,0.0561,3.271875,0.65,5.925
2025-03-12,0.05334,0.6035,3.73229166666667,2.2,6.575
2025-03-13,0.10414,0.2924,3.06875,0,7.025
2025-03-14,0.12192,0,1.22291666666667,-0.875,4.425
2025-03-15,0.0762,0.119,0.781958333333333,-2.275,4.6
2025-03-16,0.12954,0.0493,3.3295,0.133,7.5
2025-03-17,0.14224,0,2.39166666666667,-0.975,6.425
2025-03-18,0.13462,0.0561,1.42708333333333,-1.275,5.75
2025-03-19,0.18288,0,1.946875,-2.375,7.2
2025-03-20,0.18796,0.0068,4.31458333333333,2.275,7.7
2025-03-21,0.17018,0.1904,4.40729166666667,0.5,9.8
2025-03-22,0.1016,0.6772,2.12708333333333,0.2,5.95
2025-03-23,0.0762,0.2567,3.02083333333333,1.35,5.525
2025-03-24,0.09652,0.1615,8.47291666666667,5.975,10.825
2025-03-25,0.15748,0.0697,10.4375,6.675,16.775
2025-03-26,0.2413,0.0153,10.0572916666667,1.125,20.35
2025-03-27,0.23622,0.4182,11.809375,6.45,18.025
2025-03-28,0.1778,0.2346,7.978125,5.4,12.15
2025-03-29,0.17018,0.0068,6.275,2.8,10.6
2025-03-30,0.20828,0.0068,4.95729166666667,-2.75,12.05
2025-03-31,0.17018,0.4386,5.18020833333333,2.5,10.625
2025-04-01,0.07112,3.1584,1.53645833333333,0.1,2.925
2025-04-02,0.10922,0.2873,3.725,1.725,6.5
2025-04-03,0.10668,0.3366,1.73020833333333,-2.55,4
2025-04-04,0.18034,0.0068,0.460416666666667,-6.05,6.9
2025-04-05,0.2286,0,4.00520833333333,-3.225,11.775
2025-04-06,0.27178,0.0017,6.85,-2.4,15.9
2025-04-07,0.13208,0,6.3625,0.225,12.25
2025-04-08,0.25146,0,8.03541666666667,5.75,11.825
2025-04-09,0.26924,0,7.628125,2.225,12.3
2025-04-10,0.3048,0,7.8125,-1.5,19.075
2025-04-11,0.32512,0,11.4447916666667,5.775,15.8
2025-04-12,0.22098,0,5.58958333333333,0.05,10.55
2025-04-13,0.23368,0.2143,4.903125,0.125,10.525
2025-04-14,0.3048,0,6.4375,-2.1,15.2
2025-04-15,0.38354,0,9.55416666666667,-1.45,20.35
2025-04-16,0.12192,0.3842,5.203125,1.525,8.225
2025-04-17,0.23622,0,2.88958333333333,-3.475,8.775
2025-04-18,0.28702,0,4.56145833333333,-4.1,12.5
2025-04-19,0.15494,0,6.14270833333333,-0.15,10.275
2025-04-20,0.25908,0.0646,8.54166666666667,5.625,13.05
2025-04-21,0.14478,0.3673,4.97083333333333,2.275,7.425
2025-04-22,0.23622,0.0085,4.58020833333333,-2.625,10.25
2025-04-23,0.30988,0,6.39895833333333,-1.875,14.45
2025-04-24,0.37846,0,9.25,-0.7,18.2
2025-04-25,0.38354,0,11.1572916666667,0.75,20.2
2025-04-26,0.3302,0,10.8125,1.9,18.05
2025-04-27,0.32004,0.0221,11.0104166666667,2.45,19.425
2025-04-28,0.3175,0,11.646875,5.35,16.6
2025-04-29,0.15494,0.7514,10.153125,8.125,12.85
2025-04-30,0.25908,0,10.3208333333333,6.075,14.675
2025-05-01,0.37846,0,11.70625,2.35,19.55
2025-05-02,0.42672,0,13.6083333333333,2.85,23.4
2025-05-03,0.51054,0,15.146875,4.525,25.15
2025-05-04,0.2413,0.5207,10.0927083333333,7.9,14.675
2025-05-05,0.28194,0,9.55520833333333,5.25,14.45
2025-05-06,0.381,0,9.54583333333333,-1.55,19.55
2025-05-07,0.4699,0,13.9854166666667,2.875,23.15
2025-05-08,0.53086,0,15.84375,11.8,20.9
2025-05-09,0.45212,0,14.565625,5.05,25
2025-05-10,0.41402,0,16.5052083333333,7.475,24.875
2025-05-11,0.41656,0,15.85,9.225,22.3
2025-05-12,0.23114,0.7897,10.5416666666667,7.6,13.825
2025-05-13,0.36068,0,10.8322916666667,4.525,17.425
2025-05-14,0.22098,0.6242,9.48125,5.85,14.7
2025-05-15,0.18542,0.9185,9.22395833333333,7.825,12.1
2025-05-16,0.18288,0.2686,7.17395833333333,2.15,11.95
2025-05-17,0.30226,0.0681,10.6760416666667,7.025,16
2025-05-18,0.11684,1.2491,7.76041666666667,5.925,9.3
2025-05-19,0.17018,0.0187,7.57291666666667,4.45,10.775
2025-05-20,0.23876,0.0238,8.73020833333333,4.65,12.95
2025-05-21,0.2794,0.0238,9.33333333333333,5.525,12.175
2025-05-22,0.2921,0.0714,9.421875,1.7,17.575
2025-05-23,0.27178,0,11.6739583333333,7.325,16.25
2025-05-24,0.4064,0.0068,12.8666666666667,3.6,21.05
2025-05-25,0.4572,0,15.9864583333333,5.725,25.85
2025-05-26,0.44958,0.0068,16.8958333333333,7.65,24
2025-05-27,0.43942,0,16.4208333333333,9.45,22.35
2025-05-28,0.49276,0,18.7989583333333,8.35,27.675
2025-05-29,0.5207,0.0885,19.2239583333333,10.725,27.025
2025-05-30,0.4826,0,17.909375,9.5,24.3
2025-05-31,0.58928,0,19.84375,8.1,29.975
2025-06-01,0.5588,0,18.2625,14.25,22.525
2025-06-02,0.38608,0,12.0770833333333,7.875,15.725
2025-06-03,0.25146,0.0034,10.134375,3.175,16.05
2025-06-04,0.37592,0,12.978125,4.75,19.625
2025-06-05,0.45466,0,14.9583333333333,5.6,22.575
2025-06-06,0.30226,0,16.7989583333333,9.75,22
2025-06-07,0.45466,0,19.4854166666667,9.9,26.975
2025-06-08,0.48006,0,18.5947916666667,11.025,25.325
2025-06-09,0.58166,0,20.865625,9.5,30.475
2025-06-10,0.41402,0,21.1322916666667,11.85,28.55
2025-06-11,0.4826,0,20.9708333333333,11.45,28.775
2025-06-12,0.33782,1.2126,17.3322916666667,13.3,21.55
2025-06-13,0.35052,0.0153,15.6541666666667,8.675,21.125
2025-06-14,0.48514,0.0017,18.3270833333333,13.05,23.925
2025-06-15,0.36576,0,16.7895833333333,8.1,24.425
2025-06-16,0.46228,0,17.5979166666667,7.5,26.65
2025-06-17,0.50038,0,19.3083333333333,11.5,25.15
2025-06-18,0.52324,0,18.85625,9.7,25.95
2025-06-19,0.45212,0,18.63125,11.45,24.675
2025-06-20,0.15748,0.9818,13.0625,9.45,17.85
2025-06-21,0.07112,2.1319,8.65729166666667,6.25,9.95
2025-06-22,0.20574,0.085,9.0375,5.775,13.525
2025-06-23,0.27178,0.6264,11.3604166666667,7.45,16.375
2025-06-24,0.41656,0.0051,15.278125,5.775,23.35
2025-06-25,0.43942,0,18.0239583333333,10.6,25.25
2025-06-26,0.3429,0,18.340625,11.9,25.05
2025-06-27,0.33528,0,17.7364583333333,15.2,20.975
2025-06-28,0.32766,0.0102,16.4760416666667,12.2,20.575
2025-06-29,0.45974,0,17.6583333333333,9.4,25.475
2025-06-30,0.52324,0,19.9822916666667,8.6,29.875
2025-07-01,0.51562,0,21.78125,11.2,31.8
2025-07-02,0.5588,0,22.7885416666667,13.2,31.875
2025-07-03,0.5969,0,22.5604166666667,17,27.725
2025-07-04,0.3175,0.0374,16.209375,9.225,23.875
2025-07-05,0.13208,1.7411,14.246875,12.4,16.6
2025-07-06,0.43434,0.0102,17.1697916666667,9.5,24.725
2025-07-07,0.46736,0.0034,19.4291666666667,10.3,27.85
2025-07-08,0.54356,0,21.8625,11.525,31.65
2025-07-09,0.54102,0,22.4510416666667,15.875,29.675
2025-07-10,0.33782,0.0613,19.9705,14.15,23.775
2025-07-11,0.43688,0.0068,17.8632083333333,9.275,25.225
2025-07-12,0.54102,0,21.2979166666667,11.925,30.525
2025-07-13,0.51054,0,22.9270833333333,13.425,30.3
2025-07-14,0.60198,0.1446,24.25625,17.9,30.625
2025-07-15,0.20828,0.4218,14.4041666666667,11.475,18.2
2025-07-16,0.41402,0.0034,15.3041666666667,6.225,23.5
2025-07-17,0.41148,0.0017,18.3864583333333,9.8,27.025
2025-07-18,0.45974,0.0017,20.0166666666667,10.825,28.25
2025-07-19,0.26924,0,19.371875,15.4,23.325
2025-07-20,0.41148,0,18.4614583333333,9.925,25.675
2025-07-21,0.1524,0.4711,15.7572916666667,13.5,18.275
2025-07-22,0.16256,1.4959,14.9302083333333,13.625,18.225
2025-07-23,0.39624,0.2024,17.6489583333333,12.65,24
2025-07-24,0.4445,0.0017,19.7322916666667,10.175,27.55
2025-07-25,0.54356,0,21.778125,12.05,29.8
2025-07-26,0.44704,0,21.603125,13.5,29.05
2025-07-27,0.4572,0.0034,20.6979166666667,10.625,29.275
2025-07-28,0.36322,0.0034,19.75625,11.875,27.225
2025-07-29,0.50038,0,21.7833333333333,11.25,30.9
2025-07-30,0.48514,0,23.8052083333333,14.35,31.675
2025-07-31,0.51308,0,23.546875,14.55,32.05
2025-08-01,0.38608,0.1344,20.4916666666667,16.175,28.15
2025-08-02,0.21844,1.8286,17.3104166666667,14.575,23.1
2025-08-03,0.2921,0.0408,17.7916666666667,12.975,25.025
2025-08-04,0.28956,0.0136,17.8177083333333,10.8,25.05
2025-08-05,0.41148,0,19.8458333333333,15.25,25.6
2025-08-06,0.29972,0,18.0458333333333,10.425,25.275
2025-08-07,0.25654,0.2194,15.7729166666667,12.15,20.225
2025-08-08,0.1778,0,14.44375,11.275,18.075
2025-08-09,0.36576,0,18.6625,11.9,24.975
2025-08-10,0.43942,0,21.853125,12.625,28.775
2025-08-11,0.42164,0,22.8635416666667,14.5,31.15
2025-08-12,0.47752,0,23.7375,14.75,33.375
2025-08-13,0.56134,0,23.0645833333333,12.35,32.5
2025-08-14,0.4445,0,21.8760416666667,14.025,28.075
2025-08-15,0.37084,0,19.0666666666667,10.4,27.275
2025-08-16,0.12192,0.2841,17.01875,12.65,22.6
2025-08-17,0.36576,0.0221,17.2375,9.325,25.725
2025-08-18,0.38608,0.0051,19.0458333333333,9.725,29.625
2025-08-19,0.43434,0,21.6291666666667,11.35,31.75
2025-08-20,0.45212,0,22.06875,13.475,29.25
2025-08-21,0.39624,0,19.39375,9.325,28.075
2025-08-22,0.4318,0,20.0489583333333,11.975,28.225
2025-08-23,0.42164,0,20.1739583333333,9.2,30.05
2025-08-24,0.42672,0,21.3583333333333,11.075,32.05
2025-08-25,0.45466,0,21.5625,10.175,33.025
2025-08-26,0.40894,0,22.4541666666667,12.1,31.275
2025-08-27,0.42164,0,23.2645833333333,14.375,31.1
2025-08-28,0.18542,0.0527,18.7177083333333,16.825,22.95
2025-08-29,0.27686,0.017,18.8197916666667,14.225,25.25
2025-08-30,0.37084,0.0136,19.2322916666667,9.975,28.5
2025-08-31,0.39624,0,21.090625,10.225,31.675
2025-09-01,0.36576,0,22.103125,11.75,31.575
2025-09-02,0.38862,0,21.5697916666667,11.525,32.725
2025-09-03,0.38862,0,21.5770833333333,11.825,31.625
2025-09-04,0.3302,0,18.896875,11.625,24.775
2025-09-05,0.30734,0,16.7041666666667,8.975,25.4
2025-09-06,0.32004,0,17.8822916666667,9.325,28.225
2025-09-07,0.31242,0,19.8135416666667,11.6,28.95
2025-09-08,0.27178,0.7685,18.115625,13.6,23.45
2025-09-09,0.26924,0,16.0229166666667,8.2,23.875
2025-09-10,0.29972,0,18.9572916666667,12.625,26.975
2025-09-11,0.35052,0.0017,19.3395833333333,13.45,27.325
2025-09-12,0.32258,0.1787,18.1697916666667,12.95,24.45
2025-09-13,0.2794,0.0068,16.60625,10.3,24.025
2025-09-14,0.24384,0.5528,16.1354166666667,10.875,23.275
2025-09-15,0.15494,0.0102,14.7864583333333,12.675,18.325
2025-09-16,0.2413,0,15.7333333333333,9.875,22.925
2025-09-17,0.28448,0.0119,16.7958333333333,9.125,26.2
2025-09-18,0.28702,0.0017,16.3041666666667,7.55,25.675
2025-09-19,0.28702,0,16.9125,8.175,27.25
2025-09-20,0.32258,0,17.0854166666667,7.375,27.7
2025-09-21,0.11176,0.0697,12.7416666666667,7.2,15.9
2025-09-22,0.23622,0,13.040625,7.275,18.9
2025-09-23,0.24384,0.0017,11.9614583333333,3.1,22.075
2025-09-24,0.3048,0.0017,15.0708333333333,4.7,27.2
2025-09-25,0.35814,0,16.5739583333333,5,28.5
2025-09-26,0.37084,0,15.4520833333333,9.225,21.175
2025-09-27,0.26924,0,12.5208333333333,2.85,23.125
2025-09-28,0.23368,0,13.5510416666667,4.675,24.9
2025-09-29,0.23876,0.0017,14.9822916666667,4.925,25.825
2025-09-30,0.10922,1.179,13.2583333333333,10.55,16.275
2025-10-01,0.14986,0.3964,12.08125,8,16.65
2025-10-02,0.13208,0.3012,11.4270833333333,8.475,16.825
2025-10-03,0.14224,0,11.1739583333333,7.825,15.95
2025-10-04,0.1397,0.3654,9.98645833333333,7.875,13.85
2025-10-05,0.12446,0.0085,7.10104166666667,2.875,10.35
2025-10-06,0.16002,0.0034,6.053125,-1.05,14.05
2025-10-07,0.16256,0.0051,7.471875,-0.225,16.925
2025-10-08,0.21082,0.0068,9.753125,0.375,21.75
2025-10-09,0.19558,0,11.528125,3.35,23.125
2025-10-10,0.1905,0.3553,11.5666666666667,3.125,22.075
2025-10-11,0.16002,0.0391,11.2385416666667,8.025,14.55
2025-10-12,0.04318,0.8709,3.40208333333333,1.025,6.725
2025-10-13,0.10668,0,3.01458333333333,-0.05,5.775
2025-10-14,0.09906,0,2.69270833333333,-2.3,8.025
2025-10-15,0.06858,0,3.60104166666667,-1.075,7.05
2025-10-16,0.09906,0,5.94895833333333,3.525,9.45
2025-10-17,0.10414,0.0034,4.88645833333333,0.725,12.475
2025-10-18,0.12192,0.0187,3.68020833333333,-3.85,10.475
2025-10-19,0.1143,1.0041,7.16666666666667,5.275,9.8
2025-10-20,0.10922,0.3011,6.70175,4.6,10.325
2025-10-21,0.127,0,7.584375,1.95,13.3
2025-10-22,0.10414,0.0153,4.62395833333333,-1.95,13.875
2025-10-23,0.1143,0.0136,5.94166666666667,-0.875,13.8
2025-10-24,0.09398,0.0034,5.4625,-1.025,13.475
2025-10-25,0.11684,0.4918,8.9,5.8,11.85
2025-10-26,0.11684,0.1106,6.30833333333333,4.725,8.125
2025-10-27,0.09144,0.0102,4.38020833333333,1.925,6.3
2025-10-28,0.0889,0,2.75104166666667,-2,7.95
2025-10-29,0.10414,0.0374,6.11666666666667,3,9.875
2025-10-30,0.07366,0,3.07708333333333,-1.625,9.55
2025-10-31,0.05588,0.0153,1.15625,-4.5,7.35
2025-11-01,0.05842,0.1241,7.00208333333333,1.85,13
2025-11-02,0.14986,0,5.97916666666667,-0.175,9.95
2025-11-03,0.04826,0.0748,0.56875,-1.725,4.625
2025-11-04,0.02794,1.0872,0.879166666666667,0.1,2.2
2025-11-05,0.02794,0.6683,2.353125,0.675,6.05
2025-11-06,0.07874,0.2484,7.715625,4.65,10.15
2025-11-07,0.11684,0.0034,6.61979166666667,4.6,8.175
2025-11-08,0.06858,0,3.74791666666667,-0.575,8.45
2025-11-09,0.04572,0.0051,0.583333333333333,-2.925,6.2
2025-11-10,0.02794,0.0272,0.835416666666667,-2.825,5.025
2025-11-11,0.07366,0.0102,4.48125,-0.775,11.875
2025-11-12,0.03302,0.2177,2.74270833333333,-0.875,8.35
2025-11-13,0.02794,0.0187,4.74270833333333,1.1,11.925
2025-11-14,0.0635,0.2313,9.68229166666667,7.85,12.525
2025-11-15,0.04826,0.1836,8.80625,5.15,11.575
2025-11-16,0.04318,0.0272,7.290625,4.25,12.85
2025-11-17,0.00762,0.4897,7.759375,6.55,9.1
2025-11-18,0.06858,0.1055,7.07604166666667,2.925,10.575
2025-11-19,0.03556,0,3.196875,-0.625,7.625
2025-11-20,0.02286,0.0119,0.571875,-3.15,3.45
2025-11-21,0.03302,0,3.71979166666667,0.875,6.075
2025-11-22,0.08636,0,6.56666666666667,4.825,8.65
2025-11-23,0.05588,0.2176,6.709375,5.75,8.35
2025-11-24,0.04572,0.461,3.36979166666667,-0.575,6.025
2025-11-25,0.01524,0,-1.02604166666667,-2.05,0.15
2025-11-26,0.00508,0,-0.129166666666667,-1.225,0.625
2025-11-27,0.00762,0,-0.108333333333333,-0.7,0.45
2025-11-28,0.0254,0,-3.97916666666667,-10.65,-0.425
2025-11-29,0.0127,0,-10.6239583333333,-14.325,-6.475
2025-11-30,0.0127,0,-9.34166666666667,-14.575,-6.25
2025-12-01,0.0127,0,-4.28125,-6.375,-2.225
2025-12-02,0.01016,0,-2.68854166666667,-4.05,-1.175
2025-12-03,0.00762,0,-1.53229166666667,-2.825,0
2025-12-04,0.01016,0.1309,0.861458333333333,0.1,1.4
2025-12-05,0.02032,0.3282,0.1375,-2.95,2.05
2025-12-06,0.02286,0.5729,2.103125,0.3,3.65
2025-12-07,0.03048,0.2739,2.884375,1.575,4.2
2025-12-08,0.03048,0.3468,4.546875,3.175,7.475
2025-12-09,0.07874,0.2841,5.8125,2.4,8.475
2025-12-10,0.02794,2.2375,4.009375,0.7,10.325
2025-12-11,0.03302,0.2144,7.50104166666667,3.075,10.675
2025-12-12,0.00762,0.1904,3.66979166666667,2.075,7.65
2025-12-13,0.05588,0.0102,7.20833333333333,0.425,11.25
2025-12-14,0.02286,0.0119,1.3375,-1.825,5.45
2025-12-15,0.12192,0.1191,9.05625,3.6,11.325
2025-12-16,0.12192,0.0663,7.484375,4.7,11.125
2025-12-17,0.127,0.0408,4.87173913043478,2.3,8.55
2025-12-18,0.07112,0.1207,1.51770833333333,-0.525,4.85
2025-12-19,0.14986,0.0782,3.6625,-0.6,7.075
2025-12-20,0.0889,0,1.83229166666667,0.15,4.225
2025-12-21,0.04826,0,0.634375,-0.325,2.675
2025-12-22,0.03556,0.2212,2.05104166666667,-0.425,4.8
2025-12-23,0.02032,0.017,0.44375,-1.45,2.5
2025-12-24,0.01016,0.5531,1.415625,-0.325,2.825
2025-12-25,0.01778,0.4285,4.05,2.4,6.15
2025-12-26,0.03302,1.1268,3.20625,0.225,5.575
2025-12-27,0.0508,0.0102,-3.346875,-8.975,2.1
2025-12-28,0.01524,0,-8.253125,-11.875,-4.8
2025-12-29,0.03048,0,-4.37708333333333,-6.175,-1.6
2025-12-30,0.0127,0,-5.146875,-8.525,-1
2025-12-31,0.00762,0,-4.40416666666667,-5.55,-3.225
2026-01-01,0.00508,0,-5.27604166666667,-6.2,-4.75
2026-01-02,0.00254,0,-2.61354166666667,-4.9,-0.7
2026-01-03,0.02032,0.2295,-0.31875,-1.625,1.825
2026-01-04,0.03048,0.1649,3.67916666666667,-1.275,6.7
2026-01-05,0.04826,0.0459,2.58645833333333,1.4,4.1
2026-01-06,0.04064,0.0391,1.90208333333333,0.85,2.7
2026-01-07,0.0762,0,1.91458333333333,-0.525,3.575
2026-01-08,0.05334,0,-0.792708333333333,-3.35,2.35
2026-01-09,0.0381,0,-0.930208333333333,-3.825,2.425
2026-01-10,0.03556,0,-0.291666666666667,-3.15,2.7
2026-01-11,0.0381,0,0.453125,-2.975,4.225
2026-01-12,0.09652,0,7.30416666666667,2.975,9.4
2026-01-13,0.06096,0,6.81458333333333,0.975,9.675
2026-01-14,0.02032,0.0102,-0.942375,-2.4,0.825
2026-01-15,0.02032,0.0017,-1.66458333333333,-4.1,-0.475
2026-01-16,0.01778,0.0153,-3.60625,-6.575,2.225
2026-01-17,0.01524,0,-4.115625,-7.975,0.175
2026-01-18,0.0127,0,-3.68229166666667,-4.775,-2.65
2026-01-19,0.00762,0,-3.39895833333333,-4.1,-2.475
2026-01-20,0.0254,0,-2.2875,-4.15,-1.05
2026-01-21,0.02286,0,-2.13854166666667,-2.95,-1.4
2026-01-22,0.04064,0,-3.315625,-6.925,-1.325
2026-01-23,0.03556,0,-8.37395833333333,-11.8,-3.55
2026-01-24,0.02032,0,-9.58125,-13.475,-6.575
2026-01-25,0.02032,0,-9.46875,-12.775,-5.125
2026-01-26,0.02286,0,-8.45520833333333,-13.8,-3.7
2026-01-27,0.04318,0.0119,-2.73541666666667,-6.225,3.675
2026-01-28,0.01778,0,-2.675,-5.225,-0.2
2026-01-29,0.01524,0.1309,0.886458333333333,-1.4,3.25
2026-01-30,0.0381,0.1258,3.421875,0.525,6
2026-01-31,0.0635,0,6.30104166666667,3.3,10.425
2026-02-01,0.05588,0.0017,3.196875,-1.45,8.475
2026-02-02,0.06096,0,4.7875,3.125,6.675
2026-02-03,0.05334,0,4.221875,0.425,9.075
2026-02-04,0.0508,0,3.76666666666667,-0.175,10
2026-02-05,0.06096,0.0102,2.03020833333333,-2.3,11.3
2026-02-06,0.05334,0.0204,0.526041666666667,-3.65,7.75
2026-02-07,0.05588,0.0119,2.58541666666667,-2.975,8.7
2026-02-08,0.06858,0.0255,6.38125,2.95,8.425
2026-02-09,0.03048,0.0935,1.74791666666667,0.4,3.35
2026-02-10,0.0762,0,1.98541666666667,-1.525,6.275
2026-02-11,0.06604,0.0034,-0.833333333333333,-5.8,5.3
2026-02-12,0.04826,0.0034,-1.728125,-6,3.85
2026-02-13,0.05588,0.0017,0.375,-4.825,5.05
2026-02-14,0.10414,0.1463,3.925,1.675,7.625
2026-02-15,0.0381,0.1122,1.4625,0.325,2.8
2026-02-16,0.05334,0.0544,3.03854166666667,0.025,7.175
2026-02-17,0.0381,0.4966,0.0875,-6.475,3.25
2026-02-18,0.03302,0,-9.32291666666667,-10.875,-7.2
2026-02-19,0.04064,0,-8.24270833333333,-11.75,-4.8
2026-02-20,0.0635,0.0187,-5.10714285714286,-8.125,-1
