Date,SWP
1/28/2025,NA
1/29/2025,NA
1/30/2025,NA
1/31/2025,NA
2/1/2025,NA
2/2/2025,NA
2/3/2025,NA
2/4/2025,NA
2/5/2025,NA
2/6/2025,NA
2/7/2025,NA
2/8/2025,NA
2/9/2025,NA
2/10/2025,NA
2/11/2025,NA
2/12/2025,NA
2/13/2025,NA
2/14/2025,NA
2/15/2025,NA
2/16/2025,NA
2/17/2025,NA
2/18/2025,NA
2/19/2025,NA
2/20/2025,NA
2/21/2025,NA
2/22/2025,NA
2/23/2025,NA
2/24/2025,NA
2/25/2025,NA
2/26/2025,NA
2/27/2025,NA
2/28/2025,NA
3/1/2025,NA
3/2/2025,NA
3/3/2025,NA
3/4/2025,NA
3/5/2025,NA
3/6/2025,NA
3/7/2025,NA
3/8/2025,NA
3/9/2025,NA
3/10/2025,NA
3/11/2025,NA
3/12/2025,NA
3/13/2025,NA
3/14/2025,NA
3/15/2025,NA
3/16/2025,NA
3/17/2025,NA
3/18/2025,NA
3/19/2025,NA
3/20/2025,NA
3/21/2025,NA
3/22/2025,NA
3/23/2025,NA
3/24/2025,NA
3/25/2025,NA
3/26/2025,NA
3/27/2025,-10.60208333
3/28/2025,-11.04583333
3/29/2025,-11.515625
3/30/2025,-11.97881944
3/31/2025,-12.39756944
4/1/2025,-12.73888889
4/2/2025,-13.00625
4/3/2025,-12.99756944
4/4/2025,-12.54236111
4/5/2025,-12.21458333
4/6/2025,-12.00173611
4/7/2025,-12.01458333
4/8/2025,-12.15069444
4/9/2025,-12.31527778
4/10/2025,-12.48368056
4/11/2025,-12.62708333
4/12/2025,-12.75694444
4/13/2025,-12.95416667
4/14/2025,-13.13993056
4/15/2025,-13.41666667
4/16/2025,-13.66319444
4/17/2025,-13.80069444
4/18/2025,-13.92326389
4/19/2025,-14.19794521
4/20/2025,-14.36145833
4/21/2025,-14.59618056
4/22/2025,-14.80381944
4/23/2025,-14.79097222
4/24/2025,-14.55902778
4/25/2025,-14.42604167
4/26/2025,-14.459375
4/27/2025,-14.5625
4/28/2025,-14.71006944
4/29/2025,-14.87291667
4/30/2025,-15.12673611
5/1/2025,-15.39513889
5/2/2025,-15.70416667
5/3/2025,-16.025
5/4/2025,-16.35034722
5/5/2025,-16.559375
5/6/2025,-16.85590278
5/7/2025,-17.18611111
5/8/2025,-17.51944444
5/9/2025,-17.83514493
5/10/2025,-18.33541667
5/11/2025,-18.53333333
5/12/2025,-18.90972222
5/13/2025,-19.11840278
5/14/2025,-19.29513889
5/15/2025,-19.36180556
5/16/2025,-18.77361111
5/17/2025,-16.55833333
5/18/2025,-12.82777778
5/19/2025,-3.861458333
5/20/2025,-0.444097222
5/21/2025,-1.352430556
5/22/2025,-1.178819444
5/23/2025,-0.109027778
5/24/2025,-0.107291667
5/25/2025,-0.273958333
5/26/2025,-0.329513889
5/27/2025,-0.418181818
5/28/2025,-0.422916667
5/29/2025,-0.319791667
5/30/2025,-0.430555556
5/31/2025,-0.565972222
6/1/2025,-2.290972222
6/2/2025,-3.240625
6/3/2025,-0.149305556
6/4/2025,-0.717708333
6/5/2025,-3.655208333
6/6/2025,-4.727083333
6/7/2025,-0.128125
6/8/2025,-0.682986111
6/9/2025,-3.7625
6/10/2025,-0.289583333
6/11/2025,-0.894791667
6/12/2025,-0.325
6/13/2025,-0.194791667
6/14/2025,-0.980902778
6/15/2025,-2.028819444
6/16/2025,-0.327884615
6/17/2025,-0.705902778
6/18/2025,-3.057986111
6/19/2025,-8.197222222
6/20/2025,-10.77326389
6/21/2025,-11.33541667
6/22/2025,-11.84305556
6/23/2025,-11.89131944
6/24/2025,-12.35381944
6/25/2025,-12.88159722
6/26/2025,-13.39131944
6/27/2025,-13.878125
6/28/2025,-14.52708333
6/29/2025,-15.16527778
6/30/2025,-15.91006944
7/1/2025,-16.23125
7/2/2025,-16.30347222
7/3/2025,-16.41840278
7/4/2025,-16.62430556
7/5/2025,-16.721875
7/6/2025,-16.92777778
7/7/2025,-17.16319444
7/8/2025,-17.503125
7/9/2025,-17.92569444
7/10/2025,-18.43993056
7/11/2025,-18.92708333
7/12/2025,-19.34826389
7/13/2025,-19.69722222
7/14/2025,-19.78611111
7/15/2025,-10.60598291
7/16/2025,-10.95277778
7/17/2025,-11.04895833
7/18/2025,-0.1
7/19/2025,-0.328819444
7/20/2025,-3.006597222
7/21/2025,-8.41875
7/22/2025,-2.943055556
7/23/2025,-0.202083333
7/24/2025,-1.883333333
7/25/2025,-7.662847222
7/26/2025,-10.83611111
7/27/2025,-9.183333333
7/28/2025,-0.1
7/29/2025,-0.461805556
7/30/2025,-4.136111111
7/31/2025,-9.716666667
8/1/2025,-11.25798611
8/2/2025,-12.11805556
8/3/2025,-12.92465278
8/4/2025,-13.64756944
8/5/2025,-14.17708333
8/6/2025,-15.1556338
8/7/2025,-15.26180556
8/8/2025,-14.70555556
8/9/2025,-13.68333333
8/10/2025,-13.515625
8/11/2025,-13.84548611
8/12/2025,-14.33923611
8/13/2025,-14.91145833
8/14/2025,-15.53159722
8/15/2025,-16.24930556
8/16/2025,-16.99375
8/17/2025,-17.45451389
8/18/2025,-17.73923611
8/19/2025,-17.89027778
8/20/2025,-18.14479167
8/21/2025,-18.41701389
8/22/2025,-18.71215278
8/23/2025,-17.60659722
8/24/2025,-15.89166667
8/25/2025,-15.84756944
8/26/2025,-16.00967742
8/27/2025,-16.11770833
8/28/2025,-1.992013889
8/29/2025,-0.184375
8/30/2025,-0.978819444
8/31/2025,-4.588888889
9/1/2025,-8.941319444
9/2/2025,-10.74895833
9/3/2025,-11.521875
9/4/2025,-12.27881944
9/5/2025,-12.96493056
9/6/2025,-13.62743056
9/7/2025,-14.30138889
9/8/2025,-14.97291667
9/9/2025,-15.54027778
9/10/2025,-16.03472222
9/11/2025,-16.51666667
9/12/2025,-16.99201389
9/13/2025,-17.51597222
9/14/2025,-18.09409722
9/15/2025,-18.57881944
9/16/2025,-18.94375
9/17/2025,-19.39791667
9/18/2025,-19.94166667
9/19/2025,-20.35381944
9/20/2025,-20.65833333
9/21/2025,-20.62152778
9/22/2025,-17.26527778
9/23/2025,-15.9027027
9/24/2025,-15.85868056
9/25/2025,-16.04201389
9/26/2025,-16.38680556
9/27/2025,-16.78645833
9/28/2025,-17.17430556
9/29/2025,-17.60034722
9/30/2025,-17.88541667
10/1/2025,-18.18298611
10/2/2025,-18.48229167
10/3/2025,-18.70972222
10/4/2025,-18.96838235
10/5/2025,-19.046875
10/6/2025,-19.20729167
10/7/2025,-19.40972222
10/8/2025,-19.60833333
10/9/2025,-19.83368056
10/10/2025,-20.07118056
10/11/2025,-20.23194444
10/12/2025,-20.26944444
10/13/2025,-20.31666667
10/14/2025,-20.38993056
10/15/2025,-20.48159722
10/16/2025,-20.528125
10/17/2025,-20.63680556
10/18/2025,-20.71284722
10/19/2025,-20.73159722
10/20/2025,-20.81319444
10/21/2025,-20.91527778
10/22/2025,-20.94930556
10/23/2025,-20.97013889
10/24/2025,-21.01493056
10/25/2025,-21.06527778
10/26/2025,-21.05416667
10/27/2025,-21.07604167
10/28/2025,-21.159375
10/29/2025,-21.225
10/30/2025,-21.28854167
10/31/2025,-21.3037037
11/1/2025,-21.35520833
11/2/2025,-21.39305556
11/3/2025,NA
11/4/2025,NA
11/5/2025,NA
11/6/2025,NA
11/7/2025,NA
11/8/2025,NA
11/9/2025,NA
11/10/2025,NA
11/11/2025,NA
11/12/2025,NA
11/13/2025,NA
11/14/2025,NA
11/15/2025,NA
11/16/2025,NA
11/17/2025,NA
11/18/2025,NA
11/19/2025,NA
11/20/2025,NA
11/21/2025,NA
11/22/2025,NA
11/23/2025,NA
11/24/2025,NA
11/25/2025,NA
11/26/2025,NA
11/27/2025,NA
11/28/2025,NA
11/29/2025,NA
