Date,Precip_cm,ET_cm,MinTemp,MaxTemp,AvgTemp
1/1/2022,0,0.012778961,-29.27222222,-12.80555556,-20.53333333
1/2/2022,0,0.071119541,-18.91111111,-0.7,-7.688888889
1/3/2022,0.1016,0.146198459,-8.311111111,2.7,-1.261111111
1/4/2022,0.0254,0.030048107,-10.43888889,-1.627777778,-5.372222222
1/5/2022,0.2032,0.020458894,-18.03888889,-5.877777778,-13.76111111
1/6/2022,0.4826,0.015731434,-18.07222222,-5.35,-12.84444444
1/7/2022,0,0.094603955,-7.216666667,5.327777778,2.444444444
1/8/2022,0,0.086005031,-12.94444444,0.633333333,-4.066666667
1/9/2022,0,0.022074373,-16.86666667,-6.072222222,-11.38888889
1/10/2022,0,0.011292348,-20.44444444,-10.15555556,-14.59444444
1/11/2022,0,0.078295743,-15.07777778,4.444444444,-3.327777778
1/12/2022,0,0.067209048,-1.277777778,8.327777778,3.255555556
1/13/2022,0,0.072740023,-5.527777778,5.822222222,0.327777778
1/14/2022,0,0.023080869,-8.433333333,5.188888889,-3.538888889
1/15/2022,0,0.026188676,-11.81666667,0.388888889,-6.772222222
1/16/2022,0,0.028238589,-11.46111111,2.677777778,-6.238888889
1/17/2022,0,0.048531589,-11.83888889,7.072222222,-3.766666667
1/18/2022,0.1778,0.030225968,-8.505555556,7.005555556,-1.433333333
1/19/2022,0.0508,0.018462489,-13.31111111,-3.822222222,-8.061111111
1/20/2022,0,0.032131403,-14.96111111,4.85,-3.35
1/21/2022,0,0.040404314,-6.077777778,2.444444444,-1.061111111
1/22/2022,0,0.025724987,-11.11111111,0.066666667,-5.2
1/23/2022,0,0.025386813,-14.61666667,-0.955555556,-8.044444444
1/24/2022,0.2032,0.03095642,-13.63888889,-1.683333333,-6.327777778
1/25/2022,0.0762,0.015880272,-12.83888889,-4.122222222,-6.533333333
1/26/2022,0,0.015170732,-20.15,-6.761111111,-13.73888889
1/27/2022,0,0.017987252,-20.41666667,-7.466666667,-13.24444444
1/28/2022,0,0.01943624,-21.9,-8.016666667,-16.53333333
1/29/2022,0,0.03157389,-20.03888889,-4.883333333,-13.03333333
1/30/2022,0,0.089494169,-16.61111111,4.477777778,-4.411111111
1/31/2022,0,0.120346352,-7.622222222,4.955555556,-1.483333333
2/1/2022,0.0508,0.033775523,-19.74444444,-3.95,-11.12222222
2/2/2022,0,0.025173195,-24.92777778,-16.76666667,-20.42222222
2/3/2022,0,0.030945159,-20.51111111,-3.794444444,-11.70555556
2/4/2022,0,0.101044709,-10.92777778,6.5,-1.494444444
2/5/2022,0,0.141796223,-1.8,4.733333333,1.516666667
2/6/2022,0,0.053404284,-11.75555556,2.261111111,-4.794444444
2/7/2022,0,0.199985331,-11.50555556,10.13888889,0.766666667
2/8/2022,0,0.062882777,-7.788888889,2.261111111,-1.694444444
2/9/2022,0,0.065408469,-0.744444444,4.311111111,1.472222222
2/10/2022,0,0.109958811,-2.311111111,11.01111111,3.505555556
2/11/2022,0,0.097785082,-9.411111111,5.872222222,-2.272222222
2/12/2022,0,0.060126746,-12.45555556,3.977777778,-5.55
2/13/2022,0,0.071313862,-10.65,5.433333333,-4.072222222
2/14/2022,0.0254,0.123318809,-6.527777778,9.277777778,1.511111111
2/15/2022,0.0254,0.059327902,-4.072222222,2.088888889,-0.372222222
2/16/2022,0.1524,0.064075388,-9.022222222,-0.544444444,-3.983333333
2/17/2022,0,0.074902606,-11.65,3.833333333,-2.755555556
2/18/2022,0,0.106605916,-0.738888889,7.027777778,2.783333333
2/19/2022,0,0.230641352,-1.711111111,10.07777778,4.544444444
2/20/2022,0.0508,0.102371936,-13.15,4.716666667,-0.961111111
2/21/2022,0,0.046406322,-22.55,-12.94444444,-17.65555556
2/22/2022,0,0.041454149,-24.95555556,-17.41666667,-21.85555556
2/23/2022,0,0.03431507,-28.82777778,-14.23888889,-22.45
2/24/2022,0.0508,0.039920601,-20.05555556,-8.594444444,-14.19444444
2/25/2022,0,0.051430252,-23.46666667,-5.916666667,-15.25555556
2/26/2022,0,0.06688445,-20.85,-1.288888889,-11.63333333
2/27/2022,0,0.129598297,-14.95,6.65,-2.533333333
2/28/2022,0,0.172450159,3.005555556,9.277777778,5.488888889
3/1/2022,0,0.169474691,2.466666667,12.90555556,7.261111111
3/2/2022,0.2286,0.085282847,0.683333333,8.144444444,4.283333333
3/3/2022,0,0.076322944,-3.166666667,9.177777778,3.027777778
3/4/2022,0.0508,0.112317055,-3.933333333,2.855555556,0.022222222
3/5/2022,0,0.135145734,-6.6,-0.183333333,-3.872222222
3/6/2022,0,0.089738564,-11.53888889,-1.661111111,-4.961111111
3/7/2022,0.0762,0.069840874,-13.26666667,1.494444444,-5.011111111
3/8/2022,0,0.081158039,-15.60555556,-4.738888889,-9.472222222
3/9/2022,0,0.062743819,-23.33888889,-8.927777778,-15.65555556
3/10/2022,0,0.065977233,-23.46111111,-4.077777778,-14.01666667
3/11/2022,0,0.107901674,-13.32222222,3.594444444,-4.438888889
3/12/2022,0,0.293942395,-2.316666667,13.67777778,6.388888889
3/13/2022,0,0.147655949,-2.894444444,7.972222222,3.038888889
3/14/2022,0,0.210397559,-4.594444444,12.45,3.794444444
3/15/2022,0.0254,0.215651437,-0.711111111,10.68888889,6.288888889
3/16/2022,0,0.141072578,-6.083333333,6.955555556,0.577777778
3/17/2022,0,0.208654098,-8.022222222,11.22222222,1.45
3/18/2022,0,0.205853089,-3.45,10.87222222,3.622222222
3/19/2022,0,0.25403659,-6.9,15.36111111,4.972222222
3/20/2022,0.0762,0.1747272,-5.294444444,4.755555556,0.244444444
3/21/2022,0,0.200735802,-4.883333333,7.577777778,0.961111111
3/22/2022,0,0.234453667,-0.861111111,12.41111111,4.555555556
3/23/2022,0,0.264700429,-6.144444444,19.09444444,7.405555556
3/24/2022,0,0.326058295,-0.461111111,14.68333333,8.672222222
3/25/2022,0,0.228158404,-7.238888889,17.73888889,4.561111111
3/26/2022,0,0.247427377,-2.605555556,16.56111111,6.372222222
3/27/2022,0,0.294919329,-6.422222222,20.95555556,8.627777778
3/28/2022,0.1778,0.245435321,0.566666667,17.72222222,8.933333333
3/29/2022,0.0762,0.129513516,-5.744444444,6.35,2.455555556
3/30/2022,0,0.219858091,-7.822222222,13.75,2.427777778
3/31/2022,0,0.198227508,-4.272222222,7,1.294444444
4/1/2022,0,0.226049359,-4.772222222,8.705555556,1.916666667
4/2/2022,0.0762,0.139528461,-8.65,6.988888889,-0.172222222
4/3/2022,0,0.267219749,-9.311111111,13.07777778,2.511111111
4/4/2022,0.127,0.238708855,-9.127777778,11.77222222,2.922222222
4/5/2022,0.0254,0.221894541,-5.338888889,4.788888889,-0.327777778
4/6/2022,0,0.264950666,-5.677777778,7.977777778,1.344444444
4/7/2022,0,0.263863725,-11.28333333,15.17777778,2.072222222
4/8/2022,0,0.478048989,-4.988888889,23.92777778,8.711111111
4/9/2022,0,0.192292636,-5.972222222,4.838888889,0.527777778
4/10/2022,0.0254,0.122883822,-11.35555556,2.122222222,-3.927777778
4/11/2022,0,0.090034412,-13.03333333,-0.322222222,-6.1
4/12/2022,0,0.100458705,-11.95,-6.055555556,-8.272222222
4/13/2022,0,0.147511659,-15.12222222,-2.477777778,-9.322222222
4/14/2022,0,0.128995527,-13.97777778,0.494444444,-7.8
4/15/2022,0,0.144225188,-12.72777778,1.511111111,-5.85
4/16/2022,0.1016,0.089513587,-10.5,1.816666667,-3.266666667
4/17/2022,0,0.236988275,-7.277777778,5.444444444,-0.427777778
4/18/2022,0,0.301651537,-9.083333333,14.97777778,3.794444444
4/19/2022,0,0.303104027,-0.922222222,9.3,3.905555556
4/20/2022,0,0.251786606,-6.65,9.922222222,2.927777778
4/21/2022,0.0508,0.180848626,-0.194444444,11.22777778,4.216666667
4/22/2022,0.2286,0.21341372,0.333333333,9.094444444,4.161111111
4/23/2022,0.508,0.244136214,-0.083333333,10.88888889,4.088888889
4/24/2022,0.254,0.255601021,-2.072222222,11.37222222,4
4/25/2022,0,0.395189125,-4.855555556,17.52222222,7.022222222
4/26/2022,0.0254,0.303953451,-2.105555556,15.47777778,7.238888889
4/27/2022,0.0254,0.188500762,-5.472222222,10.4,2.772222222
4/28/2022,0,0.211905997,-4.344444444,13.23333333,3.694444444
4/29/2022,0.2032,0.207159643,-3.788888889,9.4,3.761111111
4/30/2022,0,0.194760735,-6.65,11.7,3.783333333
5/1/2022,0,0.242764646,2.627777778,11.85555556,7.122222222
5/2/2022,0,0.31702818,-3.2,18.01666667,7.372222222
5/3/2022,0.0254,0.305686676,2.538888889,16.83888889,9.794444444
5/4/2022,0,0.348629114,-1.788888889,18.19444444,8.377777778
5/5/2022,0.0254,0.396207427,1.305555556,22,11.74444444
5/6/2022,0.0508,0.412229331,4.822222222,19.39444444,10.91666667
5/7/2022,0.5588,0.2200743,2.216666667,11.48333333,5.588888889
5/8/2022,0.0508,0.153470815,-2.116666667,4.872222222,1.733333333
5/9/2022,0,0.244829882,-7.011111111,9.027777778,1.288888889
5/10/2022,0,0.265467579,-8.672222222,10.07777778,2.322222222
5/11/2022,0,0.302663928,-7.533333333,14.45555556,3.938888889
5/12/2022,0,0.249498963,-1.238888889,12.65,6.277777778
5/13/2022,0,0.374149367,-1.772222222,10.5,4.994444444
5/14/2022,0,0.235222256,-3.011111111,12.6,5.361111111
5/15/2022,0,0.389863449,-2.638888889,22.30555556,10.91111111
5/16/2022,0.0508,0.396786576,7.755555556,20.51666667,14.18888889
5/17/2022,0,0.466252045,-0.627777778,20.83333333,10.87222222
5/18/2022,0,0.352124711,-2.705555556,18.01111111,9.577777778
5/19/2022,0,0.3623146,-0.65,9.872222222,5.222222222
5/20/2022,0.0508,0.203432894,-0.772222222,9.027777778,3.672222222
5/21/2022,0,0.276560783,-1.077777778,11.53333333,4.838888889
5/22/2022,0,0.33605311,0.05,13.26111111,6.216666667
5/23/2022,0,0.269859284,-4.466666667,14.36666667,6.788888889
5/24/2022,0,0.354826197,-1.894444444,16.07777778,8.65
5/25/2022,0,0.516546347,6.005555556,21.53888889,13.29444444
5/26/2022,0,0.488713787,0.794444444,26.77777778,14.85
5/27/2022,0.0254,0.469554607,9.383333333,21.49444444,14.9
5/28/2022,0.1524,0.256648047,7.044444444,13.45555556,9.633333333
5/29/2022,0.9906,0.100235263,5.333333333,9.566666667,7.144444444
5/30/2022,0.1016,0.142814465,6.055555556,10.24444444,7.416666667
5/31/2022,0,0.348463281,3.727777778,15.54444444,9.616666667
6/1/2022,0.0762,0.262149369,0.227777778,17.00555556,8.566666667
6/2/2022,0.127,0.299541356,5.333333333,18.01111111,11.21666667
6/3/2022,0.5334,0.284776814,6.488888889,20.33333333,12.82222222
6/4/2022,0.3302,0.182989536,4.166666667,15.65,10.93888889
6/5/2022,0.3048,0.213672291,2.555555556,16.86111111,11.5
6/6/2022,0.1778,0.311750124,6.844444444,16.60555556,10.44444444
6/7/2022,0,0.332230727,2.416666667,18.27222222,10.61666667
6/8/2022,0.0254,0.232080994,2.216666667,18.41111111,11.13333333
6/9/2022,0,0.495532127,8.127777778,24.08333333,16.00555556
6/10/2022,0.0254,0.334528972,10.68333333,22.15555556,14.87777778
6/11/2022,0.6604,0.153669765,9.061111111,15.25555556,12.03888889
6/12/2022,0.0762,0.175459989,4.316666667,14.91666667,11.01666667
6/13/2022,0,0.349017366,5.522222222,15.32222222,10.27222222
6/14/2022,0,0.335805498,4.788888889,9.805555556,7.372222222
6/15/2022,0,0.475696633,7.4,19.27777778,12.02777778
6/16/2022,0,0.544447691,1.955555556,29.83333333,15.91111111
6/17/2022,0,0.740162393,3.838888889,31.83333333,19.53333333
6/18/2022,0.0254,0.485472863,11.64444444,25.12222222,17.28333333
6/19/2022,0.5842,0.249661982,7.283333333,17.87777778,11.2
6/20/2022,0.2032,0.170055839,6.622222222,12.34444444,9.038888889
6/21/2022,0,0.423676569,2.094444444,20.16111111,12.07222222
6/22/2022,0,0.572611337,4.25,27.61111111,16.33888889
6/23/2022,0,0.572780486,5.233333333,26.60555556,16.12777778
6/24/2022,0,0.504791468,3.916666667,18.80555556,12.17222222
6/25/2022,0,0.463907473,-0.627777778,20.37777778,10.9
6/26/2022,0,0.558736573,0.844444444,26.48888889,15.05
6/27/2022,0,0.586890581,3.127777778,30.44444444,17.35
6/28/2022,0,0.669487633,5.638888889,33.11111111,20.77222222
6/29/2022,0,0.717333659,10.01666667,25.61111111,18.42777778
6/30/2022,0,0.545164419,1.322222222,24.93333333,15.42222222
7/1/2022,0.4572,0.500345819,5.616666667,27.66666667,16.88333333
7/2/2022,0.0254,0.524106093,7.2,28.72222222,17.65
7/3/2022,1.8542,0.263184831,8.005555556,21.9,13.77222222
7/4/2022,0.0254,0.366399702,9.972222222,22.97222222,14.95
7/5/2022,0,0.395318633,7.072222222,23.78333333,15.10555556
7/6/2022,0.2286,0.331649466,6.722222222,28.5,16.03333333
7/7/2022,0.0762,0.450955628,10.81666667,29.55555556,18.18333333
7/8/2022,0.0508,0.408658158,8.311111111,28.66666667,17.78888889
7/9/2022,0.1524,0.369391626,6.861111111,27.22222222,16.40555556
7/10/2022,0,0.427473002,7.538888889,25.33333333,16.16666667
7/11/2022,0,0.511646374,4.366666667,25.2,16.36111111
7/12/2022,0,0.606683289,6.866666667,33.22222222,20
7/13/2022,0,0.408330246,6.916666667,29.88888889,18.42777778
7/14/2022,0,0.591665186,8.283333333,31.5,20.97777778
7/15/2022,0.0254,0.454070725,9.877777778,31.16666667,19.46666667
7/16/2022,0,0.539332779,8.877777778,33.16666667,21
7/17/2022,0,0.496259541,6.744444444,33.83333333,20.51111111
7/18/2022,0,0.754944797,10.7,30.22222222,20.52222222
7/19/2022,0,0.565559281,3.961111111,28.22222222,17.21111111
7/20/2022,0,0.688271321,3.816666667,32.61111111,19.6
7/21/2022,0,0.669448041,4.894444444,32.22222222,19.86111111
7/22/2022,0,0.637999953,7.038888889,31.16666667,19.59444444
7/23/2022,0,0.599238523,5.1,29.61111111,18.48888889
7/24/2022,0.1778,0.484590375,5.438888889,28.27777778,16.4
7/25/2022,0,0.489136063,5.688888889,29.44444444,18.09444444
7/26/2022,0,0.618202218,12.61666667,30.38888889,21.83888889
7/27/2022,0,0.635692745,7.994444444,32.77777778,21.20555556
7/28/2022,0,0.616944408,9.366666667,33.33333333,22.27222222
7/29/2022,0,0.633185446,9.55,34.16666667,22.46111111
7/30/2022,0,0.654416472,9.061111111,33.94444444,22.49444444
7/31/2022,0,0.738910071,7.044444444,36.33333333,23.51666667
8/1/2022,0,0.679860324,11.79444444,35.61111111,24.78888889
8/2/2022,0,0.722789559,11.62222222,31.16666667,23.56666667
8/3/2022,0,0.68885435,6.55,32.27777778,20.56111111
8/4/2022,0,0.775617898,10.80555556,33.77777778,22.77777778
8/5/2022,0,0.61631755,13.28333333,27.94444444,20.44444444
8/6/2022,0,0.520283947,8.822222222,25.25,16.98888889
8/7/2022,0,0.487159376,2.605555556,28.27777778,16.13333333
8/8/2022,0,0.597397234,4.5,32.5,19.16111111
8/9/2022,0,0.587346907,5.572222222,34.72222222,21.03888889
8/10/2022,0,0.361672342,11.61111111,29.16666667,20.37777778
8/11/2022,0,0.547066035,13.01111111,32.05555556,22.6
8/12/2022,0,0.567736156,10.92222222,33.94444444,22.2
8/13/2022,0.0254,0.610551282,10.53333333,34.22222222,21.47222222
8/14/2022,0,0.582586345,6.2,30.88888889,20.46666667
8/15/2022,0,0.551459907,5.511111111,31.22222222,18.81666667
8/16/2022,0,0.592445323,6.022222222,32.61111111,19.46111111
8/17/2022,0,0.601231701,6.25,32.88888889,20.52222222
8/18/2022,0,0.615379348,5.927777778,33.22222222,21.71666667
8/19/2022,0,0.569760099,7.683333333,33.11111111,21.73333333
8/20/2022,0.0508,0.482442875,9.738888889,31.88888889,21.18888889
8/21/2022,0,0.344556247,12.13888889,28.27777778,19.76111111
8/22/2022,0,0.459448966,9.061111111,31.61111111,19.75
8/23/2022,0,0.439840047,7.3,29.16666667,18.23888889
8/24/2022,0.762,0.407559838,12.57777778,28.77777778,19.13888889
8/25/2022,0.4064,0.351954718,12.39444444,26.94444444,18.19444444
8/26/2022,0,0.314303642,8.366666667,25.26111111,16.73888889
8/27/2022,0,0.490589654,8.116666667,27.61111111,17.09444444
8/28/2022,0,0.441427683,5.522222222,22.29444444,14.67777778
8/29/2022,0,0.402215739,1.905555556,27.16666667,14.58888889
8/30/2022,0,0.459612311,5.1,31.61111111,17.62222222
8/31/2022,0,0.471158682,5.383333333,32.88888889,18.04444444
9/1/2022,0,0.574481751,9.111111111,31.72222222,19.72222222
9/2/2022,0,0.465906441,5.716666667,33,18.42777778
9/3/2022,0,0.640015647,8.111111111,36.72222222,21.78888889
9/4/2022,0,0.501122094,7.738888889,31.27777778,19.81666667
9/5/2022,0,0.464822687,4.772222222,31.16666667,17.06666667
9/6/2022,0,0.467620163,2.461111111,33.44444444,17.38888889
9/7/2022,0,0.578627996,9.333333333,35.61111111,20.83888889
9/8/2022,0,0.488965654,6.827777778,23.75555556,17.19444444
9/9/2022,0,0.239071746,-3.427777778,15.66111111,7.077777778
9/10/2022,0,0.318439472,-3.844444444,23.24444444,9.583333333
9/11/2022,0,0.363630695,-1.111111111,26.77777778,12.07222222
9/12/2022,0,0.385795332,4.111111111,28.22222222,15.68888889
9/13/2022,0.0254,0.178267717,6.35,19.63888889,12.84444444
9/14/2022,0,0.231200957,8.261111111,21.74444444,13.25555556
9/15/2022,0.5842,0.21317324,4.333333333,22.15555556,12.03888889
9/16/2022,0.1778,0.1498137,4.405555556,18.57777778,10.95
9/17/2022,0,0.238397357,0.811111111,21.98888889,10.12777778
9/18/2022,0.2794,0.258858249,0.911111111,24.03333333,11.34444444
9/19/2022,0,0.213344443,4.011111111,21.68333333,11.93333333
9/20/2022,0,0.170651066,6.277777778,11.80555556,8.522222222
9/21/2022,0.8128,0.259626416,4.25,19.95555556,11.74444444
9/22/2022,0.5842,0.101863507,4.638888889,13.53888889,9
9/23/2022,0,0.22657647,2.027777778,18.30555556,10.48888889
9/24/2022,0,0.239636177,1.755555556,20.97222222,10.92222222
9/25/2022,0,0.241054249,0.094444444,22.94444444,10.74444444
9/26/2022,0,0.275615752,2.672222222,26.77777778,13.1
9/27/2022,0,0.278632995,2.488888889,26.83333333,12.92777778
9/28/2022,0,0.388972216,0.566666667,29.88888889,15.50555556
9/29/2022,0.5588,0.221373636,7.883333333,20.04444444,13.23333333
9/30/2022,0.0762,0.103160796,6.622222222,12.12222222,9.011111111
10/1/2022,0.8128,0.061033279,8.3,10.87222222,9.522222222
10/2/2022,0,0.122553997,5.705555556,15.22222222,9.911111111
10/3/2022,0,0.177878107,5.455555556,19.80555556,11.58333333
10/4/2022,0,0.183949594,0.605555556,20.82222222,9.905555556
10/5/2022,0,0.191744877,0.977777778,21.88333333,10.18888889
10/6/2022,0,0.179170444,-0.205555556,19.58333333,9.538888889
10/7/2022,0,0.168582345,-0.233333333,19.55,8.6
10/8/2022,0,0.162601896,-0.194444444,19.8,8.377777778
10/9/2022,0,0.157546394,-2.027777778,19.25555556,7.844444444
10/10/2022,0,0.20626826,-2.233333333,19.76111111,9.35
10/11/2022,0.0508,0.320279303,5.722222222,18.26666667,13.19444444
10/12/2022,0,0.226127889,1.283333333,20.97777778,10.55555556
10/13/2022,0,0.159461148,-2.977777778,18.45555556,6.694444444
10/14/2022,0,0.154890336,-5.066666667,18.75555556,6.488888889
10/15/2022,0,0.165691696,-1.477777778,16.38333333,9.027777778
10/16/2022,0,0.149572919,-3.988888889,17.94444444,5.138888889
10/17/2022,0,0.163719416,-5.938888889,20.21111111,5.45
10/18/2022,0,0.169581763,-6.005555556,20.72777778,5.366666667
10/19/2022,0,0.160247194,-6.477777778,20.25,5.272222222
10/20/2022,0,0.145431877,-7.022222222,17.07222222,6.583333333
10/21/2022,0.0254,0.191545059,3.111111111,16.28333333,9.077777778
10/22/2022,0.381,0.039244363,0.072222222,3.6,1.822222222
10/23/2022,0.0254,0.092785814,-0.588888889,4.15,1.477777778
10/24/2022,0,0.108975537,-5.733333333,8.077777778,1.922222222
10/25/2022,0.254,0.097099673,-3.505555556,8.072222222,1.45
10/26/2022,0,0.089971057,-4.916666667,6.788888889,0.388888889
10/27/2022,0,0.175768577,-2.894444444,9.477777778,2.911111111
10/28/2022,0,0.182323418,-2.827777778,10.49444444,3.127777778
10/29/2022,0,0.138182275,-5.655555556,13.18888889,2.855555556
10/30/2022,0,0.181462852,-4.255555556,11.87222222,5.194444444
10/31/2022,0,0.291647958,4.738888889,16.30555556,10.56111111
11/1/2022,0,0.306658127,2.216666667,17.48888889,9.766666667
11/2/2022,0.2032,0.105673269,-6.527777778,9.694444444,2.211111111
11/3/2022,0,0.040297848,-14.73888889,0.266666667,-5
11/4/2022,0,0.15068904,-3.516666667,6.311111111,1.705555556
11/5/2022,0.1778,0.179090299,-5.338888889,7.316666667,2.988888889
11/6/2022,0,0.068333587,-8.133333333,5.172222222,-2.788888889
11/7/2022,0.1778,0.038489837,-13.37222222,-4.294444444,-9.138888889
11/8/2022,0.127,0.024063797,-19.63888889,-9.438888889,-12.75555556
11/9/2022,0.4064,0.02271324,-17.7,-11.12222222,-13.18888889
11/10/2022,0.127,0.021341594,-22.46111111,-6.094444444,-14.00555556
11/11/2022,0,0.016863766,-25.53888889,-9.077777778,-18.38333333
11/12/2022,0,0.018874086,-24.58333333,-5.738888889,-17.46666667
11/13/2022,0,0.020646834,-18.43888889,-4.7,-11.27222222
11/14/2022,0,0.023670735,-11.72222222,-3.322222222,-7.794444444
11/15/2022,0,0.019808658,-16.08333333,-5.244444444,-8.083333333
11/16/2022,0.127,0.016102255,-19.4,-6.138888889,-12.05
11/17/2022,0,0.041898352,-27.17777778,-5.627777778,-13.29444444
11/18/2022,0,0.015623263,-29.65,-11.27222222,-23.10555556
11/19/2022,0,0.014529427,-27.94444444,-11.78888889,-21.25
11/20/2022,0,0.014957128,-24.75,-8.983333333,-17.82777778
11/21/2022,0,0.020081518,-20.81111111,-5.633333333,-12.74444444
11/22/2022,0,0.065962467,-13.83333333,7.144444444,-3.305555556
11/23/2022,0.0254,0.051231392,-13.17222222,3.583333333,-1.788888889
11/24/2022,0,0.017729183,-15.43888889,-0.516666667,-9.744444444
11/25/2022,0,0.03449895,-13.96666667,7,-5.394444444
11/26/2022,0.0508,0.028497194,-11.40555556,2.972222222,-2.405555556
11/27/2022,0.0254,0.090205496,-13.1,3.888888889,-3.127777778
11/28/2022,0,0.022986545,-21.43888889,-8.122222222,-13.68333333
11/29/2022,0.1016,0.015147591,-22.78888889,-13.15,-16.95
11/30/2022,0,0.067623203,-22.50555556,1.1,-5.838888889
12/1/2022,0,0.055734483,-11.27777778,2.238888889,-1.566666667
12/2/2022,0,0.050780588,-15.07222222,-2.794444444,-8.644444444
12/3/2022,0,0.020629324,-20.07222222,-8.305555556,-13.91111111
12/4/2022,0.2032,0.014534186,-22.75,-8.711111111,-15.1
12/5/2022,0.1016,0.022258201,-10.51111111,-1.194444444,-6.772222222
12/6/2022,0,0.078427746,-7.577777778,2.466666667,-1.555555556
12/7/2022,0,0.033396374,-15.60555556,0.183333333,-6.561111111
12/8/2022,0,0.044200922,-18.98888889,-0.111111111,-9.677777778
12/9/2022,0,0.045542299,-14.33333333,-1.366666667,-5.15
12/10/2022,0,0.093994416,-10.17777778,3.222222222,-2.266666667
12/11/2022,0.0508,0.047655575,-3.361111111,3.311111111,0.111111111
12/12/2022,0,0.058409875,-8.155555556,-1.255555556,-6.683333333
12/13/2022,0,0.014833184,-15.74444444,-4.083333333,-8.944444444
12/14/2022,0.2794,0.012684187,-12.23888889,-4.227777778,-6.727777778
12/15/2022,0.0254,0.022389859,-10.18333333,-4.494444444,-6.8
12/16/2022,0.1016,0.008418524,-17.91666667,-6.455555556,-9.716666667
12/17/2022,0,0.035661571,-21.02777778,0.394444444,-9.744444444
12/18/2022,0,0.008375337,-22.72222222,-10.1,-15.94444444
12/19/2022,0,0.046073338,-15.91666667,-1.422222222,-6.805555556
12/20/2022,0,0.043533573,-10.98888889,1.6,-3.577777778
12/21/2022,0.1016,0.063914021,-29.27777778,-1.461111111,-23.84444444
12/22/2022,0.1016,0.007959544,-37.71666667,-27.49444444,-31.78888889
12/23/2022,0,0.016457654,-29.97777778,-13.2,-21.58888889
12/24/2022,0,0.044175311,-13.81666667,7.716666667,-5.222222222
12/25/2022,0,0.053021839,-0.655555556,7.177777778,2.888888889
12/26/2022,0,0.060857078,-1.833333333,8.344444444,3.794444444
12/27/2022,0,0.119724744,1.022222222,7.838888889,4.655555556
12/28/2022,0.0254,0.070512013,-4.85,3.211111111,-0.083333333
12/29/2022,0,0.048649442,-6.661111111,1.955555556,-2.805555556
12/30/2022,0,0.141010525,-2.633333333,4.666666667,0.244444444
12/31/2022,0,0.025407649,-5.761111111,2.205555556,-1.805555556
1/1/2023,0,0.026283299,-10.32777778,-0.1,-3.961111111
1/2/2023,0,0.022596807,-11.14444444,-0.033333333,-6.283333333
1/3/2023,0,0.014974279,-14.17222222,-3.333333333,-8.661111111
1/4/2023,0,0.045964794,-11.91111111,2.816666667,-4.355555556
1/5/2023,0.0254,0.088391699,-7.172222222,5.822222222,-1.261111111
1/6/2023,0,0.026219461,-7.216666667,2.361111111,-2.822222222
1/7/2023,0,0.066978998,-11.43888889,5.905555556,-2.133333333
1/8/2023,0,0.132253785,-4.5,6.261111111,1.122222222
1/9/2023,0,0.11167135,-5.011111111,5.7,0.616666667
1/10/2023,0,0.022769838,-9.172222222,3.9,-3.461111111
1/11/2023,0,0.017741902,-10.41666667,0.05,-6.377777778
1/12/2023,0,0.074451376,-10.55555556,7.233333333,-1.138888889
1/13/2023,0,0.118289252,0.361111111,8.011111111,3.894444444
1/14/2023,0.3302,0.070715107,0.933333333,7.905555556,3.272222222
1/15/2023,0.0254,0.036488709,-1.8,4.394444444,0.933333333
1/16/2023,0.1778,0.01896776,-8.7,2.188888889,-2.322222222
1/17/2023,0,0.027154353,-9.238888889,-0.338888889,-3.922222222
1/18/2023,0,0.027226587,-11.61666667,1.122222222,-6.522222222
1/19/2023,0,0.035421623,-8.277777778,-0.85,-3.711111111
1/20/2023,0,0.02920263,-12.85555556,-0.55,-7.183333333
1/21/2023,0,0.031495961,-13.60555556,1.05,-6.844444444
1/22/2023,0.0254,0.035844889,-10.51666667,0.316666667,-4.711111111
1/23/2023,0,0.026792531,-14.28333333,-4.216666667,-8.261111111
1/24/2023,0.0254,0.03037014,-15.86666667,-0.916666667,-7.661111111
1/25/2023,0.0254,0.029457772,-9.605555556,0.016666667,-4.316666667
1/26/2023,0,0.04129412,-7.477777778,3.277777778,-0.855555556
1/27/2023,0.3048,0.025249751,-4.916666667,1.188888889,-1.088888889
1/28/2023,0,0.065131105,-22.11111111,-4.505555556,-15.07222222
1/29/2023,0,0.018664262,-30.94444444,-18.43888889,-25.65555556
1/30/2023,0,0.018566699,-29.67777778,-17.07222222,-24.83888889
1/31/2023,0,0.023306815,-24.53888889,-7.894444444,-15.76111111
2/1/2023,0,0.055832257,-13.83888889,2.861111111,-5.216666667
2/2/2023,0,0.100689171,-13.67222222,4.683333333,-3.883333333
2/3/2023,0,0.142442651,-8.3,8.077777778,1.622222222
2/4/2023,0,0.102418097,-4.727777778,7.483333333,1.5
2/5/2023,0,0.081840578,-4.511111111,5.122222222,0.322222222
2/6/2023,0,0.11253548,-2.616666667,5.633333333,1.75
2/7/2023,0,0.079847639,-3.122222222,4.394444444,0.677777778
2/8/2023,0,0.104340725,-8.638888889,2.205555556,-1.45
2/9/2023,0,0.075459237,-14.28333333,2.177777778,-6.266666667
2/10/2023,0,0.087843865,-9.844444444,5.366666667,-3.294444444
2/11/2023,0,0.060762168,-11.91111111,3.411111111,-5.005555556
2/12/2023,0,0.065769517,-12.38333333,4.361111111,-4.705555556
2/13/2023,0,0.186011138,-4.361111111,9.261111111,1.927777778
2/14/2023,0,0.056470785,-18.52222222,-2.238888889,-7.138888889
2/15/2023,0,0.045570288,-21.02222222,-4.7,-13.19444444
2/16/2023,0,0.060887028,-17.15555556,-0.327777778,-8.488888889
2/17/2023,0,0.147681277,-11.67222222,3.85,-2.777777778
2/18/2023,0.1016,0.094907157,-6.333333333,1.727777778,-1.711111111
2/19/2023,0,0.093558455,-8.9,3.344444444,-1.022222222
2/20/2023,0,0.102916901,-1.05,6.45,2.488888889
2/21/2023,0.2286,0.130391318,-17.64444444,6.45,-5.422222222
2/22/2023,0,0.041928264,-24.58333333,-17.50555556,-20.53333333
2/23/2023,0,0.041225536,-24.95555556,-16.16666667,-20.90555556
2/24/2023,0,0.047305753,-23.72777778,-10.1,-17.66111111
2/25/2023,0,0.162573993,-18.60555556,7.083333333,-3.6
2/26/2023,0.0254,0.137872364,-5.105555556,7.838888889,0.177777778
2/27/2023,0,0.144446092,-9.816666667,2.566666667,-3.027777778
2/28/2023,0,0.118287262,-7.783333333,1.594444444,-3.205555556
3/1/2023,0,0.069319905,-14.55555556,-0.644444444,-7.177777778
3/2/2023,0,0.17153325,-8.694444444,6.255555556,-1.838888889
3/3/2023,0.0508,0.090462361,-9.111111111,-0.777777778,-4.411111111
3/4/2023,0,0.123597422,-10.68888889,1.383333333,-5.138888889
3/5/2023,0,0.071133769,-9.572222222,-2.938888889,-6.55
3/6/2023,0.127,0.055108238,-11.36111111,-3.277777778,-7.616666667
3/7/2023,0,0.083735825,-16.52222222,0.816666667,-8.45
3/8/2023,0,0.104669565,-15.02222222,1.322222222,-8.344444444
3/9/2023,0,0.112399294,-13.4,2,-6.366666667
3/10/2023,0.2794,0.109977321,-4.972222222,7.044444444,-1.633333333
3/11/2023,0,0.109430326,-4.922222222,1.922222222,-2.25
3/12/2023,0,0.154188399,-4.938888889,5.838888889,-0.716666667
3/13/2023,0,0.224331569,-2.577777778,10.45,3.588888889
3/14/2023,0.2286,0.150517207,-1.033333333,5.905555556,2.027777778
3/15/2023,0.2794,0.079149946,-7.688888889,0.961111111,-1.894444444
3/16/2023,0,0.10787239,-13.44444444,1.85,-5.411111111
3/17/2023,0,0.145143274,-11.63333333,5.127777778,-3.733333333
3/18/2023,0,0.20655896,-8.9,8.777777778,-0.938888889
3/19/2023,0,0.204482359,-7.755555556,9.211111111,0.35
3/20/2023,0,0.132368238,-7.105555556,4.722222222,-1.361111111
3/21/2023,0,0.164113518,-6.344444444,4.605555556,-1.494444444
3/22/2023,0,0.165146655,-11.84444444,6.061111111,-3.25
3/23/2023,0,0.165662503,-9.811111111,8.433333333,-0.988888889
3/24/2023,0,0.131608358,-6.477777778,3.544444444,-0.644444444
3/25/2023,0,0.122846805,-4.061111111,0.222222222,-2.3
3/26/2023,0.127,0.094161401,-4.805555556,-1.122222222,-3.305555556
3/27/2023,0.0254,0.116176058,-17.30555556,2.888888889,-5.6
3/28/2023,0,0.156971377,-6.027777778,4.416666667,-1.527777778
3/29/2023,0.1778,0.075189813,-6.844444444,4.033333333,-1.377777778
3/30/2023,0.3302,0.066075971,-2.477777778,-0.711111111,-1.455555556
3/31/2023,0.0254,0.141686865,-9.488888889,5.8,-1.433333333
4/1/2023,0,0.177062618,-4.794444444,6.516666667,1.338888889
4/2/2023,0,0.187328331,-6.366666667,3.394444444,-1.588888889
4/3/2023,0,0.138625754,-9.038888889,3.866666667,-3.138888889
4/4/2023,0,0.160926415,-6.877777778,1.038888889,-3.322222222
4/5/2023,0,0.134446858,-10.76111111,3.511111111,-4.533333333
4/6/2023,0,0.289740301,-7.144444444,9.938888889,1.422222222
4/7/2023,0,0.401116102,-1.877777778,14.86666667,5.433333333
4/8/2023,0,0.287872344,0.872222222,12.81666667,6.366666667
4/9/2023,0,0.375910721,-2.15,18.16666667,7.988888889
4/10/2023,0,0.614211404,5.738888889,23.98333333,13.93333333
4/11/2023,0.0254,0.335407992,-0.144444444,17.10555556,8.594444444
4/12/2023,0.0254,0.111190721,-2.283333333,4.038888889,0.761111111
4/13/2023,0.0254,0.129791239,-5.527777778,3.983333333,-0.333333333
4/14/2023,0,0.169516393,-9.694444444,6.161111111,-1.316666667
4/15/2023,0,0.266193772,-9.922222222,11.82222222,1.4
4/16/2023,0,0.463720455,-0.911111111,17.56111111,8.911111111
4/17/2023,0,0.275851155,-0.738888889,14.49444444,5.216666667
4/18/2023,0.0254,0.099748934,-3.95,4.683333333,0.45
4/19/2023,0,0.240967603,-2.422222222,5.094444444,0.994444444
4/20/2023,0,0.21608934,-7.15,8.061111111,0.2
4/21/2023,0.0508,0.14511607,-5.366666667,7.788888889,-0.227777778
4/22/2023,0,0.206205121,-5.527777778,8.55,0.633333333
4/23/2023,0,0.286133756,-8.227777778,15.08888889,3.8
4/24/2023,0.5842,0.166407017,1.583333333,10.72222222,4.566666667
4/25/2023,0,0.19099129,0.216666667,11.56666667,5.25
4/26/2023,0,0.311709724,-4.016666667,17.26666667,7.311111111
4/27/2023,0.0254,0.328535309,-0.494444444,14.05555556,7.566666667
4/28/2023,0,0.363651857,-4.933333333,20.5,7.611111111
4/29/2023,0,0.427229715,-1.622222222,23.13888889,10.97777778
4/30/2023,0,0.468642217,-1.861111111,25.27222222,12.88888889
5/1/2023,0,0.5424053,0.222222222,27.22222222,15.33333333
5/2/2023,0,0.489273025,1.083333333,27.66666667,15.26666667
5/3/2023,0,0.492843971,3.15,25.92777778,16.09444444
5/4/2023,0.1524,0.414198383,0.488888889,26.28333333,13.55
5/5/2023,0.1016,0.423142237,4.538888889,19.04444444,12.07222222
5/6/2023,1.2446,0.15993546,3.555555556,11.16666667,7.205555556
5/7/2023,0.0762,0.227261766,-0.533333333,13.9,6.172222222
5/8/2023,0.0508,0.299114896,1.894444444,15.11666667,7.7
5/9/2023,0.4826,0.183289426,1.933333333,10.88888889,6.822222222
5/10/2023,0,0.315541432,2.061111111,15.97222222,8.572222222
5/11/2023,0.0254,0.317907894,3.183333333,17.6,10.55
5/12/2023,0,0.326513204,-0.944444444,18.27777778,9.55
5/13/2023,0,0.263875571,1.572222222,16.63888889,10.02222222
5/14/2023,0,0.343555877,7.961111111,20.56666667,13.28888889
5/15/2023,0,0.439986953,4.25,24.57222222,13.84444444
5/16/2023,0.0762,0.40619187,4.25,23.51111111,14.22222222
5/17/2023,0,0.384564324,8.277777778,19.73333333,13.72777778
5/18/2023,0,0.392021561,2.283333333,21.69444444,12.26666667
5/19/2023,0,0.470585299,1.605555556,25.48333333,13.78888889
5/20/2023,0,0.47281352,3.844444444,27.66666667,15.82222222
5/21/2023,0,0.451802852,5.555555556,27,16.06666667
5/22/2023,0.1778,0.383645532,8.677777778,23.27777778,13.37222222
5/23/2023,0,0.424736436,-0.483333333,22.66666667,11.99444444
5/24/2023,0.7874,0.283438051,7.433333333,19.51666667,13.40555556
5/25/2023,0,0.192496517,7.955555556,14.50555556,10.74444444
5/26/2023,0.127,0.284090331,8.088888889,18.51666667,12.09444444
5/27/2023,0.5588,0.224543163,6.261111111,17.28333333,10.77222222
5/28/2023,0.0254,0.310174987,6.722222222,17.40555556,11.83888889
5/29/2023,0,0.386825944,4.138888889,22.17222222,13.04444444
5/30/2023,0,0.488534363,4.294444444,23.81666667,14.88888889
5/31/2023,0.5842,0.313092413,7.261111111,21.57777778,13.33888889
6/1/2023,0,0.333552522,9.461111111,18.53333333,14.03333333
6/2/2023,0.2032,0.178757988,8.65,14.34444444,11.78333333
6/3/2023,0.1778,0.138775558,10.17222222,15.14444444,11.94444444
6/4/2023,0.2286,0.461570645,5.266666667,22.99444444,15.28333333
6/5/2023,0.1524,0.379851299,10.31111111,23.42777778,15.46111111
6/6/2023,0.0254,0.428008798,7.977777778,24.2,15.30555556
6/7/2023,0,0.496365498,7.494444444,27.11111111,17.46111111
6/8/2023,1.4478,0.20421517,9.861111111,19.42777778,14.12222222
6/9/2023,0.127,0.441321623,11.84444444,22.45,16.76111111
6/10/2023,0,0.361246222,8.816666667,22.66666667,15.48888889
6/11/2023,0.3302,0.315983938,9.355555556,22.11666667,14.77777778
6/12/2023,0.254,0.306751315,11.37222222,22.31111111,14.67777778
6/13/2023,0,0.279583013,7.794444444,20.96666667,13.96111111
6/14/2023,0,0.536652084,7.516666667,19.16666667,14.39444444
6/15/2023,0,0.265671237,1.566666667,15.51666667,9.111111111
6/16/2023,0,0.445378468,2.011111111,20.60555556,12.31111111
6/17/2023,0.1524,0.298325106,7.766666667,20.01111111,13.11666667
6/18/2023,0.6604,0.335454427,6.188888889,16.17777778,10.83333333
6/19/2023,0.127,0.22849848,1.388888889,11.46666667,6.761111111
6/20/2023,0.1778,0.299288941,-0.294444444,14.11666667,6.816666667
6/21/2023,0.0762,0.344392824,0.361111111,14.45555556,7.816666667
6/22/2023,0,0.476902433,-1.038888889,21.61111111,11.07777778
6/23/2023,0.0254,0.286953224,2.25,20.46111111,11.74444444
6/24/2023,0,0.434296869,8.216666667,22.63333333,14.11111111
6/25/2023,0.4064,0.375282688,5.388888889,23.77222222,13.67222222
6/26/2023,0.0508,0.390987276,3.955555556,22.97777778,13.46111111
6/27/2023,0,0.384069708,7.6,22.41111111,14.4
6/28/2023,0.0254,0.332129329,8.672222222,20.15,14.65555556
6/29/2023,0,0.533499368,5.372222222,27.05555556,16.14444444
6/30/2023,0,0.546644015,7.405555556,28.16666667,18.50555556
7/1/2023,0.3556,0.441974165,7.711111111,27.11111111,17.46666667
7/2/2023,0,0.675189431,4.233333333,29.22222222,18.53888889
7/3/2023,0,0.602495218,6.344444444,23.9,16.93333333
7/4/2023,0,0.504016727,8.366666667,20.93888889,14.40555556
7/5/2023,0,0.458507834,1.894444444,25.08333333,14.21111111
7/6/2023,0.381,0.36354001,5.522222222,24.03888889,14.16666667
7/7/2023,0.1778,0.426487446,3.872222222,25.9,14.58888889
7/8/2023,0,0.469687874,4.722222222,28.16666667,15.93333333
7/9/2023,0,0.444404462,7.127777778,29.38888889,17.78333333
7/10/2023,0.4572,0.335286259,9.355555556,27.11111111,16.41666667
7/11/2023,0,0.571115106,9.138888889,27.11111111,18.54444444
7/12/2023,0,0.542061141,2.461111111,27.88888889,16.75555556
7/13/2023,0.0508,0.496336596,8.133333333,26.59444444,17.78888889
7/14/2023,0,0.527979124,4.983333333,26.63333333,17.03888889
7/15/2023,0,0.542579346,6.088888889,28.77777778,17.82222222
7/16/2023,0,0.594869265,6.238888889,31.33333333,20.00555556
7/17/2023,0,0.65006461,9.105555556,31.5,20.28888889
7/18/2023,0,0.627040234,5.277777778,27.16666667,18.33333333
7/19/2023,0,0.590479128,4.072222222,29.55555556,18.15
7/20/2023,0.0254,0.634829225,6.477777778,32.16666667,19.03333333
7/21/2023,0,0.569069453,7.722222222,32.5,20.91111111
7/22/2023,0,0.702967885,8.755555556,35.55555556,22.82777778
7/23/2023,0,0.604967649,7.044444444,34.55555556,21.26666667
7/24/2023,0,0.519625166,10.43333333,32.66666667,21.32222222
7/25/2023,0,0.627370098,11.61111111,29.72222222,20.75
7/26/2023,0,0.566455731,6.538888889,28.72222222,18.71111111
7/27/2023,0.0762,0.426642378,4.45,26.66666667,16.71111111
7/28/2023,0.4572,0.401291614,9.45,25.28888889,16.86666667
7/29/2023,0,0.564779471,7.316666667,33.16666667,19.70555556
7/30/2023,0,0.551808314,10.16666667,33.33333333,20.76111111
7/31/2023,0,0.554528801,3.705555556,32.72222222,19.9
8/1/2023,0,0.609779804,6.033333333,31.44444444,21.01666667
8/2/2023,0,0.489955259,9.127777778,30,19.02777778
8/3/2023,0,0.39963776,7.611111111,27.11111111,17.93333333
8/4/2023,0,0.283438714,13.41666667,23.35,17.85555556
8/5/2023,1.016,0.131823437,12.63888889,17.62222222,14.32222222
8/6/2023,0.1524,0.362617381,10.05555556,22.13333333,15.42777778
8/7/2023,0,0.421772456,6.916666667,24.64444444,15.42222222
8/8/2023,0.0254,0.435867124,9.716666667,25.42222222,17.31111111
8/9/2023,0,0.458740655,8.983333333,28.5,17.79444444
8/10/2023,0,0.510146737,7.144444444,26.24444444,16.85
8/11/2023,0,0.48494907,3.583333333,27.05555556,16.17777778
8/12/2023,0,0.492086359,5.277777778,26.72222222,16.68333333
8/13/2023,0,0.518201168,6.927777778,26.3,17.60555556
8/14/2023,0,0.53012024,3.8,32.27777778,17.98888889
8/15/2023,0,0.565341955,7.05,34.27777778,21.06111111
8/16/2023,0,0.510100442,10.11111111,33.5,22.51666667
8/17/2023,0,0.523314838,6.888888889,34.77777778,21.6
8/18/2023,0.0254,0.503991986,11.42777778,30.94444444,20.38888889
8/19/2023,0.0254,0.373343053,8.233333333,26.18333333,16
8/20/2023,0.0508,0.195232628,12.8,18.86666667,15.68888889
8/21/2023,0.3556,0.252075868,12.51666667,27.11111111,18.1
8/22/2023,0.5334,0.47356981,11.46111111,28.55555556,20.40555556
8/23/2023,0.127,0.355581417,10.52222222,23.49444444,16.64444444
8/24/2023,0,0.418773639,4.233333333,26.3,15.41111111
8/25/2023,0.127,0.427307078,5.666666667,28,16.27777778
8/26/2023,0,0.44745605,7.894444444,28.44444444,17.84444444
8/27/2023,0,0.411022344,5.844444444,28.88888889,17
8/28/2023,0,0.422232229,5.555555556,29.5,17.70555556
8/29/2023,0.0508,0.541964834,8.205555556,33.55555556,19.00555556
8/30/2023,0,0.333801704,7.861111111,19.50555556,13.74444444
8/31/2023,0,0.437481904,6.266666667,24.27777778,16.11111111
9/1/2023,0,0.417164119,3.161111111,29.61111111,15.87222222
9/2/2023,0,0.34519604,6.405555556,28.05555556,17.31666667
9/3/2023,0.2286,0.212508548,7.766666667,22.25555556,14.25
9/4/2023,0.6096,0.17929394,10.96111111,18.55,13.58333333
9/5/2023,0,0.265322613,4.177777778,23.35555556,13.40555556
9/6/2023,0.1524,0.351487178,3.338888889,24.83888889,14.29444444
9/7/2023,0.381,0.240058294,8.188888889,21.66111111,13.85
9/8/2023,0.2286,0.283590659,6.394444444,22.05,14.23333333
9/9/2023,0,0.29187194,2.594444444,23.10555556,12.81111111
9/10/2023,0,0.318199823,2.805555556,24.28888889,13.47222222
9/11/2023,0,0.312307764,3.777777778,25.52777778,14.25555556
9/12/2023,0,0.308269249,5.566666667,26.51111111,15.31666667
9/13/2023,0,0.279227398,4.822222222,22.01111111,13.33333333
9/14/2023,0,0.28446901,0.116666667,21.48333333,10.45
9/15/2023,0,0.312785246,0.1,25.2,11.61111111
9/16/2023,0,0.348789835,-0.116666667,27.22222222,12.81666667
9/17/2023,0,0.50242607,0.733333333,29.77777778,15.12222222
9/18/2023,0,0.416348776,5.194444444,26.08333333,15.25555556
9/19/2023,0,0.308165904,1.794444444,19.78333333,11.76666667
9/20/2023,0,0.265244476,-3.238888889,18.08888889,8.227777778
9/21/2023,0.0254,0.152052191,5.1,9.822222222,6.705555556
9/22/2023,0.3302,0.084086569,5.65,10.15555556,7.677777778
9/23/2023,0,0.240357285,0.805555556,20.28888889,10.83888889
9/24/2023,0,0.300849937,-0.572222222,22.74444444,10.37777778
9/25/2023,0,0.392291932,-0.005555556,26.94444444,13.9
9/26/2023,0,0.440723314,7.227777778,23.22222222,15.59444444
9/27/2023,0,0.176433215,-1.933333333,18.11666667,7.388888889
9/28/2023,0,0.221442906,-2.994444444,15.25555556,6.533333333
9/29/2023,0,0.216708924,-3.4,17.50555556,6.877777778
9/30/2023,0.0508,0.179455494,2.444444444,13.02777778,7.138888889
10/1/2023,0.4318,0.106079512,4.35,9.055555556,6.166666667
10/2/2023,0.0254,0.108403238,0.861111111,11.17777778,6.727777778
10/3/2023,0.1778,0.096750266,5.161111111,11.24444444,7.677777778
10/4/2023,0,0.159130121,4.605555556,16.31666667,10.02222222
10/5/2023,0,0.124269348,3.605555556,15.89444444,9.094444444
10/6/2023,0,0.171632774,-0.888888889,17.94444444,8.172222222
10/7/2023,0,0.194757815,-3.161111111,22.47777778,7.777777778
10/8/2023,0,0.219256018,-1.272222222,24.65,9.211111111
10/9/2023,0,0.345632699,0.227777778,26.43333333,13.41111111
10/10/2023,0.0254,0.266118259,7.65,20.93888889,12.72777778
10/11/2023,0.0254,0.135778041,3.344444444,11.81111111,7.427777778
10/12/2023,0,0.149519236,3.111111111,11.1,6.655555556
10/13/2023,0,0.145611628,0.877777778,14.9,8.022222222
10/14/2023,0,0.126454984,-2.738888889,15.63333333,5.444444444
10/15/2023,0,0.152391508,0.216666667,18.33888889,8.794444444
10/16/2023,0,0.210819552,-0.777777778,25.22222222,10.71666667
10/17/2023,0,0.267670569,-0.716666667,17.12777778,10.18333333
10/18/2023,0,0.171350191,-4.616666667,20.26666667,6.505555556
10/19/2023,0,0.232781911,-1.172222222,25.82777778,11.43333333
10/20/2023,0,0.230922985,1.233333333,25.72777778,12.21666667
10/21/2023,0,0.163745547,-0.338888889,21.36111111,8.627777778
10/22/2023,0.0254,0.152125952,-1.361111111,22.03888889,7.872222222
10/23/2023,0.0508,0.106239176,3.472222222,13.06666667,8.044444444
10/24/2023,0.1016,0.09989376,-5.794444444,8.316666667,2.038888889
10/25/2023,0.3048,0.059358191,-10.51666667,-4.494444444,-8.105555556
10/26/2023,0.0762,0.044827245,-12.16111111,-7.283333333,-10.42777778
10/27/2023,0.0508,0.034400161,-20.91111111,-6.95,-10.82222222
10/28/2023,0,0.039952505,-19.7,-4.516666667,-11.18888889
10/29/2023,0,0.035751068,-21.21666667,-5.066666667,-12.86666667
10/30/2023,0,0.038636942,-19.78888889,-1.033333333,-11.76111111
10/31/2023,0,0.043527925,-17.12777778,2.894444444,-7.988888889
11/1/2023,0,0.037301676,-14.64444444,0.744444444,-6.005555556
11/2/2023,0.0508,0.082090435,-3.405555556,10.08888889,2.933333333
11/3/2023,0,0.064876051,-3.161111111,9.488888889,3.872222222
11/4/2023,0,0.084088295,-5.094444444,10.77222222,3.205555556
11/5/2023,0.0762,0.085800164,-1.755555556,11.66111111,5.794444444
11/6/2023,0.127,0.09326771,-1.855555556,12.72777778,4.338888889
11/7/2023,0,0.138716601,1.077777778,7.688888889,4.016666667
11/8/2023,0,0.078359822,-5.294444444,7.422222222,0.916666667
11/9/2023,0,0.055422813,-10.42222222,6.877777778,-2.605555556
11/10/2023,0,0.054631882,-7.116666667,5.483333333,-1.688888889
11/11/2023,0,0.186098145,-4.033333333,10.85555556,4.883333333
11/12/2023,0,0.137901157,-3.377777778,13.27777778,4.527777778
11/13/2023,0,0.25139136,-1.122222222,15.12777778,6.961111111
11/14/2023,0,0.060738692,-7.25,7.711111111,-1.288888889
11/15/2023,0,0.204322139,-4.044444444,15.65,6.416666667
11/16/2023,0,0.073614854,-7.383333333,7.55,1.838888889
11/17/2023,0,0.047692563,-10.38888889,9.033333333,-2.755555556
11/18/2023,0,0.046327136,-11.35555556,9.244444444,-2.438888889
11/19/2023,0.0254,0.075152515,-4.422222222,3.727777778,0.138888889
11/20/2023,0,0.062154593,-9.444444444,4.972222222,-0.977777778
11/21/2023,0,0.036923685,-11.96111111,5.222222222,-4.238888889
11/22/2023,0,0.0474065,-7.211111111,4.733333333,-0.666666667
11/23/2023,0,0.072635428,-7.455555556,0.711111111,-2.494444444
11/24/2023,0,0.039528209,-16.04444444,-3.044444444,-7.733333333
11/25/2023,0,0.019655689,-17.83888889,-1.744444444,-10.96666667
11/26/2023,0,0.030251053,-16.23888889,1.316666667,-8.461111111
11/27/2023,0,0.027024572,-16.24444444,2.305555556,-8.427777778
11/28/2023,0,0.029785397,-17.51111111,3.711111111,-8.688888889
11/29/2023,0,0.03608718,-16.78888889,3.4,-7.972222222
11/30/2023,0.0508,0.030666289,-16.40555556,-0.383333333,-7.916666667
12/1/2023,0,0.051639283,-10.77222222,2.766666667,-4.044444444
12/2/2023,0.0254,0.071071664,-8.611111111,2.422222222,-2.15
12/3/2023,0,0.075420857,-9.005555556,8.027777778,-1.166666667
12/4/2023,0,0.110167967,0.388888889,8.338888889,4.944444444
12/5/2023,0,0.23190158,4.738888889,14.85555556,8.844444444
12/6/2023,0,0.23190158,3.388888889,15.06666667,8.844444444
12/7/2023,0.0762,0.0931417,-7.038888889,8.383333333,2.183333333
12/8/2023,0.0508,0.033499273,-6.288888889,0.483333333,-3.305555556
12/9/2023,0,0.078151186,-14.15555556,-0.333333333,-5.038888889
12/10/2023,0,0.046400705,-4.305555556,2.411111111,-0.744444444
12/11/2023,0,0.027923617,-2.266666667,2.572222222,-0.388888889
12/12/2023,0,0.029762371,-9.322222222,1.3,-1.911111111
12/13/2023,0,0.01564146,-16.51666667,2.177777778,-8.544444444
12/14/2023,0,0.012912241,-16.98888889,-0.722222222,-9.577777778
12/15/2023,0,0.019900149,-13.41111111,2.322222222,-6.472222222
12/16/2023,0,0.023678127,-13.05555556,3.755555556,-6.372222222
12/17/2023,0,0.028959907,-12.44444444,5.622222222,-5.677777778
12/18/2023,0,0.03664885,-11.72777778,1.816666667,-4.244444444
12/19/2023,0,0.118243976,-4.233333333,12.14444444,3.794444444
12/20/2023,0,0.033048728,-5.144444444,9.733333333,0.827777778
12/21/2023,0,0.086305264,-5.494444444,12.16666667,2.75
12/22/2023,0,0.09469532,-5.705555556,10.71111111,2.211111111
12/23/2023,0.0508,0.071250323,-11.57222222,2.85,-2.544444444
12/24/2023,0,0.021137767,-19.58888889,-1.511111111,-11.3
12/25/2023,0,0.016635656,-21.84444444,-0.288888889,-14.11111111
12/26/2023,0,0.024952093,-20.71666667,-3.661111111,-13.13888889
12/27/2023,0,0.03818452,-18.75,4.611111111,-7.811111111
12/28/2023,0,0.027968053,-10.05,6.627777778,-3.611111111
12/29/2023,0,0.02109507,-10.54444444,7.416666667,-4.133333333
12/30/2023,0,0.023146168,-12.37777778,5.794444444,-4.894444444
12/31/2023,0,0.022356822,-12.60555556,4.75,-5.65
1/1/2024,0,0.021080654,-14.05,4.294444444,-6.861111111
1/2/2024,0,0.017128618,-17.97222222,2.177777778,-9.477777778
1/3/2024,0,0.024629835,-15.77222222,-0.133333333,-8.388888889
1/4/2024,0,0.03547501,-8.783333333,0.761111111,-4.005555556
1/5/2024,0,0.042278097,-11.94444444,3.75,-3.694444444
1/6/2024,0,0.113736589,-8.777777778,1.544444444,-2.672222222
1/7/2024,0.0254,0.035432575,-10.42777778,-2.572222222,-5.661111111
1/8/2024,0,0.048916595,-14.02222222,-2.505555556,-7.183333333
1/9/2024,0,0.143024591,-4.588888889,1.722222222,-1.072222222
1/10/2024,0.0254,0.065530318,-9.916666667,-1.072222222,-4.872222222
1/11/2024,0,0.067934754,-28.01666667,-0.422222222,-11.2
1/12/2024,0.0254,0.011489527,-36.36666667,-27.65555556,-30.12777778
1/13/2024,0,0.006433429,-39.67222222,-24.45,-33.40555556
1/14/2024,0.0254,0.011422951,-35.07222222,-19.31666667,-25.83333333
1/15/2024,0,0.011346953,-36.79444444,-19.80555556,-26.23333333
1/16/2024,0,0.015356124,-26.03888889,-12.22777778,-20.15555556
1/17/2024,0,0.06058289,-19.40555556,3.172222222,-7.561111111
1/18/2024,0.0254,0.055868123,-17.71666667,-1.911111111,-13.56111111
1/19/2024,0,0.021066443,-20.52777778,-7.572222222,-12.58888889
1/20/2024,0,0.035452355,-9.894444444,0.5,-5.144444444
1/21/2024,0.0254,0.065931761,-6.988888889,6.4,1.483333333
1/22/2024,0,0.100304323,-2.088888889,6.638888889,2.533333333
1/23/2024,0,0.043039055,-6.816666667,5.944444444,-0.016666667
1/24/2024,0,0.074400257,-8.694444444,7.227777778,-0.011111111
1/25/2024,0,0.064888851,-6.55,4.7,-0.233333333
1/26/2024,0,0.076111967,-8.672222222,5.677777778,-2
1/27/2024,0,0.101815949,-8.577777778,9.605555556,0.783333333
1/28/2024,0,0.144551197,1.3,14.22222222,6.644444444
1/29/2024,0,0.076179485,-4.077777778,15.67777778,3.288888889
1/30/2024,0,0.101350328,-5.655555556,16.77777778,2.677777778
1/31/2024,0,0.214839402,-3.944444444,15.12777778,5.488888889
2/1/2024,0,0.197052637,-0.377777778,13.2,6.027777778
2/2/2024,0.3302,0.102677752,0.244444444,9.672222222,4.355555556
2/3/2024,0.4572,0.031636215,-0.533333333,1.45,0.138888889
2/4/2024,0.0508,0.036476592,-11.38333333,0.155555556,-4.261111111
2/5/2024,0,0.088557814,-3.3,5.211111111,0.294444444
2/6/2024,0,0.052378386,-4.866666667,4.922222222,-1.022222222
2/7/2024,0.5842,0.039207381,-3.127777778,1.494444444,-1.538888889
2/8/2024,0.0762,0.040350171,-8.622222222,0.894444444,-3.894444444
2/9/2024,0.127,0.040406886,-9.777777778,-0.161111111,-5.016666667
2/10/2024,0.0254,0.048374418,-9.811111111,0.072222222,-6.211111111
2/11/2024,0,0.047296697,-12.56666667,0.172222222,-5.366666667
2/12/2024,0.0254,0.076412394,-7.227777778,4.15,-0.894444444
2/13/2024,0,0.079229726,-6.833333333,2.605555556,-1.822222222
2/14/2024,0.1016,0.052495858,-8.661111111,-4.483333333,-6.994444444
2/15/2024,0.0254,0.057319104,-12.05,-5.322222222,-9.583333333
2/16/2024,0,0.047691039,-21.72222222,-6.955555556,-13.12222222
2/17/2024,0,0.042688593,-23.35,-4.883333333,-15.97222222
2/18/2024,0,0.048315983,-17.76666667,-1.666666667,-8.65
2/19/2024,0,0.079272197,-12.29444444,5.244444444,-2.311111111
2/20/2024,0,0.128032571,-2.527777778,7.766666667,2.022222222
2/21/2024,0,0.09160445,-6.85,7.05,-0.155555556
2/22/2024,0,0.076963472,-4.55,6.322222222,-0.044444444
2/23/2024,0,0.11509592,-6.416666667,6.461111111,0.638888889
2/24/2024,0,0.253685167,0.666666667,8.488888889,5.205555556
2/25/2024,0,0.228873708,2.505555556,9.538888889,6.133333333
2/26/2024,0.1778,0.086324229,-8.561111111,6.027777778,-1.2
2/27/2024,0,0.093146426,-10.03888889,-2.061111111,-6.116666667
2/28/2024,0,0.2385858,-6.022222222,8.711111111,0.95
2/29/2024,0.2032,0.247748284,-1.894444444,11.08333333,4.566666667
3/1/2024,0.0254,0.082090549,-6.811111111,2.766666667,-1.183333333
3/2/2024,0.1524,0.088124175,-6.105555556,3.661111111,-0.783333333
3/3/2024,0,0.085953362,-10.32222222,-0.505555556,-5.738888889
3/4/2024,0,0.121527407,-11.28333333,1.072222222,-4.861111111
3/5/2024,0.0254,0.08185934,-9.544444444,-0.855555556,-5.461111111
3/6/2024,0,0.115594588,-12.37777778,0.572222222,-5.194444444
3/7/2024,0,0.107234733,-13.44444444,1.644444444,-6.372222222
3/8/2024,0,0.121285835,-14.05555556,5.144444444,-4.838888889
3/9/2024,0,0.234270801,-8.961111111,13.05,1.566666667
3/10/2024,0,0.300891069,-1.516666667,12.17222222,4.977777778
3/11/2024,0.0254,0.136731288,-2.25,9.488888889,2.783333333
3/12/2024,0.0508,0.129046721,-2.772222222,8.666666667,2.733333333
3/13/2024,0,0.155431574,-2.738888889,4.427777778,-0.061111111
3/14/2024,0,0.150837392,-9.2,6.188888889,-1.072222222
3/15/2024,0,0.162544208,-9.655555556,10.49444444,-0.566666667
3/16/2024,0,0.209345741,-6.055555556,15.42222222,3.994444444
3/17/2024,0,0.204951711,-6.422222222,15.09444444,4.094444444
3/18/2024,0,0.228016187,-5.572222222,17.52777778,4.85
3/19/2024,-0.0254,0.225907996,-5.15,17.33333333,5.244444444
3/20/2024,0,0.282949501,-3.944444444,18.48333333,6.677777778
3/21/2024,0.0508,0.181983618,-0.516666667,11.31111111,4.738888889
3/22/2024,0,0.172669057,-1.061111111,12.18888889,4.816666667
3/23/2024,0.2794,0.105564833,-5.994444444,10.22222222,-0.966666667
3/24/2024,0.0508,0.11866249,-8.272222222,0.033333333,-5.194444444
3/25/2024,0.0254,0.127393298,-8.827777778,3.4,-3.494444444
3/26/2024,0.0762,0.123831851,-4.005555556,5.827777778,-0.016666667
3/27/2024,0,0.235431071,-4.416666667,10.93333333,3.077777778
3/28/2024,0.4826,0.108005907,-3.533333333,5.45,1.761111111
3/29/2024,0,0.152538699,-4.705555556,6.966666667,0.133333333
3/30/2024,0,0.134228915,-7.144444444,7.1,-0.822222222
3/31/2024,0,0.186392255,-6.433333333,6.883333333,0.711111111
4/1/2024,0,0.231607712,-7.25,12.90555556,2.305555556
4/2/2024,0,0.28930746,-4.794444444,18.33333333,6.988888889
4/3/2024,0.7874,0.255737952,1.144444444,17.78333333,7.727777778
4/4/2024,0.9398,0.154473329,2.783333333,12.37222222,6.6
4/5/2024,0.4572,0.20587171,-2.344444444,16.02777778,3.95
4/6/2024,0.1016,0.09256208,-0.422222222,4.166666667,1.138888889
4/7/2024,0.0254,0.14963361,-1.7,6.561111111,1.494444444
4/8/2024,0,0.158672068,-3.944444444,7.75,1.683333333
4/9/2024,0,0.238755741,0.733333333,11.15555556,5.822222222
4/10/2024,0,0.285886289,-0.516666667,11.42222222,5.372222222
4/11/2024,0,0.300969234,-4.116666667,17.62777778,6.8
4/12/2024,0,0.448586825,1.472222222,22.44444444,12.24444444
4/13/2024,0,0.38013465,4.3,20.80555556,12.3
4/14/2024,0,0.347827862,-1.477777778,23.33888889,10.8
4/15/2024,0,0.333916579,-1.216666667,17.71666667,9.2
4/16/2024,0,0.279480434,-1.455555556,10.54444444,4.288888889
4/17/2024,0.0762,0.184119802,-4.988888889,3.455555556,-1.166666667
4/18/2024,0,0.213457457,-10.77222222,6.088888889,-1.094444444
4/19/2024,0,0.285912206,-4.5,5.566666667,-0.316666667
4/20/2024,0,0.281905568,-13.25,13.59444444,0.916666667
4/21/2024,0,0.344668323,-3.238888889,13.76666667,5.844444444
4/22/2024,0,0.357928523,-5.022222222,12.16111111,4.305555556
4/23/2024,0,0.350631188,-8.022222222,17.73333333,4.727777778
4/24/2024,0,0.343110624,-4.594444444,19.42777778,8.15
4/25/2024,0,0.353373923,3.327777778,16.21111111,9.916666667
4/26/2024,0,0.294549098,1.272222222,14.74444444,7.972222222
4/27/2024,0.0508,0.165685804,3.111111111,9.811111111,6.411111111
4/28/2024,0,0.288905394,2.005555556,13.95555556,7.211111111
4/29/2024,0.3302,0.132819318,-0.927777778,5.161111111,2.261111111
4/30/2024,0.0254,0.185932732,-5.277777778,6.011111111,0.466666667
5/1/2024,0.0254,0.146764492,-6.7,5.827777778,-0.194444444
5/2/2024,0,0.223402023,-2.366666667,8.805555556,2.916666667
5/3/2024,0,0.270686435,-4.205555556,10.37222222,3.172222222
5/4/2024,0,0.363756322,-5.722222222,16.86111111,7.25
5/5/2024,0.0254,0.275182503,4.972222222,17.17222222,9.727777778
5/6/2024,0.2794,0.25224096,2.655555556,10.89444444,6.077777778
5/7/2024,0,0.245926337,1.077777778,7.605555556,4.044444444
5/8/2024,0,0.244884627,1.4,10.35555556,5.416666667
5/9/2024,0.0254,0.282630424,1.161111111,15.15555556,7.927777778
5/10/2024,0,0.407744681,-3.911111111,21.25555556,9.388888889
5/11/2024,0,0.474636911,-0.183333333,23.73888889,12.33333333
5/12/2024,0,0.486457332,0.383333333,23.88888889,13.85555556
5/13/2024,0,0.511999171,0.622222222,23.78888889,13.62222222
5/14/2024,0,0.370600984,3.955555556,18.80555556,11.61111111
5/15/2024,0,0.356337647,1.294444444,19.66666667,12.12222222
5/16/2024,0,0.613783861,6.494444444,23.73888889,15.88888889
5/17/2024,0,0.512387768,0.316666667,15.85,9.716666667
5/18/2024,0,0.475691588,-3,16.78888889,7.522222222
5/19/2024,0.1778,0.21338999,0.472222222,9.166666667,3.8
5/20/2024,0,0.235334103,-6.844444444,12.02222222,3.533333333
5/21/2024,0,0.262686584,-2.766666667,14.90555556,6.011111111
5/22/2024,0.5334,0.17893021,-0.188888889,12.05555556,6.305555556
5/23/2024,0.8636,0.199140686,-0.5,9.111111111,3.761111111
5/24/2024,0.0254,0.338352884,-3.1,15.12777778,6.622222222
5/25/2024,0.381,0.27316807,-0.244444444,13.77777778,7
5/26/2024,0,0.375089851,4.444444444,15.36666667,8.75
5/27/2024,0,0.436360362,-0.194444444,20.28333333,10.88888889
5/28/2024,0,0.518794668,1.35,27.16666667,14.28333333
5/29/2024,0.3302,0.317685141,3.877777778,14.76666667,10.21666667
5/30/2024,0.0254,0.333000346,0.461111111,13.75,6.805555556
5/31/2024,0,0.418564895,-4.594444444,17.28333333,7.733333333
6/1/2024,0,0.41074939,-1.366666667,22.07222222,10.25
6/2/2024,0.0254,0.346010482,6.611111111,19.61111111,12.92777778
6/3/2024,0.127,0.308899369,5.261111111,18.01666667,11.68333333
6/4/2024,0.0254,0.398531874,1.761111111,18.66666667,10.77777778
6/5/2024,0,0.55313573,6.238888889,22.73888889,14.7
6/6/2024,0,0.590499817,0.388888889,27.72222222,15.07222222
6/7/2024,0,0.615302384,5.794444444,27.72222222,17.41666667
6/8/2024,0,0.596201791,4.45,26.43888889,16.56111111
6/9/2024,0.3302,0.483571195,7.1,26.08888889,14.92222222
6/10/2024,0.254,0.446830696,8.138888889,23.84444444,16.38333333
6/11/2024,0,0.589321227,3.683333333,27.61111111,17.53333333
6/12/2024,0,0.68807585,8.511111111,24.77222222,17.46666667
6/13/2024,0,0.598161895,-0.461111111,26.94444444,14.97777778
6/14/2024,0,0.67791391,5.422222222,26.83333333,17.66666667
6/15/2024,0.0508,0.375979808,3.894444444,19.56111111,11.35555556
6/16/2024,0.0254,0.423012219,-2.361111111,15.15,7.577777778
6/17/2024,0.2286,0.160948237,2.655555556,8.644444444,5.144444444
6/18/2024,0.127,0.267576707,0.983333333,13.98888889,6.772222222
6/19/2024,0,0.362688859,-1.566666667,18.70555556,8.738888889
6/20/2024,0,0.445464669,0.1,24.31666667,12.58333333
6/21/2024,0,0.571687987,4.522222222,27.11111111,16.96111111
6/22/2024,0,0.595916695,3.427777778,28.16666667,17.06666667
6/23/2024,0,0.760217099,7.183333333,32.94444444,20.43333333
6/24/2024,0,0.786251312,9.177777778,29.38888889,20.29444444
6/25/2024,0,0.66625503,3.055555556,28.55555556,17.62222222
6/26/2024,0.508,0.559015737,5.733333333,29.83333333,18.22222222
6/27/2024,1.0414,0.405318477,7.522222222,19.37777778,14.13333333
6/28/2024,0,0.363789652,5.955555556,17.64444444,12.17777778
6/29/2024,0,0.558995541,4.138888889,26.5,15.81111111
6/30/2024,0.3048,0.311521337,8.644444444,21.39444444,15.1
7/1/2024,0.2032,0.303624934,7.211111111,19.89444444,13.79444444
7/2/2024,0.0508,0.432324977,8.35,22.49444444,14.71666667
7/3/2024,0,0.306812143,4.688888889,20.21111111,11.79444444
7/4/2024,0,0.413370333,4.883333333,23.70555556,14.88888889
7/5/2024,0,0.52535486,2.883333333,26.83333333,15.60555556
7/6/2024,0,0.582725233,7.077777778,27.5,17.67222222
7/7/2024,0,0.546465471,5.733333333,28.11111111,18.88333333
7/8/2024,0,0.628300172,7.005555556,30.88888889,19.95
7/9/2024,0,0.611774593,8.461111111,33.61111111,21.46666667
7/10/2024,0,0.711526178,9.472222222,35.77777778,22.83333333
7/11/2024,0,0.683161966,12.42777778,34.44444444,23.94444444
7/12/2024,0,0.687573366,5.666666667,33.11111111,21.90555556
7/13/2024,0,0.725878585,7.522222222,35,22.09444444
7/14/2024,0,0.504401354,8.083333333,31.22222222,20.56111111
7/15/2024,0,0.725361349,7.227777778,32.83333333,20.91111111
7/16/2024,0,0.611377016,5.4,32.44444444,20.16111111
7/17/2024,0,0.61408691,5.127777778,33.33333333,20.95555556
7/18/2024,0,0.64742505,8.611111111,33.33333333,22.53888889
7/19/2024,0,0.692064243,8.305555556,33.88888889,22.60555556
7/20/2024,0,0.700204149,10.13333333,33.77777778,22.84444444
7/21/2024,0,0.60256065,8.516666667,33.22222222,22.42777778
7/22/2024,0,0.547073889,8.827777778,33.77777778,20.69444444
7/23/2024,0,0.746051083,8.733333333,37.16666667,24.48888889
7/24/2024,0.1016,0.668640416,10.78333333,36.22222222,21.95
7/25/2024,0,0.805558834,16,32.55555556,23.16111111
7/26/2024,0,0.618899323,6.711111111,28.66666667,17.42777778
7/27/2024,0,0.433627457,3.411111111,25.66111111,15.83888889
7/28/2024,0,0.468711497,6.627777778,27.61111111,17.65555556
7/29/2024,0,0.566324387,5.016666667,30.22222222,18.31666667
7/30/2024,0.0254,0.232483839,8.966666667,20,15.23333333
7/31/2024,0,0.494658883,3.533333333,27.72222222,16.73333333
8/1/2024,0,0.601738598,5.988888889,33.5,20.53333333
8/2/2024,0,0.648656258,8.938888889,35,22.27777778
8/3/2024,0,0.605296032,9.85,36.16666667,23.22777778
8/4/2024,0.0254,0.411522376,10.41666667,25.37777778,20.27222222
8/5/2024,0,0.52201888,4.094444444,31.44444444,18.57777778
8/6/2024,0.4826,0.805830552,24.39,30.38,29.00857143
8/7/2024,0,0.394015845,6.81,24.34,16.75666667
8/8/2024,0,0.385119871,9.01,23.3,16.14125
8/9/2024,0,0.52650973,11.59,26.68,18.29239583
8/10/2024,0.3556,0.512118064,6.56,28.08,17.3778125
8/11/2024,0,0.411443457,3.29,27.23,14.29895833
8/12/2024,0,0.291663547,5.74,28.61,15.99447917
8/13/2024,0.0762,0.263703072,4.73,28.7,14.65552083
8/14/2024,0,0.37280661,2.22,25.63,13.365625
8/15/2024,0,0.345030962,3.63,28.05,15.47447917
8/16/2024,0,0.32251598,5.04,25.75,13.09864583
8/17/2024,0,0.462855844,4.65,29.6,16.0971875
8/18/2024,0.0762,0.415283977,7.29,33.1,20.52385417
8/19/2024,0,0.331727573,7.31,29.28,17.20802083
8/20/2024,0,0.374566072,3.98,27.74,14.2
8/21/2024,0.0762,0.330532633,3.62,26.5,14.00510417
8/22/2024,0,0.41566864,3.5,29.74,15.24197917
8/23/2024,0,0.419095745,14.04,29.13,21.783125
8/24/2024,0,0.33110799,3.6,22.86,13.23770833
8/25/2024,0,0.334694731,2.93,21.68,11.61635417
8/26/2024,0,0.369107664,1.16,24.87,12.16760417
8/27/2024,0,0.254621764,1.42,25.78,10.47386667
8/28/2024,0.5842,0.380602694,1.7,17.26666667,10.1
8/29/2024,0,0.350451891,0.994444444,22.95,11.76111111
8/30/2024,0,0.414360646,1.627777778,28.72222222,14.27777778
8/31/2024,0,0.456148616,1.188888889,30.94444444,16.61666667
9/1/2024,0,0.504229914,3.55,32.77777778,17.81111111
9/2/2024,0,0.418663672,4.605555556,32.33333333,18.18888889
9/3/2024,0.381,0.324190995,9.138888889,24.25,16.56666667
9/4/2024,0,0.372830265,4.333333333,26.94444444,15.74444444
9/5/2024,0,0.38518765,4.277777778,28.5,16.42222222
9/6/2024,0,0.386947082,4.138888889,30.05555556,16.53888889
9/7/2024,0,0.373702633,4.072222222,29.83333333,16.25555556
9/8/2024,0,0.370836325,4.35,29,15.94444444
9/9/2024,0,0.525338727,9.355555556,29.38888889,18.78888889
9/10/2024,0,0.30472756,4.316666667,26.33333333,14.52222222
9/11/2024,0.381,0.221468562,3.388888889,21.45555556,10.96666667
9/12/2024,0.0254,0.124421787,7.144444444,11.97777778,9.427777778
9/13/2024,0,0.199059123,3.616666667,17.07777778,11.06111111
9/14/2024,0,0.2877755,2.472222222,22.92777778,11.48888889
9/15/2024,0,0.300241092,4.338888889,22.92222222,13.27222222
9/16/2024,0.4572,0.306273472,7.438888889,24.75,14.56666667
9/17/2024,0.1016,0.129892996,6.383333333,16.23333333,11.26111111
9/18/2024,0.127,0.153091015,4.18,15.35,12.61869565
9/19/2024,0,0.274000965,2.1,21.04,10.24385417
9/20/2024,0,0.243553756,-0.31,18.42,10.37166667
9/21/2024,0,0.254536763,-2.61,18,6.862395833
9/22/2024,0,0.205851275,-3.71,20.49,7.8746875
9/23/2024,0,0.217290071,1.66,20.07,11.65614583
9/24/2024,0,0.307322436,1.77,26.81,13.0496875
9/25/2024,0,0.279537231,3.14,29.55,14.72645833
9/26/2024,0,0.250806023,1.93,21.63,13.75322917
9/27/2024,0,0.313247723,-1.15,25.38,10.46364583
9/28/2024,0,0.309924762,0.46,30.26,12.69052083
9/29/2024,0,0.197286232,0.06,20.14,9.636145833
9/30/2024,0,0.260856975,-6.49,14.45,4.572291667
10/1/2024,0,0.26762514,-5.92,23.58,6.796458333
10/2/2024,0,0.221315248,-2.64,18.09,10.69333333
10/3/2024,0,0.217568953,-7.47,15.85,3.486666667
10/4/2024,0,0.211937847,-7.16,28.03,8.1375
10/5/2024,0,0.250923231,-1.64,16.73,8.7315625
10/6/2024,0,0.256210568,-4.87,21.3,5.850652174
10/7/2024,0,0.196450215,-4.56,23.44,7.34875
10/8/2024,0,0.201862862,-3.72,24.99,8.125
10/9/2024,0,0.177897082,-1.73,23.37,9.5053125
10/10/2024,0,0.154464354,1.78,18.49,8.7284375
10/11/2024,0,0.143021829,-1.37,20.92,8.526458333
10/12/2024,0,0.159674252,-0.91,23.02,9.384479167
10/13/2024,0,0.168783141,-3.75,23.89,6.93375
10/14/2024,0,0.14565911,-3.8,23.55,7.0028125
10/15/2024,0,0.149580194,-2.42,22.81,7.314375
10/16/2024,0,0.106901231,-4.39,16.65,5.695729167
10/17/2024,0,0.084202409,-1.19,6.95,3.145729167
10/18/2024,0,0.112849831,-8.53,9.3,0.058695652
10/19/2024,0,0.124208542,-0.65,17.6,7.6725
10/20/2024,0,0.154562017,0.56,21.52,8.099166667
10/21/2024,0,0.075882347,-0.16,14.21,6.388958333
10/22/2024,0,0.087781121,-7.49,10.15,2.672916667
10/23/2024,0,0.072033635,-9.68,6.54,-0.7615625
10/24/2024,0,0.072225629,-8.22,8.18,1.726458333
10/25/2024,0,0.104735545,-9.83,11.68,0.1815625
10/26/2024,0.0691,0.108644585,-5.71,19.09,5.120520833
10/27/2024,0.1097,0.123200192,-7.58,19.87,3.866458333
10/28/2024,0.0174,0.077944445,-7.13,9.34,1.0328125
10/29/2024,0,0.065218838,-6.95,5.48,0.334166667
10/30/2024,0,0.074088497,-11.01,7.6,-4.095416667
10/31/2024,0.035,0.047458421,-12.48,5.14,-3.354583333
11/1/2024,0.012,0.064870086,-7.45,8.22,0.713645833
11/2/2024,0.017,0.069552338,-2.27,8.55,1.856354167
11/3/2024,0,0.051395306,-5.49,5,1.1146875
11/4/2024,0,0.100398543,-0.29,7.41,2.917604167
11/5/2024,0,0.087322993,-1.91,3.01,1.124895833
11/6/2024,0,0.094739944,-6.08,4.83,-0.3078125
11/7/2024,0,0.079640108,-10.32,9.73,-1.4003125
11/8/2024,0,0.049874514,-9.51,10.03,-1.664479167
11/9/2024,0.015,0.042756741,-9.79,10.23,-1.697916667
11/10/2024,0,0.04923612,-5.98,9.53,1.702395833
11/11/2024,0,0.066420311,-2.59,15.43,4.599166667
11/12/2024,0,0.087849412,-1.85,6.06,3.590326087
11/13/2024,0,0.127427738,-8.32,10.18,3.078229167
11/14/2024,0,0.086078555,-8.83,9.8,3.004895833
11/15/2024,0.07,0.037322637,-10.93,2.06,-3.339583333
11/16/2024,0.031,0.046359695,-6.29,1.95,-1.004479167
11/17/2024,0.232,0.06673101,-3.64,8.5,1.700729167
11/18/2024,0.363,0.036298855,-7.69,1.52,-1.580104167
11/19/2024,0.035,0.028687097,-12.31,0.14,-7.5059375
11/20/2024,0,0.037169974,-13.5,2.7,-4.390729167
11/21/2024,0.007,0.034546325,-3.31,6.07,0.951666667
11/22/2024,0.064,0.040228243,-1.12,7.01,2.960208333
11/23/2024,0.215,0.050073112,-3.62,9.51,3.705416667
11/24/2024,0,0.036096819,-6.53,3.83,-1.919375
11/25/2024,0,0.032168476,-10.24,6.13,-2.315416667
11/26/2024,0.048,0.032874397,-3.1,2.98,-0.3059375
11/27/2024,0,0.078077535,-0.86,1.75,0.30125
11/28/2024,0,0.065913081,-8.37,3.11,-1.667395833
11/29/2024,0,0.028095156,-11.1,0.21,-6.387395833
11/30/2024,0,0.027954866,-9.27,3.6,-4.36375
12/1/2024,0,0.029294888,-9.59,7.1,-3.9134375
12/2/2024,0,0.00869854,-11.49,5.02,-5.699479167
12/3/2024,0,0.012999842,-13.1,3.04,-6.693645833
12/4/2024,0,0.006070711,-12.1,3.1,-6.923541667
12/5/2024,0,0.006069743,-13.16,3.54,-7.246875
12/6/2024,0,0.008923495,-12.98,3.16,-5.677083333
12/7/2024,0,0.030855497,-8.89,8.18,-0.015520833
12/8/2024,0.085,0.051364467,-2.58,6.69,1.170104167
12/9/2024,0.04,0.056321215,-6.43,0.36,-2.4490625
12/10/2024,0,0.049732622,-7.84,2.75,-1.440416667
12/11/2024,0,0.066240966,-7.23,2.83,-2.125625
12/12/2024,0,0.018963772,-11.9,-1.76,-6.783333333
12/13/2024,0,0.027748706,-7.38,2.24,-2.88125
12/14/2024,0,0.034724,-7.65,7.08,-0.7765625
12/15/2024,0.485,0.017592508,-10.35,0.62,-2.0359375
12/16/2024,0.217,0.020910475,-14.9,-3.69,-7.401666667
12/17/2024,0,0.013115762,-9.31,0.43,-5.176041667
12/18/2024,0.033,0.011981706,-3.72,7.69,1.931354167
12/19/2024,0,0.069399764,-7.18,5.54,-1.698854167
12/20/2024,0,0.022166654,-9.28,8.18,-2.0428125
12/21/2024,0.082,0.026627802,-8.62,0.93,-3.3590625
12/22/2024,0.019,0.011573135,-2.64,5.87,1.070416667
12/23/2024,0.047,0.019777563,-4.81,5.9,0.477916667
12/24/2024,0.008,0.028561964,-4.72,1.47,-1.847083333
12/25/2024,0,0.020026259,-7.1,2.98,-1.0909375
12/26/2024,0,0.054393417,-8.06,7.05,-0.348854167
12/27/2024,0,0.045101685,-7.07,2.78,-1.155104167
12/28/2024,0.054,0.028553844,-4.18,3.44,-0.333020833
12/29/2024,0.187,0.032289857,-2.89,1.71,-0.3209375
12/30/2024,0.129,0.0332112,-3.39,0.92,-0.580833333
12/31/2024,0,0.037990867,-7.9,-0.81,-4.0021875
1/1/2025,0,0.019470405,-13.22,-4.3,-7.645833333
1/2/2025,0.18,0.019002866,-8.31,-0.8,-4.686354167
1/3/2025,0.439,0.032551661,-4.06,1.61,-1.776979167
1/4/2025,0.188,0.036756591,-4.28,2.09,-0.715625
1/5/2025,0.23,0.021706041,-10.11,0.46,-3.383125
1/6/2025,0.15,0.014414963,-4.49,1.08,-2.308333333
1/7/2025,0,0.012667404,-14,-1.16,-7.2559375
1/8/2025,0.095,0.025652175,-9.36,-0.87,-5.489791667
1/9/2025,0,0.017691731,-14.96,0.25,-7.4446875
1/10/2025,0.008,0.019731793,-12.35,1.45,-5.554166667
1/11/2025,0,0.037550682,-3.17,0.15,-1.282083333
1/12/2025,0,0.041890713,-14.2,-0.76,-3.694375
1/13/2025,0,0.039502258,-9.99,-1.35,-3.42625
1/14/2025,0,0.043750194,-11.12,0.7,-5.421458333
1/15/2025,0,0.018898015,-12.68,-1.07,-8.208645833
1/16/2025,0,0.022269161,-14.82,4.06,-6.7015625
1/17/2025,0,0.048639244,-12.27,1.29,-6.478854167
1/18/2025,0,0.030880874,-19.8,-9.1,-13.51916667
1/19/2025,0.092,0.024109478,-24.99,-7.65,-12.99635417
1/20/2025,0,0.013023807,-30.39,-16.89,-23.0309375
1/21/2025,0,0.023139683,-22.78,-3.66,-13.1975
1/22/2025,0,0.03932694,-17.43,-1.25,-6.962604167
1/23/2025,0,0.022362255,-21.52,-7.96,-15.38208333
1/24/2025,0,0.028945665,-14.56,-1.62,-7.709583333
1/25/2025,0,0.019449252,-21.69,-7.68,-15.26822917
1/26/2025,0,0.016890468,-23.78,-10.77,-18.52625
1/27/2025,0,0.022478017,-21.34,-6.14,-16.37552083
1/28/2025,0,0.021936806,-22.35,-6.46,-15.85552083
1/29/2025,0,0.02799017,-20.6,-2.69,-14.53177083
1/30/2025,0,0.023141721,-20.5,-4.04,-13.86572917
1/31/2025,0,0.04481863,-14.56,6.33,-4.655625
2/1/2025,0.129,0.055785665,-5.35,5,0.724791667
2/2/2025,0.197,0.043835567,-6.37,1.06,-3.401770833
2/3/2025,0,0.033874199,-15.03,-5.18,-12.1903125
2/4/2025,0.229,0.034546772,-16.3,-12.39,-14.4171875
2/5/2025,0.185,0.031429919,-19.77,-9.07,-14.77739583
2/6/2025,0,0.028655789,-20.64,-4.89,-12.38989583
2/7/2025,0.194,0.027771183,-16.76,-6.56,-11.4271875
2/8/2025,0,0.03580601,-15.07,-8.41,-11.8065625
2/9/2025,0.089,0.030608525,-17.5,-4.97,-10.74479167
2/10/2025,0.054,0.02577365,-27.64,-10.41,-16.04541667
2/11/2025,0,0.019081793,-33,-18.09,-25.3396875
2/12/2025,0,0.017205844,-34.57,-19,-27.59729167
2/13/2025,0.01,0.018678735,-34.03,-15.3,-24.8328125
2/14/2025,0.456,0.032660526,-15.16,-4.97,-9.758020833
2/15/2025,0,0.048771182,-8.85,-1.65,-4.373541667
2/16/2025,0.336,0.041222944,-7.55,-3.09,-5.767708333
2/17/2025,0.532,0.045040251,-7.8,-2.23,-5.450104167
2/18/2025,0.422,0.052474372,-10.41,-4.89,-7.425625
2/19/2025,0.192,0.049001993,-15.4,-5.97,-9.86125
2/20/2025,0.12,0.063701021,-8.51,2.43,-2.609895833
2/21/2025,0,0.094804526,-4.54,3.68,-0.078958333
2/22/2025,0,0.047502239,-4.97,-1.81,-3.3275
2/23/2025,0,0.094023242,-3.38,9.45,4.476979167
2/24/2025,0.019,0.130076035,-1.27,8.62,3.7815625
2/25/2025,0.325,0.122611533,-0.07,5.54,2.423541667
2/26/2025,0,0.125972855,-4.78,6.01,1.494791667
2/27/2025,0,0.116313081,-10,7.85,-2.433333333
2/28/2025,0,0.094837397,-8.75,8.09,-1.531770833
3/1/2025,0,0.118616054,-9.28,9.53,-1.653020833
3/2/2025,0,0.113266187,-10.6,7.89,-1.801354167
3/3/2025,0.113,0.054866121,-5.98,2.92,-0.550729167
3/4/2025,0.054,0.085261676,-4.61,4.57,-0.219166667
3/5/2025,0.023,0.11891192,-4.76,5.59,0.5484375
3/6/2025,0,0.102427902,-6.23,3.77,-1.5071875
3/7/2025,0,0.134340043,-11.12,6.03,-2.470625
3/8/2025,0,0.146528805,-7.25,10.46,-0.193541667
3/9/2025,0,0.15620368,-6.33,12.84,1.920208333
3/10/2025,0,0.128985572,0.13,8.9,4.792604167
3/11/2025,0,0.139208581,-1.95,9.15,2.714895833
3/12/2025,0,0.139430551,-2.39,11.61,3.18
3/13/2025,0.1,0.107916892,-1.72,7.91,2.902291667
3/14/2025,0,0.128281682,-6.82,3.53,-1.4521875
3/15/2025,0.018,0.118832446,-4.44,6.14,0.2534375
3/16/2025,0.399,0.126777468,-2.68,9.34,1.9653125
3/17/2025,0.345,0.111255469,-4.67,4.32,-0.4534375
3/18/2025,0,0.111219188,-10.21,1.95,-2.573020833
3/19/2025,0,0.207741232,-3.66,7.41,0.243125
3/20/2025,0,0.142856614,-3.39,6.16,1.048229167
3/21/2025,0,0.185023111,-3.79,10.58,2.607291667
3/22/2025,0.059,0.168168098,-2.35,4.82,1.562395833
3/23/2025,0,0.173443065,-6.48,9.8,2.358645833
3/24/2025,0,0.211576151,7.71,13.11,10.45135417
3/25/2025,0.009,0.293819571,0.13,18.67,9.833854167
3/26/2025,0,0.289109064,-4.26,21.86,8.567916667
3/27/2025,0,0.23323574,-2.76,20.23,7.7603125
3/28/2025,0.102,0.195563248,-1.63,13.11,6.108854167
3/29/2025,0,0.161618289,0.54,10.73,4.058645833
3/30/2025,0,0.168026591,-1.02,6.43,2.700208333
3/31/2025,0.426,0.13370583,-4.03,8.88,2.137604167
4/1/2025,0.668,0.086936404,-1.08,1.55,-0.145833333
4/2/2025,0.209,0.166552055,-1.17,6.03,1.46875
4/3/2025,0.335,0.120932304,-7.18,5.67,-1.942083333
4/4/2025,0.042,0.154587038,-15.67,5.65,-3.9821875
4/5/2025,0,0.243091744,-9.16,12.37,0.572708333
4/6/2025,0,0.295975057,-7.02,17.23,4.512083333
4/7/2025,0.169,0.188071135,-3.47,18.08,5.364166667
4/8/2025,0.219,0.251824128,0.73,11.08,5.525520833
4/9/2025,0.206,0.228632383,-2.51,11.1,4.688854167
4/10/2025,0,0.32722266,-6.23,20.9,6.826041667
4/11/2025,0,0.234190965,-3.45,15.93,7.8090625
4/12/2025,0.396,0.1596355,-0.44,7.64,4.578020833
4/13/2025,0,0.257532556,-5.61,8.7,2.596145833
4/14/2025,0,0.302817327,-8.88,15.64,2.996145833
4/15/2025,0,0.319548003,-7.06,20,6.257916667
4/16/2025,0,0.201365325,-4.29,15.4,3.994479167
4/17/2025,0,0.196652113,-3.23,5.96,1.438020833
4/18/2025,0,0.276843346,-10.36,10.5,0.242083333
4/19/2025,0.086,0.235170879,-7.79,13.91,4.166979167
4/20/2025,0.024,0.240053742,-0.91,12.08,5.583645833
4/21/2025,0.066,0.212588861,-4.65,9.07,3.807083333
4/22/2025,0,0.255030771,-6.06,9.29,2.6921875
4/23/2025,0,0.308627587,-9.9,14.29,2.663020833
4/24/2025,0,0.316713497,-7.75,15.51,5.8228125
4/25/2025,0,0.403106716,-3.48,17.55,8.986145833
4/26/2025,0.09,0.289754716,-2.83,17.41,7.8334375
4/27/2025,0,0.263855878,-2.81,17.34,8.002291667
4/28/2025,0,0.389893783,3.75,16.99,9.611979167
4/29/2025,0,0.218913404,-0.27,13.21,8.209166667
4/30/2025,0.118,0.304197447,-2.36,13.7,7.6025
5/1/2025,0,0.388618256,-5.58,18.93,6.770833333
5/2/2025,0,0.413979598,-5.39,23.7,9.509166667
5/3/2025,0,0.469683965,-3.35,26.47,13.02354167
5/4/2025,0.657,0.175842617,3.81,12.97,7.728333333
5/5/2025,0.355,0.151362053,-3.08,8.62,4.48125
5/6/2025,0,0.281635301,-5.46,12.97,5.5034375
5/7/2025,0,0.435903259,-3.43,22.77,9.6925
5/8/2025,0,0.420471858,-0.81,20.93,10.35395833
5/9/2025,0,0.465734052,-1.49,25.61,12.238125
5/10/2025,0,0.365902185,1.21,28.68,13.75302083
5/11/2025,0.027,0.313207386,2.21,23.55,12.69322917
5/12/2025,0.097,0.23424007,5.18,15.5,10.29114583
5/13/2025,0.648,0.140246267,4.09,9.31,6.37
5/14/2025,0.096,0.222502705,5.49,11.86,7.908229167
5/15/2025,0.429,0.30328038,1.83,13.08,8.074270833
5/16/2025,0,0.281466238,1.7,13.06,7.905208333
5/17/2025,0.107,0.317798349,-0.73,16.97,9.023125
5/18/2025,1.555,0.247563717,2.98,10.64,7.577083333
5/19/2025,0,0.343652121,-3.1,13.2,5.88
5/20/2025,0.008,0.289328118,-1.47,13.01,7.322916667
5/21/2025,0,0.326051821,-4.26,14.04,5.541666667
5/22/2025,1.004,0.139505443,-1.83,10.72,5.324166667
5/23/2025,0.033,0.327242962,0.24,16.13,8.121875
5/24/2025,0,0.440749439,-2.24,20.7,9.7015625
5/25/2025,0,0.486033633,-0.33,25.93,13.89708333
5/26/2025,0.132,0.521229749,3.09,27.13,16.71635417
5/27/2025,0,0.447268102,5.79,22.92,14.8784375
5/28/2025,0,0.53635322,2.83,25.59,15.8590625
5/29/2025,0,0.564298681,4.54,29.7,18.52677083
5/30/2025,0,0.56135598,5.61,25.67,15.97739583
5/31/2025,0,0.595047017,1.96,31.57,17.499375
6/1/2025,0,0.470948546,5.57,21.84,15.8215625
6/2/2025,0,0.493284808,2.96,17.71,11.81041667
6/3/2025,0,0.335047715,-2.13,16.63,8.421041667
6/4/2025,0,0.376914818,-2.13,19.05,9.2696875
6/5/2025,0,0.450457191,-1.56,22.02,10.6428125
6/6/2025,0,0.391139251,-0.73,22.53,12.44177083
6/7/2025,0,0.46648887,3.88,25.47,16.42333333
6/8/2025,0,0.625732786,7.31,27.62,17.47083333
6/9/2025,0,0.612712531,3.8,30.58,18.12854167
6/10/2025,0,0.634153739,5.27,31.49,19.64645833
6/11/2025,0,0.308985112,6.08,24.81,15.64697917
6/12/2025,0.141,0.363409941,6.32,24.97,14.3690625
6/13/2025,0,0.351024757,3.95,22.42,13.61958333
6/14/2025,0,0.48680227,5,26.63,15.96947917
6/15/2025,0,0.487136385,2.84,26.82,15.7425
6/16/2025,0.542,0.231767569,6.25,21.52,12.75614583
6/17/2025,0,0.503614087,3.06,25.77,14.04641304
6/18/2025,0,0.556839648,3.02,27.72,16.18760417
6/19/2025,0.116,0.590879222,3.54,29.49,17.8815625
6/20/2025,1.574,0.244679759,7.41,19.84,12.35770833
6/21/2025,0.414,0.301356659,2.21,14.01,8.519375
6/22/2025,0.41,0.153096602,1.49,9.19,5.7315625
6/23/2025,0,0.331015608,-0.44,18.36,8.858020833
6/24/2025,0,0.464004476,0.3,24.56,12.6515625
6/25/2025,0,0.420175274,3.54,26.01,14.27697917
6/26/2025,0,0.331148674,7.56,24.75,14.90458333
6/27/2025,0,0.423716523,7.67,24.29,16.083125
6/28/2025,0,0.451783487,5.85,23.42,15.59364583
6/29/2025,0,0.530929517,1.64,25.71,14.61583333
6/30/2025,0,0.586657262,2.03,31.97,18.28166667
7/1/2025,0,0.617618643,6.38,33.22,20.24458333
7/2/2025,0.053,0.368256898,6.74,32.72,17.91166667
7/3/2025,0,0.582277743,8.56,29.98,19.66083333
7/4/2025,0.884,0.284457692,4.63,21.46,13.01822917
7/5/2025,0.127,0.36550614,3.58,20.71,12.655
7/6/2025,0,0.521106172,2.54,26.19,15.0659375
7/7/2025,0,0.576171351,4.31,29.83,17.94125
7/8/2025,0,0.595187246,5.6,33.09,20.42114583
7/9/2025,0,0.601312182,7.76,32.53,21.39895833
7/10/2025,0,0.561792526,6.26,25.48,18.24229167
7/11/2025,0,0.596969837,4.76,27.01,16.7203125
7/12/2025,0,0.550081732,3.54,30,17.69802083
7/13/2025,0,0.632479003,6.14,32.29,20.24583333
7/14/2025,0,0.593034686,7.33,32.53,21.64125
7/15/2025,0.143,0.21365368,11.59,16.53,13.84166667
7/16/2025,0,0.521434041,8.41,26.15,16.5990625
7/17/2025,0,0.548555058,4.18,28.94,18.15791667
7/18/2025,0,0.61502015,4.45,30.84,18.796875
7/19/2025,0,0.468635658,7.33,26.95,18.2753125
7/20/2025,0,0.473819086,5.85,26.91,17.39354167
7/21/2025,0.459,0.344283405,11.99,25.3,17.11568182
7/22/2025,0,0.454225928,7.1,24.57,16.0628125
7/23/2025,0,0.509562872,3.53,25.36,14.95802083
7/24/2025,0,0.554598221,1.96,29.03,16.64625
7/25/2025,0,0.553093414,3.79,31.14,19.04239583
7/26/2025,0,0.502654221,5.42,31.09,18.05989583
7/27/2025,0.272,0.407382004,8.15,29.07,17.21708333
7/28/2025,0,0.450563915,7.22,29.92,18.1759375
7/29/2025,0,0.561344848,6.37,31.91,20.84928571
7/30/2025,0,0.592578831,6.36,30.27,20.4996875
7/31/2025,1.035,0.488127575,7.45,31.23,18.605625
8/1/2025,0.016,0.465316653,8.26,28.35,17.57927083
8/2/2025,0,0.424560844,7.81,25.45,16.4190625
8/3/2025,0,0.504226213,4.9,28.47,17.19583333
8/4/2025,0.484,0.332659041,6.56,27.61,15.61864583
8/5/2025,0,0.452522411,6.48,25.5,16.09833333
8/6/2025,0.051,0.398447234,5.11,28.07,17.58989583
8/7/2025,1.074,0.154506669,3.17,15.36,10.65229167
8/8/2025,0.097,0.212148356,4.1,18.02,11.209375
8/9/2025,0,0.409016094,3.87,23.91,13.92083333
8/10/2025,0,0.450323785,5.62,26.84,16.74104167
8/11/2025,0,0.392331928,7.58,28.6,18.37322917
8/12/2025,0,0.49694057,7.33,31.63,19.173125
8/13/2025,0,0.539975865,6.28,31.32,19.45802083
8/14/2025,0,0.52891572,4.83,29.31,17.93354167
8/15/2025,0,0.482922037,4.68,30.08,17.05145833
8/16/2025,0.087,0.401392851,5.23,29.74,16.6246875
8/17/2025,0.247,0.292369646,7.16,22.92,15.16302083
8/18/2025,0,0.355011746,5.84,29.97,16.63364583
8/19/2025,0,0.484892518,6.71,34.61,20.70645833
8/20/2025,0,0.472655807,8.47,31.38,19.5553125
8/21/2025,0,0.453072556,5.1,28.5,16.34729167
8/22/2025,0,0.417073663,4.26,26.17,15.95271739
8/23/2025,0,0.512315069,3.05,31.42,16.615625
8/24/2025,0,0.445173777,4.81,31.52,17.91666667
8/25/2025,0,0.43170679,5.74,31.99,18.7446875
8/26/2025,0,0.340389377,6.1,29.85,18.37083333
8/27/2025,0.017,0.192989552,13.64,22.06,17.94385417
8/28/2025,0.499,0.124771129,9.67,17.17,14.92947917
8/29/2025,0,0.345920753,8.72,25.76,16.4496875
8/30/2025,0,0.391975606,5.65,27.7,15.42239583
8/31/2025,0,0.427160033,3.43,31.3,15.9
9/1/2025,0,0.389327517,4.28,32.68,18.46583333
9/2/2025,0,0.43127251,4.61,33.17,18.12864583
9/3/2025,0,0.390583326,4.93,32.36,17.71239583
9/4/2025,0,0.312926178,4.52,22.69,13.65141304
9/5/2025,0,0.380350366,1.23,25.61,13.00083333
9/6/2025,0,0.331809677,2.31,29.44,14.19697917
9/7/2025,0,0.31332521,7.01,28.73,17.360625
9/8/2025,0,0.339622679,4.21,26.24,14.95125
9/9/2025,0.058,0.228599844,2.27,24.69,13.10177083
9/10/2025,0.01,0.263383355,4.12,24.72,14.33
9/11/2025,0.041,0.178303793,2.87,21.81,11.78416667
9/12/2025,0,0.272682105,1.25,23.46,11.710625
9/13/2025,0,0.272224265,1.12,24.48,12.51104167
9/14/2025,0.186,0.257450401,2.33,25.18,12.599375
9/15/2025,0.114,0.216213503,4.96,17.67,11.74
9/16/2025,0.002,0.193356156,6.94,20.43,13.11947917
9/17/2025,0,0.276030538,1.6,25.41,12.20052083
9/18/2025,0,0.286949852,0.25,26.32,11.6528125
9/19/2025,0,0.276445522,0.74,27.34,11.82260417
9/20/2025,0,0.290572361,0.39,28.29,12.17354167
9/21/2025,0.014,0.204082793,1.34,23.81,10.76479167
9/22/2025,0,0.220057203,0.2,18.89,9.839791667
9/23/2025,0,0.26304531,-3.87,24.08,8.406145833
9/24/2025,0,0.279359335,-1.14,28.37,11.3240625
9/25/2025,0,0.280724863,-1.24,28.75,12.32416667
9/26/2025,0,0.223610689,0,19.8,10.85697917
9/27/2025,0,0.311842738,-2.81,25.08,8.727395833
9/28/2025,0,0.273911506,-1.31,29.69,12.13541667
9/29/2025,0.28,0.222831971,1.69,27.67,13.78541667
9/30/2025,0.235,0.17487703,7.04,20.51,13.1103125
10/1/2025,0,0.200191962,2.78,19.62,11.974375
10/2/2025,0,0.184313803,2.12,20.72,10.50552083
10/3/2025,1.151,0.093614436,8.05,12.31,10.1646875
10/4/2025,0.033,0.131205623,2.94,12.74,7.900104167
10/5/2025,0.093,0.087028132,-3.78,8.56,3.3265625
10/6/2025,0,0.1460319,-7.16,13.35,1.789166667
10/7/2025,0.011,0.166954446,-4.53,19.57,5.020625
10/8/2025,0,0.172491673,-3.88,22.3,7.1125
10/9/2025,0,0.187579056,-3.31,24.6,9.154895833
10/10/2025,0,0.211295431,-1.41,24.33,11.66791667
10/11/2025,0,0.154665142,4.28,15.84,9.10875
10/12/2025,0.566,0.075856373,-0.84,5.38,2.679166667
10/13/2025,0.06,0.079126271,-2.49,1.21,-0.380104167
10/14/2025,0.218,0.071982201,-0.17,2.95,1.071770833
10/15/2025,0,0.059905299,1.09,3.89,2.4090625
10/16/2025,0,0.081216557,-2.89,8.52,2.942916667
10/17/2025,0.282,0.097357719,-2.35,12.47,4.483958333
10/18/2025,0,0.10593822,-5.43,10.55,1.604791667
10/19/2025,0.563,0.069079608,-2.2,11.29,3.038020833
10/20/2025,0,0.104545866,-2.54,8.87,3.966145833
10/21/2025,0,0.152738788,-3.63,14.78,3.868854167
10/22/2025,0,0.107432171,-7.36,16.31,1.911666667
10/23/2025,0.013,0.097112916,-6.15,15.66,2.738125
10/24/2025,0,0.095807065,-5.31,15.28,3.548333333
10/25/2025,0.238,0.085681464,1.79,11.04,7.179479167
10/26/2025,0.077,0.084680385,-3.78,7.32,1.800625
10/27/2025,0.036,0.088078927,-4.66,4.57,1.18125
10/28/2025,0,0.108716061,-5.09,7.81,1.523958333
10/29/2025,0,0.066574863,-5.7,9.53,2.600729167
10/30/2025,0,0.094824215,-7.52,9.24,-0.0190625
10/31/2025,0,0.060864015,-9.38,7.98,-0.981979167
11/1/2025,0,0.105999328,-5.17,22.19,7.9746875
11/2/2025,0.014,0.102490802,-7.45,12.36,4.2709375
11/3/2025,0,0.072340317,-7.23,3.25,-1.6403125
11/4/2025,0.221,0.049827656,-1.65,8.24,2.665208333
11/5/2025,0,0.047365896,-0.43,7.3,2.853958333
11/6/2025,0.062,0.062546622,-2.05,9.38,3.349880952
11/7/2025,0.262,0.080944819,-2.44,7.83,3.386875
11/8/2025,0,0.104811515,-6.7,7.68,0.338125
11/9/2025,0,0.056867483,-7.95,6.81,-2.379157895
11/10/2025,0,0.055107972,-8.2,12.36,2.3846875
11/11/2025,0,0.070439032,-3.74,13.96,7.052916667
11/12/2025,0,0.081517863,-2.22,15.14,3.5740625
11/13/2025,0,0.071007232,-4.63,20.45,6.989270833
11/14/2025,0.545,0.078600462,5.25,12.51,7.922916667
11/15/2025,0.015,0.086453006,-1.12,12.28,7.5865625
11/16/2025,0.064,0.035837517,-3.08,5.78,1.6703125
11/17/2025,0,0.034779514,-0.48,8.55,3.293854167
11/18/2025,0,0.035243564,-1.47,6.51,3.220833333
11/19/2025,0.119,0.034397266,-1.59,4.53,2.191770833
11/20/2025,0,0.03434912,0.54,4.43,2.390208333
11/21/2025,0,0.039649011,-4.45,6.87,1.7803125
11/22/2025,0,0.035360978,-6.54,8.23,-1.337291667
11/23/2025,0,0.024810663,-8.2,6.1,-0.769270833
11/24/2025,0.203,0.031142261,-0.33,4.79,1.4325
11/25/2025,0,0.057212271,-9.22,1.36,-2.632604167
11/26/2025,0.136,0.029977311,-3.48,1.31,-1.601770833
11/27/2025,0.008,0.024458244,-4.39,4.32,-0.496145833
11/28/2025,0.646,0.026337413,-10.12,0.56,-4.595104167
11/29/2025,0,0.020432977,-20.11,-7.79,-12.6853125
11/30/2025,0,0.007549029,-18.86,-7.63,-13.600625
12/1/2025,0.01,0.016574527,-12.52,-3.87,-8.161666667
12/2/2025,0.175,0.021979947,-7.06,0.63,-1.515729167
12/3/2025,0,0.028976617,-7.57,0.29,-3.171458333
12/4/2025,0.127,0.04096832,-1.31,1.05,-0.0509375
12/5/2025,0.755,0.024416754,-3.78,3.56,-0.182083333
12/6/2025,0.694,0.027269011,-0.08,3.32,1.4884375
12/7/2025,0.186,0.037682403,-0.64,3.06,1.382395833
12/8/2025,0,0.059149376,1.05,8.87,4.439375
12/9/2025,0.259,0.089270627,-1.44,8.98,4.285104167
12/10/2025,0.507,0.089600003,-0.57,12.1,5.619895833
12/11/2025,1.021,0.107436836,5.15,12.27,8.2871875
12/12/2025,0.396,0.069285364,4.67,11.87,7.3625
12/13/2025,0,0.101142911,-3.65,12.27,4.824479167
12/14/2025,0.022,0.030679716,-8.03,7.23,-1.943645833
12/15/2025,0,0.049556125,-2.79,11.83,4.592916667
12/16/2025,0.015,0.077292947,2.17,12.72,5.2825
12/17/2025,0.426,0.07640446,-1.72,10.21,3.151979167
12/18/2025,0,0.113190305,-3.48,5.2,-0.053125
12/19/2025,0.582,0.061336003,-7.93,8.65,1.067604167
12/20/2025,0.04,0.060166605,-8.42,2.06,-3.187395833
12/21/2025,0.008,0.034682412,-9.24,-1.83,-4.358958333
12/22/2025,0.14,0.011196732,-5.39,5.17,-0.521770833
12/23/2025,0.187,0.021080001,-7.46,0.75,-2.65125
12/24/2025,0.1,0.016140542,-3.3,10.14,0.081354167
12/25/2025,0.337,0.023184178,0.19,8.24,2.559791667
12/26/2025,0.028,0.025751504,-2.41,6.99,1.595520833
12/27/2025,0.081,0.044139855,-14.67,0.91,-5.181666667
12/28/2025,0,0.036142654,-18.12,-4.59,-10.073125
12/29/2025,0,0.02134007,-9.51,-0.15,-5.042708333
12/30/2025,0,0.00640515,-10.3,1.28,-5.575208333
12/31/2025,0,0.004580717,-11.58,0.28,-7.343541667
1/1/2026,0,0.011342207,-9.74,0.66,-3.669375
