Date,ET_cm,Precip_cm,AvgTemp,MinTemp,MaxTemp
1/1/2022,0.01524,0,-15.45208333,-20.325,-10.85
1/2/2022,0.01016,0,-11.2125,-16.55,-7.425
1/3/2022,0.03048,0,-6.257291667,-11.825,-0.475
1/4/2022,0.04318,0.017,-3.088541667,-7.125,0.675
1/5/2022,0.02286,0,-12.18020833,-14.75,-8.25
1/6/2022,0.01524,0,-12.10208333,-13.6,-10.15
1/7/2022,0.07366,0.7753,-1.882291667,-9.85,4.675
1/8/2022,0.09652,0,-1.415625,-3,1.45
1/9/2022,0.05588,0,-1.580208333,-8.875,2.85
1/10/2022,0.01524,0,-8.348958333,-13.425,-4.15
1/11/2022,0.04064,0.0425,-0.179166667,-4.9,3.65
1/12/2022,0.03048,0.2108,3.836458333,0.925,5.55
1/13/2022,0.01524,0,-0.241666667,-4.675,3.975
1/14/2022,0.02032,0,-1.925,-5.65,0.675
1/15/2022,0.02032,0,-1.153125,-3.875,1.475
1/16/2022,0.01778,0.0085,-2.75625,-6.85,1.25
1/17/2022,0.04064,0.0017,-1.253125,-6.1,5.625
1/18/2022,0.04318,0,0.297916667,-4.9,3.5
1/19/2022,0.03048,0,-3.916666667,-7.525,-1.575
1/20/2022,0.02794,0.5105,-0.039583333,-2.9,3.125
1/21/2022,0.03302,0.0034,1.784375,-0.75,4.425
1/22/2022,0.03048,0,-1.536458333,-5.275,2.725
1/23/2022,0.01778,0,-4.438541667,-6.7,-1.7
1/24/2022,0.0254,0,-4.947916667,-7.475,-0.675
1/25/2022,0.02286,0,-3.791666667,-6.8,-0.775
1/26/2022,0.0254,0,-4.495833333,-8.575,-2.475
1/27/2022,0.02286,0,-7.332291667,-10.85,-3.5
1/28/2022,0.02286,0,-5.169791667,-6.45,-3.125
1/29/2022,0.02032,0,-5.904166667,-7.8,-4.425
1/30/2022,0.02794,0,-3.609375,-5.875,-0.725
1/31/2022,0.09906,0,0.383333333,-4.6,3.025
2/1/2022,0.0381,0,-8.057291667,-13.5,-3.7
2/2/2022,0.02286,0,-15.96875,-20.95,-13.625
2/3/2022,0.02032,0,-10.76041667,-13.95,-7.6
2/4/2022,0.03048,0.0629,-3.29375,-7.475,2.325
2/5/2022,0.07112,0.238,2.971875,-0.275,4.775
2/6/2022,0.08636,0,0.854166667,-4,6.35
2/7/2022,0.13462,0,-0.277083333,-8.5,8.475
2/8/2022,0.08636,0,2.802083333,1.125,5.45
2/9/2022,0.07112,0,3.817708333,2.025,6.625
2/10/2022,0.1397,0,5.676041667,0.375,10.95
2/11/2022,0.09144,0,0.628125,-3.875,6.5
2/12/2022,0.06604,0,-1.7875,-6.775,4.475
2/13/2022,0.0635,0,-1.764583333,-5.825,4.85
2/14/2022,0.05334,0.0187,-0.791666667,-3.625,2.275
2/15/2022,0.02794,0.0425,0.932291667,-1.075,1.875
2/16/2022,0.07366,0.0969,0.304166667,-2.25,2.25
2/17/2022,0.0635,0.0119,1.238541667,-1.2,3.25
2/18/2022,0.09398,0,4.696875,3.375,7
2/19/2022,0.1397,0,5.101041667,3.05,7.875
2/20/2022,0.08128,0.0867,-0.763541667,-8.825,3.425
2/21/2022,0.06604,0,-11.79270833,-14.575,-9.075
2/22/2022,0.06096,0,-14.446875,-18.45,-11.6
2/23/2022,0.04572,0,-16.09895833,-22.1,-11.25
2/24/2022,0.05588,0,-10.771875,-13.875,-6.625
2/25/2022,0.05842,0,-7.621875,-10.9,-4.55
2/26/2022,0.0889,0,-4.530208333,-8.6,2.125
2/27/2022,0.05588,0,-3.866666667,-10.05,3.475
2/28/2022,0.03048,1.6036,3.552083333,0.15,5.175
3/1/2022,0.08636,0.0663,7.15625,4.25,9.7
3/2/2022,0.05334,1.0952,4.421875,2.55,7.15
3/3/2022,0.03048,1.0016,3.464583333,1.975,4.975
3/4/2022,0.1016,0.0136,2.983333333,0.25,6.15
3/5/2022,0.11684,0,0.386458333,-3.8,4.625
3/6/2022,0.127,0,-0.116666667,-3.2,3.5
3/7/2022,0.13716,0,0.773958333,-2.475,5
3/8/2022,0.10414,0,-4.451041667,-9.825,-1.775
3/9/2022,0.09398,0,-9.310416667,-14.475,-4.65
3/10/2022,0.10922,0,-6.133333333,-12.725,-0.25
3/11/2022,0.13208,0,-0.311458333,-3.75,3.15
3/12/2022,0.17526,0.068,4.36875,0.15,10.075
3/13/2022,0.07874,0.1224,2.982608696,0.65,5.375
3/14/2022,0.127,0.0527,5.532291667,3.425,8.275
3/15/2022,0.14986,0.2959,5.902083333,3.5,10.175
3/16/2022,0.11938,0.3301,3.027083333,0.675,6.95
3/17/2022,0.21082,0,5.385416667,1.675,9.75
3/18/2022,0.1397,0.0408,5.388541667,3.475,8.525
3/19/2022,0.10668,0.1548,3.2875,-1.575,8.2
3/20/2022,0.1905,0.0051,3.11875,0.575,6
3/21/2022,0.11938,0,3.245833333,0.425,6.125
3/22/2022,0.17272,0,5.883333333,0.575,10.625
3/23/2022,0.23622,0.0816,9.285416667,2.8,16.575
3/24/2022,0.21844,0.0221,8.2,2.475,11.925
3/25/2022,0.20066,0,4.85625,-1.575,14.25
3/26/2022,0.21336,0,6.341666667,-0.9,13.275
3/27/2022,0.25146,0,8.29375,-0.6,18.7
3/28/2022,0.24892,0,9.819791667,2.525,16.975
3/29/2022,0.254,0,8.172916667,3.675,13.55
3/30/2022,0.21082,0,4.963541667,-2.475,11.45
3/31/2022,0.19304,0,3.973958333,0.875,7.925
4/1/2022,0.17272,0,4.139583333,0.275,8.625
4/2/2022,0.10668,0.2623,1.925,-1.475,7.025
4/3/2022,0.22352,0.0034,4.190625,-3.35,10.775
4/4/2022,0.20066,0.0833,4.097916667,0.625,7.525
4/5/2022,0.22352,0,3.40625,0.5,6.55
4/6/2022,0.27178,0,4.948958333,1.525,10.25
4/7/2022,0.28448,0,4.96875,-3.75,13.575
4/8/2022,0.27432,0,6.671875,-1.875,14.65
4/9/2022,0.17272,0.2314,2.84375,0.1,5.7
4/10/2022,0.16256,0.0289,0.542708333,-1.25,3.675
4/11/2022,0.18288,0.0952,-0.740625,-3.475,1.625
4/12/2022,0.18034,0,-2.627083333,-4.6,-0.35
4/13/2022,0.21336,0,-3.277083333,-6.5,0.95
4/14/2022,0.19558,0,-3.225,-9.175,2.4
4/15/2022,0.18796,0,-2.020833333,-5.8,2.925
4/16/2022,0.14986,0,-1.678125,-8.3,3.7
4/17/2022,0.12954,0.2619,0.505208333,-2.15,4.525
4/18/2022,0.17526,0.0068,1.958333333,-4.9,8.275
4/19/2022,0.30226,0.1106,4.679166667,0.35,9.1
4/20/2022,0.23622,0.0034,3.655208333,-3.125,9.425
4/21/2022,0.20574,0.3113,6.584375,4.075,12.175
4/22/2022,0.20828,0.0051,4.647916667,0.025,11.275
4/23/2022,0.21844,0,5.988541667,1.65,10.85
4/24/2022,0.29972,0.0102,6.7125,-0.975,13.85
4/25/2022,0.33528,0,8.948958333,-0.975,17.525
4/26/2022,0.18796,0.1904,6.544791667,3.05,10.9
4/27/2022,0.254,0,6.16875,1.625,9.85
4/28/2022,0.25146,0,5.736458333,-0.8,10.95
4/29/2022,0.25908,0,5.852083333,-0.575,10.8
4/30/2022,0.24638,0.0068,5.779166667,-1.8,13.275
5/1/2022,0.31242,0.0034,10.31979167,4.825,16.2
5/2/2022,0.39624,0,12.70416667,5.525,19.175
5/3/2022,0.3429,0.0068,12.215625,6.15,17.3
5/4/2022,0.39116,0,12.871875,8.825,18.325
5/5/2022,0.26416,0.1258,12.39375,6.2,19.75
5/6/2022,0.23114,0.1582,9.894791667,7.95,12.2
5/7/2022,0.16256,0.2313,7.463541667,5.55,9.725
5/8/2022,0.24638,0.0714,5.492708333,3.025,9.35
5/9/2022,0.16002,0.2227,3.926041667,1.65,7.65
5/10/2022,0.30988,0,7.205208333,3.6,12.1
5/11/2022,0.35052,0,7.536458333,-2.125,14.875
5/12/2022,0.19304,0,5.4375,2.175,12
5/13/2022,0.33258128,0.2794,6.994444444,0.522,11.572
5/14/2022,0.18904993,0,5.283333333,-2.261,11.606
5/15/2022,0.307082191,0.0254,12.28333333,3.459,19.161
5/16/2022,0.342942204,0,14.23333333,7.65,20.583
5/17/2022,0.391407646,0,12.63888889,6.84,19.739
5/18/2022,0.18034,0.3148,9.380272727,6.725,11.925
5/19/2022,0.17272,0.8419,5.246875,2.5,8.3
5/20/2022,0.21082,0.1872,6.258333333,2.75,9.225
5/21/2022,0.27432,0,7.919791667,3.275,12.65
5/22/2022,0.34798,0,7.913541667,-2.05,15.075
5/23/2022,0.35306,0,10.62604167,2.825,15.8
5/24/2022,0.34544,0,11.13541667,5.95,15.5
5/25/2022,0.12954,0.4217,10.021875,8,11.05
5/26/2022,0.36576,0.0034,12.77083333,3.225,21.5
5/27/2022,0.24384,0.8833,13.259375,10.9,17.5
5/28/2022,0.26416,0.1445,10.85416667,8.175,13.3
5/29/2022,0.24892,0.2366,10.471875,4.775,15.6
5/30/2022,0.30734,0,12.81458333,8.125,17.375
5/31/2022,0.41148,0,12.99375,4.525,19.35
6/1/2022,0.47244,0,14.77604167,6.025,21.4
6/2/2022,0.39624,0,15.465625,8.725,22.5
6/3/2022,0.28956,0.2995,13.81770833,9.775,19.5
6/4/2022,0.1778,0.4268,13.69375,12.175,15.975
6/5/2022,0.19558,0.3757,12.38645833,8.125,15.175
6/6/2022,0.28448,1.2892,12.03645833,9.625,16.75
6/7/2022,0.28702,0,12.41041667,7.475,17.2
6/8/2022,0.22606,0,12.33958333,7.275,18.15
6/9/2022,0.36576,0,15.021875,6.75,20.925
6/10/2022,0.19558,0.1701,15.340625,13.275,16.925
6/11/2022,0.20066,0.7158,14.15416667,12.925,16.5
6/12/2022,0.28448,0.3331,13.86770833,10.275,17.025
6/13/2022,0.14732,1.7916,9.55,6.85,12.2
6/14/2022,0.04064,5.4899,5.490625,4.875,6.425
6/15/2022,0.21844,0.3114,10.38645833,5.7,17.175
6/16/2022,0.45212,0,15.22708333,5.675,25.775
6/17/2022,0.4953,0,19.77916667,14.45,27.625
6/18/2022,0.32258,0.1241,16.225,13.175,20.425
6/19/2022,0.2921,0.2688,14.00833333,11.75,16.325
6/20/2022,0.09906,3.727,10.7375,9.225,13.35
6/21/2022,0.33782,0.1531,14.58125,10.75,19.825
6/22/2022,0.41656,0.0034,17.20520833,9.75,24.575
6/23/2022,0.5588,0,17.36458333,11.825,21.925
6/24/2022,0.37338,0,12.29791667,5.875,18.35
6/25/2022,0.4572,0,13.6625,4.475,21.05
6/26/2022,0.4953,0,16.375,5.75,24.875
6/27/2022,0.508,0,18.87916667,8.375,28.1
6/28/2022,0.49276,0,20.13020833,11.475,28.55
6/29/2022,0.36068,0,16.26354167,11.5,19
6/30/2022,0.43688,0,16.09375,7.7,23.625
7/1/2022,0.5207,0,18.546875,8.25,27.825
7/2/2022,0.53848,0,19.884375,10.175,28.9
7/3/2022,0.32766,0.4527,17.98333333,13.225,22.7
7/4/2022,0.40386,0.068,15.82708333,11.1,22.325
7/5/2022,0.47752,0.0102,16.69479167,7.25,24.925
7/6/2022,0.40132,0,18.375,9.825,24.925
7/7/2022,0.52324,0.3926,20.16458333,13.575,27.6
7/8/2022,0.49022,0.0051,21.54479167,15.35,28.45
7/9/2022,0.48514,0,20.7625,12.8,27.725
7/10/2022,0.50038,0,19.70729167,15,24.45
7/11/2022,0.51816,0,19.56354167,10.875,26.4
7/12/2022,0.53086,0,20.84375,10.55,29.775
7/13/2022,0.28702,0.2804,20.62083333,15.9,25.175
7/14/2022,0.53848,0,21.271875,11.75,29.75
7/15/2022,0.381,0.0017,19.45416667,10.925,28.075
7/16/2022,0.54102,0,22.25416667,11.225,32.275
7/17/2022,0.54102,0,22.60416667,13.15,31.275
7/18/2022,0.38862,0.0987,17.85625,12.3,20.825
7/19/2022,0.50292,0,19.553125,11.475,25.85
7/20/2022,0.54864,0,20.89375,12.1,29
7/21/2022,0.53594,0,21.8125,12.375,30.875
7/22/2022,0.381,0,19.415625,12.275,27.375
7/23/2022,0.49276,0,19.82083333,9.65,29.475
7/24/2022,0.50546,0,20.01041667,10.925,27.85
7/25/2022,0.42926,0.0085,21.36145833,13.375,27.95
7/26/2022,0.49276,0,22.31458333,13.5,30.075
7/27/2022,0.50546,0,23.55833333,14.225,32.35
7/28/2022,0.51308,0,24.7625,15.925,32.4
7/29/2022,0.508,0,24.70729167,16.1,33.05
7/30/2022,0.50546,0,23.56875,12.825,33.85
7/31/2022,0.54864,0,23.54583333,13.7,33
8/1/2022,0.4826,0,22.95625,11.7,32.625
8/2/2022,0.57404,0,23.6375,18.3,27.65
8/3/2022,0.61468,0,22.72083333,15.525,29.35
8/4/2022,0.62738,0,22.93958333,16.225,28.175
8/5/2022,0.47752,0,18.53541667,8.5,26.275
8/6/2022,0.48006,0,19.896875,11.175,26.35
8/7/2022,0.52832,0,21.22708333,10.675,29.45
8/8/2022,0.53594,0,22.178125,10.625,31.95
8/9/2022,0.51816,0,22.85833333,11.475,34.2
8/10/2022,0.28956,0,23.4875,19.65,28.05
8/11/2022,0.47498,0.0545,22.95520833,14.325,31.725
8/12/2022,0.37592,0.0119,21.596875,14.1,28.725
8/13/2022,0.49022,0.1736,21.75520833,13.975,30.375
8/14/2022,0.4572,0,19.98541667,10.5,28.95
8/15/2022,0.44704,0,19.96875,9.2,29.3
8/16/2022,0.4572,0,21.04583333,11.05,30.175
8/17/2022,0.46482,0,22.425,11.35,32.75
8/18/2022,0.49022,0,24.40208333,14.3,33.425
8/19/2022,0.47752,0,24.03125,14.15,34.15
8/20/2022,0.42418,0.0221,23.54895833,15.65,31.525
8/21/2022,0.38608,0.0034,22.36354167,14.875,29.375
8/22/2022,0.37592,0.0034,22.02916667,14.15,29.5
8/23/2022,0.40132,0,21.10625,12.475,29.45
8/24/2022,0.21336,0.3029,18.22604167,14.05,23.425
8/25/2022,0.30988,0,19.71770833,13.65,25
8/26/2022,0.30226,0.0817,18.66041667,15.875,24
8/27/2022,0.28702,0.0289,16.60416667,12.975,21.125
8/28/2022,0.32512,0.0119,14.02083333,5.4,21.675
8/29/2022,0.35306,0,16.35208333,7.15,24.875
8/30/2022,0.37084,0,18.825,9.325,27.7
8/31/2022,0.38608,0,20.07916667,10.275,29.575
9/1/2022,0.42926,0.0017,23.040625,16.3,30.175
9/2/2022,0.39624,0,20.80520833,11.05,31.8
9/3/2022,0.30734,0.0034,18.84375,9.875,26.825
9/4/2022,0.41656,0,19.44270833,10,28.7
9/5/2022,0.43688,0,18.65104167,8.875,26.775
9/6/2022,0.3429,0,17.07395833,6.5,27.675
9/7/2022,0.38354,0,18.50729167,8.375,27.7
9/8/2022,0.32258,0,16.853125,10.425,22.425
9/9/2022,0.24892,0.0884,11.55,5.8,18.25
9/10/2022,0.3048,0,11.71354167,2.7,22.15
9/11/2022,0.2286,0,11.928125,2.825,20.15
9/12/2022,0.22606,0,14.38020833,6.35,23.875
9/13/2022,0.19558,0,15.88958333,11.725,20.375
9/14/2022,0.22352,0.0051,14.071875,7.9,21.45
9/15/2022,0.2286,0.0068,14.3375,7.175,21.775
9/16/2022,0.25908,0,15.31875,10.525,20.35
9/17/2022,0.25146,0,12.89375,5.5,20.2
9/18/2022,0.20828,0,11.578125,3.7,20.325
9/19/2022,0.27432,0,16.38229167,12.375,22.45
9/20/2022,0.24892,0,12.12083333,6.75,17.7
9/21/2022,0.24892,0,11.03333333,0.625,20.75
9/22/2022,0.06858,3.1555,10.39270833,9.375,13.625
9/23/2022,0.14986,0.0153,10.396875,4.1,16.425
9/24/2022,0.22352,0,13.478125,6.075,19.975
9/25/2022,0.20828,0.0085,12.403125,4.475,20.65
9/26/2022,0.23368,0.0102,13.49166667,6.1,24.15
9/27/2022,0.22098,0.0119,13.975,6.425,23.675
9/28/2022,0.2413,0,15.28645833,6.275,25.55
9/29/2022,0.19558,0.2008,14.915625,9.575,18.8
9/30/2022,0.15748,0.0051,11.23854167,6,17.175
10/1/2022,0.1905,0,14.503125,10.075,20.475
10/2/2022,0.14732,0,13.721875,9.975,17.075
10/3/2022,0.17526,0.0153,11.91979167,4.625,19.6
10/4/2022,0.18034,0.0153,12.45729167,5.15,20.6
10/5/2022,0.17272,0.0119,12.44583333,5.3,21.025
10/6/2022,0.18542,0.0119,13.13958333,6.5,22.55
10/7/2022,0.17272,0.0119,11.78020833,4.275,21.2
10/8/2022,0.14732,0.0068,10.025,3.675,17.95
10/9/2022,0.15494,0.0204,9.601041667,2.45,18.375
10/10/2022,0.25146,0.0102,11.94583333,2.5,20.8
10/11/2022,0.20574,0.2195,11.134375,3.525,19.325
10/12/2022,0.21336,0,13.178125,7.425,20.875
10/13/2022,0.1524,0.0034,9.334375,2.025,17.95
10/14/2022,0.14986,0.0068,8.615625,0.9,17.4
10/15/2022,0.1651,0.0017,10.18229167,2.675,19.75
10/16/2022,0.1524,0,8.082291667,0.925,18.525
10/17/2022,0.13462,0.0153,6.957291667,-0.525,17.025
10/18/2022,0.12954,0.0238,6.535416667,-0.925,16.6
10/19/2022,0.12192,0.0187,6.61875,-0.3,15.55
10/20/2022,0.1016,0.0187,6.4875,-0.85,14.55
10/21/2022,0.1016,1.2798,8.884375,4.25,14
10/22/2022,0.02286,0.862,3.752083333,2.775,4.7
10/23/2022,0.0889,0.0068,3.663541667,1.025,7.975
10/24/2022,0.0508,0.1513,3.216666667,1.975,5.5
10/25/2022,0.0762,0.0289,4.709375,3.5,6.625
10/26/2022,0.05334,0.0663,3.734375,2.275,5.7
10/27/2022,0.11176,0,5.4625,2.825,8.4
10/28/2022,0.16256,0,6.464583333,4.125,10.675
10/29/2022,0.14732,0,7.746875,4.425,12.75
10/30/2022,0.11684,0,9.125,6.125,11.575
10/31/2022,0.11938,0.2159,10.60104167,7,12.375
11/1/2022,0.04572,0.5833,6.288541667,4.65,8.025
11/2/2022,0.01778,0.393,0.688541667,-1.7,5.55
11/3/2022,0.03048,0.2329,-0.628125,-2.75,1.425
11/4/2022,0.02286,2.5122,0.897916667,-0.175,3.3
11/5/2022,0.1143,0.0902,2.99375,-1.025,7.225
11/6/2022,0.08382,0.0221,-0.993,-4.625,3.875
11/7/2022,0.07366,0,-6.497916667,-13.075,-2.3
11/8/2022,0.03048,0,-9.863541667,-14.125,-4.275
11/9/2022,0.02794,0,-8.957291667,-12.775,-5.6
11/10/2022,0.01016,0,-5.963541667,-7.5,-4.575
11/11/2022,0.02794,0,-6.182291667,-9.225,-1.625
11/12/2022,0.01778,0,-6.095833333,-11,-3.3
11/13/2022,0.03556,0,-3.863541667,-4.5,-3
11/14/2022,0.0381,0,-3.473958333,-4.525,-2.1
11/15/2022,0.03048,0,-2.954166667,-4.1,-1.625
11/16/2022,0.02286,0,-2.725,-4.725,-1.55
11/17/2022,0.03302,0,-7.996875,-13.1,-3.575
11/18/2022,0.02032,0,-11.909375,-15.875,-5.65
11/19/2022,0.02032,0,-11.40208333,-15.025,-6
11/20/2022,0.01778,0,-9.278125,-12.15,-6.55
11/21/2022,0.01778,0,-5.125,-7.25,-3.225
11/22/2022,0.0254,0.0085,-1.829166667,-3.575,0.1
11/23/2022,0.0254,0.3757,1.117708333,-0.55,2.4
11/24/2022,0.03048,0.1105,-1.615625,-5.55,3.575
11/25/2022,0.02032,0,-3.745833333,-7.6,0.9
11/26/2022,0.0381,0.6207,1.529166667,0.325,3.45
11/27/2022,0.08382,0.0102,0.4375,-3.275,2.725
11/28/2022,0.04064,0,-6.469791667,-10.125,-2.3
11/29/2022,0.02794,0,-10.58645833,-13.35,-8.725
11/30/2022,0.02286,0,-7.069791667,-11.95,-3
12/1/2022,0.01524,0.034,-2.752083333,-6.6,0.8
12/2/2022,0.01016,0,-8.972916667,-13.025,-6.7
12/3/2022,0.01524,0,-11.375,-15.325,-6.05
12/4/2022,0.00762,0,-11.9125,-16.8,-9.65
12/5/2022,0.01143,0,-8.322916667,-9.75,-6.925
12/6/2022,0.01524,0,-2.383333333,-7,0.625
12/7/2022,0.01524,0,-1.585416667,-4,0.65
12/8/2022,0.01524,0,-3.98125,-7.55,-0.275
12/9/2022,0.0635,0.0187,-0.358333333,-2.6,1.875
12/10/2022,0.04318,0,-1.79375,-3.075,-0.55
12/11/2022,0.02286,0.051,-0.930208333,-1.95,1.125
12/12/2022,0.01778,0.0884,-2.526041667,-7.575,1.85
12/13/2022,0.01778,0,-6.255208333,-10.55,-3.625
12/14/2022,0.00762,0,-4.636458333,-8.175,-2.475
12/15/2022,0.0127,0,-4.394791667,-6.1,-2.925
12/16/2022,0.01524,0,-4.744791667,-5.875,-3.8
12/17/2022,0.01778,0,-3.9625,-4.925,-2.85
12/18/2022,0.02032,0,-11.428125,-14.55,-5.1
12/19/2022,0.01524,0,-15.415625,-16.8,-14.4
12/20/2022,0.01524,0,-16.1875,-17.7,-14.975
12/21/2022,0.0127,0,-21.85520833,-28.1,-17.925
12/22/2022,0.00762,0,-29.07083333,-34.4,-22.925
12/23/2022,0.00762,0,-21.26145833,-27.375,-16.925
12/24/2022,0.00762,0,-12.434375,-16.7,-8.725
12/25/2022,0.0127,0,-3.405208333,-8.525,-0.15
12/26/2022,0.0127,0.556,-0.116666667,-1.525,3.075
12/27/2022,0.0254,1.2468,3.482291667,0.75,6.025
12/28/2022,0.02794,0.5814,1.376041667,0.475,3.475
12/29/2022,0.02794,0.0221,0.148958333,-2.45,1.875
12/30/2022,0.0254,0.1326,-0.303125,-2.45,2.35
12/31/2022,0.0254,0,0.651041667,-2.05,3.275
1/1/2023,0.02286,0,-0.341666667,-2.025,0.775
1/2/2023,0.00762,0,-3.617708333,-9.725,0.975
1/3/2023,0.0127,0,-7.767708333,-11.75,-5.125
1/4/2023,0.01778,0,-4.308333333,-7.825,-1.5
1/5/2023,0.02032,0,-5.963541667,-10.45,-2.575
1/6/2023,0.02032,0.017,-2.751041667,-4.575,-0.275
1/7/2023,0.0127,0,-5.173958333,-8.65,-2.475
1/8/2023,0.01778,0,-3.779166667,-6.35,-0.05
1/9/2023,0.0254,0.3451,0.813541667,-2.05,2.575
1/10/2023,0.01016,0.6256,0.027083333,-2.925,1.8
1/11/2023,0.01778,0,-3.01875,-5.175,-1.075
1/12/2023,0.01778,0.0153,-1.816666667,-4.6,-0.225
1/13/2023,0.02032,0.0119,-2.409375,-4.2,-0.4
1/14/2023,0.02032,0.1395,0.047916667,-2.575,2.4
1/15/2023,0.02032,0.3639,0.778125,-0.4,2.125
1/16/2023,0.02032,0.0068,0.454166667,0.1,1.225
1/17/2023,0.0254,0.2788,1.063541667,0.25,2.1
1/18/2023,0.04572,0,1.185416667,0.275,2.725
1/19/2023,0.03048,0.1683,0.58125,-0.05,1.275
1/20/2023,0.03048,0,-0.859375,-3.525,0.725
1/21/2023,0.0254,0,-2.055208333,-5.1,1.025
1/22/2023,0.0254,0,-2.419791667,-4.2,-0.6
1/23/2023,0.03556,0,-3.43125,-7.6,-1
1/24/2023,0.0381,0,-0.60625,-1.325,0.275
1/25/2023,0.03556,0.0051,-0.925,-2.8,0.775
1/26/2023,0.05588,0,2.513541667,-0.45,4.9
1/27/2023,0.04318,0.9048,0.935416667,-0.575,3.375
1/28/2023,0.0762,0.0017,-9.333333333,-17.025,-1.9
1/29/2023,0.02286,0,-17.528125,-22.525,-12.3
1/30/2023,0.02794,0,-13.26458333,-15.975,-10.425
1/31/2023,0.02032,0,-10.06875,-11.725,-7.9
2/1/2023,0.0127,0,-6.066666667,-7.875,-3.425
2/2/2023,0.0254,0,-6.828125,-10.075,-1.95
2/3/2023,0.03302,0,-5.171875,-10.7,3.1
2/4/2023,0.0635,0.2975,3.222916667,-2.425,5.275
2/5/2023,0.0254,0.0068,-1.073958333,-3.875,2.25
2/6/2023,0.07112,0,2.944791667,1.475,4.025
2/7/2023,0.0889,0.034,3.588541667,2.375,5.35
2/8/2023,0.07366,0.0221,1.548958333,0.1,3.475
2/9/2023,0.05334,0,-2.655208333,-7.425,1.725
2/10/2023,0.05334,0,-3.45,-8.125,3.275
2/11/2023,0.07112,0,-0.348958333,-4.2,5.025
2/12/2023,0.0635,0,-1.932291667,-6.925,3.3
2/13/2023,0.10922,0.0238,3.630208333,0.125,5.2
2/14/2023,0.06858,0.0833,-1.884375,-8.75,0.85
2/15/2023,0.06604,0.0017,-5.157291667,-11.7,0.775
2/16/2023,0.07366,0,-5.194791667,-12.125,2.15
2/17/2023,0.0889,0,1.271875,-0.3,3.2
2/18/2023,0.05842,0.0238,0.371875,-0.7,1.15
2/19/2023,0.04318,0.1938,0.602083333,-0.95,2.075
2/20/2023,0.08382,0.323,2.769791667,0.975,5.525
2/21/2023,0.10668,0.085,-4.335416667,-12,3.15
2/22/2023,0.06858,0,-14.809375,-18.1,-12.425
2/23/2023,0.04572,0,-17.72395833,-20.4,-15.1
2/24/2023,0.04064,0,-16.35208333,-20.875,-10.975
2/25/2023,0.06096,0,-8.980208333,-14.6,-1.275
2/26/2023,0.07874,0.0051,-3.786458333,-10.15,3.675
2/27/2023,0.10922,0,-1.9,-4.275,1.425
2/28/2023,0.0381,0.0357,-3.251041667,-8.95,0.5
3/1/2023,0.05334,0.0034,-4.75,-9.325,-1.35
3/2/2023,0.08636,0.0034,-1.186458333,-3.175,1.225
3/3/2023,0.09652,0.0119,-2.298958333,-5.8,0.375
3/4/2023,0.127,0.0153,-1.270833333,-4.075,2.5
3/5/2023,0.11176,0,-2.985416667,-7.625,0.35
3/6/2023,0.0762,0,-6.471875,-10.625,-1.425
3/7/2023,0.0889,0,-4.088541667,-7.925,1.475
3/8/2023,0.09906,0.0017,-5.327083333,-12.1,2.375
3/9/2023,0.09398,0,-6.688541667,-11.325,-0.725
3/10/2023,0.0508,0,-5.3,-9.075,-1.8
3/11/2023,0.06604,0.0034,-4.776041667,-7.7,-1.525
3/12/2023,0.09652,0.1598,-2.755434783,-8.1,2.975
3/13/2023,0.11684,0.0102,-0.029279891,-4.0375,4.975
3/14/2023,0.17526,0.1072,2.696875,0.025,6.975
3/15/2023,0.10922,0,0.628125,-1.525,3.2
3/16/2023,0.11938,0.0051,-2.035416667,-8,4.125
3/17/2023,0.14478,0,-2.063541667,-8.925,5.875
3/18/2023,0.14224,0,-1.451041667,-8.225,6.025
3/19/2023,0.1651,0,0.321875,-6.825,8.65
3/20/2023,0.17018,0,1.708333333,-3.65,9.125
3/21/2023,0.1905,0,0.328125,-6.35,8.9
3/22/2023,0.18796,0,-0.483333333,-7.875,8.95
3/23/2023,0.18034,0,0.4875,-7.1,8.525
3/24/2023,0.11684,0.0884,1.582291667,-0.05,3.725
3/25/2023,0.09398,0,0.554166667,-0.8,2.1
3/26/2023,0.13208,0,1.284375,-0.85,5.5
3/27/2023,0.14732,0,-0.336458333,-5.825,4.9
3/28/2023,0.19812,0,1.09375,-4.975,8.45
3/29/2023,0.19558,0,2.236458333,-3.625,9.25
3/30/2023,0.1651,0,3.91875,-0.425,8.25
3/31/2023,0.14478,0,3.176041667,-0.425,6.425
4/1/2023,0.14224,0.1345,2.66875,0.3,4.85
4/2/2023,0.16256,0,1.0125,-1.675,4.575
4/3/2023,0.15748,0,-0.3875,-6.475,5.625
4/4/2023,0.20066,0,0.646875,-5.65,6.75
4/5/2023,0.18542,0,1.314583333,-2.4,6.375
4/6/2023,0.2921,0,5.270833333,0.675,11.175
4/7/2023,0.22606,0.0051,6.485416667,-0.2,13.45
4/8/2023,0.27178,0.1055,8.127083333,5.55,11.925
4/9/2023,0.29972,0,10.01041667,3.1,16.425
4/10/2023,0.2921,0,14.03020833,9.4,21.075
4/11/2023,0.1524,0.1736,7.371875,2.975,11.425
4/12/2023,0.2286,0,3.295833333,-1.675,8.85
4/13/2023,0.20828,0.0051,2.698958333,-1.975,7.3
4/14/2023,0.18288,0.1463,2.652083333,-0.525,7.425
4/15/2023,0.26416,0.017,4.280208333,-3.375,12.15
4/16/2023,0.32512,0.0306,9.802083333,3.25,17.3
4/17/2023,0.20828,0,5.165625,2.775,7.775
4/18/2023,0.08128,0.4777,0.980208333,-1.85,3
4/19/2023,0.17272,0.0204,3.248958333,0.35,7.325
4/20/2023,0.14478,0.2601,3.397916667,0.425,7.05
4/21/2023,0.17272,0.1089,3.521875,0.575,7.8
4/22/2023,0.18288,0.0068,5.086458333,1.45,8.425
4/23/2023,0.29718,0,7.425,-0.175,13.9
4/24/2023,0.18288,0.6416,8.702083333,6.525,10.725
4/25/2023,0.26162,0,8.758333333,4.225,13.675
4/26/2023,0.32512,0,10.07291667,2.225,16.925
4/27/2023,0.3556,0,10.85,4.45,16.175
4/28/2023,0.38608,0,10.69270833,-0.075,20.05
4/29/2023,0.42164,0,13.61770833,3.075,22.95
4/30/2023,0.43942,0,16.34895833,5.675,26.8
5/1/2023,0.51816,0,18.55625,7.475,29.075
5/2/2023,0.4826,0,19.33854167,8.25,28.675
5/3/2023,0.39878,0,17.86770833,9.6,25.575
5/4/2023,0.50546,0,18.38020833,7.3,27.575
5/5/2023,0.23114,0.4186,14.19791667,11.15,19.85
5/6/2023,0.05842,2.4868,7.25625,5.4,10.65
5/7/2023,0.18288,0.5967,7.819791667,5.325,11.75
5/8/2023,0.24384,0.0238,9.565625,6.9,14.025
5/9/2023,0.32258,0.7744,9.210416667,2.25,16.625
5/10/2023,0.31496,0.3044,10.92291667,7,17.025
5/11/2023,0.36068,0.0034,12.121875,4.675,18.225
5/12/2023,0.39878,0.0034,14.13958333,4.975,21.9
5/13/2023,0.37592,0,15.23958333,5.825,22.05
5/14/2023,0.4699,0,17.78958333,8.625,22.925
5/15/2023,0.45212,0,18.01458333,9.125,24.675
5/16/2023,0.40894,0.0068,17.57708333,10.7,23.375
5/17/2023,0.29464,0,15.71458333,11.65,20.325
5/18/2023,0.38354,0,16.88333333,11.6,22.475
5/19/2023,0.44704,0,18.01875,9.875,25.075
5/20/2023,0.44196,0,19.12395833,10.325,26.275
5/21/2023,0.43434,0,18.73958333,11.475,26.15
5/22/2023,0.26416,0.8695,14.31041667,9.275,18.15
5/23/2023,0.4445,0,12.94583333,6.85,19.1
5/24/2023,0.3683,0.3744,13.97395833,8.65,20.45
5/25/2023,0.29972,0.0408,14.65520833,10.1,19
5/26/2023,0.22606,0.2057,14.09375,11.375,18.15
5/27/2023,0.1905,0.136,13.66875,11.075,18.05
5/28/2023,0.3048,0.0034,14.93229167,11.5,19.275
5/29/2023,0.29972,0.0681,16.13020833,13.15,19.9
5/30/2023,0.46228,0.0085,16.55104167,7.6,23.775
5/31/2023,0.31242,0.0085,14.08854167,8.6,20.075
6/1/2023,0.35052,0,15.80625,9.625,22.425
6/2/2023,0.33782,0,16.72604167,10.975,22.025
6/3/2023,0.36322,0,17.88958333,13.175,22.8
6/4/2023,0.49276,0,19.253125,12,24.925
6/5/2023,0.42926,0,18.490625,10.55,24.975
6/6/2023,0.50292,0,21.53229167,14.925,27.85
6/7/2023,0.51054,0,20.975,13.05,27.8
6/8/2023,0.40386,0.1139,19.83645833,13.525,28.075
6/9/2023,0.21336,0.4183,17.253125,15.3,20.45
6/10/2023,0.37592,0.0851,18.278125,13.575,23.525
6/11/2023,0.45974,0.6051,18.39166667,12.35,26.2
6/12/2023,0.4953,0.0119,19.26145833,11.9,27.75
6/13/2023,0.46228,0.0119,19.46354167,11.75,26.175
6/14/2023,0.13208,0.0612,13.04479167,10.75,16.2
6/15/2023,0.28194,0.0969,12.60520833,8.75,16.325
6/16/2023,0.36068,0,14.8375,7.6,20.625
6/17/2023,0.23368,0.8815,15.11145833,12.65,18.475
6/18/2023,0.34036,0.119,12.809375,9.225,15.5
6/19/2023,0.28194,0,10.45729167,6,15
6/20/2023,0.30226,0,10.90208333,7.525,15.3
6/21/2023,0.31496,0.0051,9.510416667,2.675,14.9
6/22/2023,0.43942,0.0102,12.446875,2.075,21.675
6/23/2023,0.47244,0.051,15.06458333,5.25,25.7
6/24/2023,0.44958,0.0085,18.02083333,13.375,24.375
6/25/2023,0.38862,0.0357,16.78645833,10.025,22.9
6/26/2023,0.50292,0,18.525,9.25,26.65
6/27/2023,0.41656,0,18.4125,11.55,23.625
6/28/2023,0.42418,0,18.64791667,12.425,24.775
6/29/2023,0.52578,0.0051,20.09375,10.55,28.425
6/30/2023,0.57912,0,23.02395833,13.75,30.4
7/1/2023,0.7366,0,22.64583333,12.675,30.525
7/2/2023,0.70358,0,21.928125,15.825,27.475
7/3/2023,0.508,0,18.203125,8.9,25.5
7/4/2023,0.50546,0.0833,18.084375,10.15,24.5
7/5/2023,0.51562,0.0068,17.759375,9.525,26.55
7/6/2023,0.5461,0,19.01770833,8.525,28.325
7/7/2023,0.52578,0,20.44375,10.25,28.725
7/8/2023,0.52578,0,21.34375,11.4,30.575
7/9/2023,0.53086,0,21.603125,12.475,30.925
7/10/2023,0.49276,0.0017,20.82916667,12.525,28.125
7/11/2023,0.21336,0,17.29791667,13.2,20.45
7/12/2023,0.47498,0,19.675,11.475,26.675
7/13/2023,0.38354,0.1377,18.17708333,10.575,24.125
7/14/2023,0.41656,0.0085,18.75729167,10.075,26.025
7/15/2023,0.48514,0,20.92708333,11.55,28.925
7/16/2023,0.5461,0,22.93020833,12.7,30.4
7/17/2023,0.60452,0,20.95208333,12.4,27.55
7/18/2023,0.51308,0,20.253125,13.7,26.55
7/19/2023,0.51308,0,20.353125,9.275,30.35
7/20/2023,0.52324,0,22.36354167,11.575,31.2
7/21/2023,0.54864,0,23.67291667,13.3,32.225
7/22/2023,0.61976,0,23.653125,13.2,31.75
7/23/2023,0.54356,0,23.446875,12.45,32.425
7/24/2023,0.57912,0,23.88125,13.1,32.375
7/25/2023,0.52324,0,21.43854167,17.025,24.775
7/26/2023,0.53594,0,19.06875,11.525,25.1
7/27/2023,0.46228,0,18.975,8.725,27.375
7/28/2023,0.48768,0,21.01875,11.2,29.1
7/29/2023,0.45974,0,22.065625,13.025,30.5
7/30/2023,0.52832,0,23.80208333,14.95,31.025
7/31/2023,0.49276,0,22.415625,11.55,31.4
8/1/2023,0.49276,0,21.54479167,10.825,31.125
8/2/2023,0.46482,0,21.63958333,10.025,32.575
8/3/2023,0.50546,0,23.125,13,31.475
8/4/2023,0.48768,0,22.134375,13.4,29.65
8/5/2023,0.30226,0,20.21145833,14.575,24.6
8/6/2023,0.26416,0.1241,18.728125,15.975,21.825
8/7/2023,0.41148,0.0017,18.846875,11.675,27.3
8/8/2023,0.37338,0.0646,18.77708333,11.35,24.95
8/9/2023,0.2667,0.0442,18.55208333,15.2,24.125
8/10/2023,0.41656,0.0255,18.271875,11.275,23.85
8/11/2023,0.4572,0.0085,19.20104167,10.875,27.175
8/12/2023,0.381,0,19.86145833,11.5,26.45
8/13/2023,0.46736,0,21.0125,11.425,29.65
8/14/2023,0.49784,0,22.39895833,12.125,32.325
8/15/2023,0.57912,0,24.76458333,13.85,34.775
8/16/2023,0.5461,0,26.38333333,17.95,33.75
8/17/2023,0.55626,0,25.75,15.45,35.275
8/18/2023,0.54864,0,25.06145833,19,28.3
8/19/2023,0.41402,0,17.765625,8.125,26.525
8/20/2023,0.32004,0,18.35833333,10.975,23.75
8/21/2023,0.15494,0.0408,18.32604167,16.05,20.825
8/22/2023,0.31496,0.0034,19.26666667,15.9,25.6
8/23/2023,0.32004,0.0017,17.61770833,12.475,22.125
8/24/2023,0.33274,0.0017,14.82291667,5.7,23.225
8/25/2023,0.31242,0,16.80208333,8.875,24.625
8/26/2023,0.38354,0.0017,19.01041667,10.95,27.05
8/27/2023,0.38608,0,19.28854167,10.375,28.025
8/28/2023,0.38862,0,19.51041667,9.275,29.35
8/29/2023,0.42164,0.0272,19.40416667,10.35,30.75
8/30/2023,0.0381,0.0221,13.09583333,11.725,15.45
8/31/2023,0.20066,0.0136,15.38125,11.9,20.125
9/1/2023,0.2921,0.0119,15.10520833,7.775,22.65
9/2/2023,0.34798,0.0068,18.021875,9.5,26.3
9/3/2023,0.21082,0.0068,16.690625,12.525,21.2
9/4/2023,0.18034,0.0119,15.85520833,13.5,18.425
9/5/2023,0.26924,0.0085,16.671875,12.1,21.375
9/6/2023,0.27178,0.0034,15.72291667,9.525,22.425
9/7/2023,0.29972,0.0017,15.446875,7.575,22.75
9/8/2023,0.2667,0.0034,15.53958333,10.775,20.8
9/9/2023,0.30226,0.0017,15.05625,6.775,24.025
9/10/2023,0.3048,0,15.740625,7.25,25.5
9/11/2023,0.254,0,15.25625,6.85,23.3
9/12/2023,0.27178,0,18.06145833,12.875,23.825
9/13/2023,0.25146,0,17.071875,12.7,22.3
9/14/2023,0.26924,0,14.70416667,6.35,22.075
9/15/2023,0.28194,0.0085,14.29583333,6.375,22.875
9/16/2023,0.30226,0.0051,14.84895833,5.025,25.75
9/17/2023,0.27686,0.0017,14.596875,5.025,24.3
9/18/2023,0.33528,0,16.30416667,9.925,22.6
9/19/2023,0.18542,0.0034,10.525,4.125,16.4
9/20/2023,0.23622,0,10.790625,4.3,17.475
9/21/2023,0.15494,0.0238,11.88125,7.4,15.1
9/22/2023,0.08382,0.0187,10.88020833,9.225,12.675
9/23/2023,0.2413,0.0068,13.31041667,9.925,18.225
9/24/2023,0.1524,0.0017,11.09479167,5.475,16.675
9/25/2023,0.20066,0.0017,13.58541667,9,20.15
9/26/2023,0.16256,0.0051,11.31875,4.425,17.6
9/27/2023,0.09398,0.0051,8.469791667,3.225,11.2
9/28/2023,0.10922,0.0034,9.554166667,7.2,11.7
9/29/2023,0.15748,0.0017,9.697916667,5,14.725
9/30/2023,0.06858,0.0034,8.189583333,6.35,11
10/1/2023,0.15748,0.0017,10.27916667,6.4,15.425
10/2/2023,0.14478,0.0034,11.80520833,9.85,14.625
10/3/2023,0.07112,0.0017,10.75416667,9.05,12.425
10/4/2023,0.18542,0.0017,12.96354167,8.175,18.325
10/5/2023,0.14986,0,10.63229167,4.35,17.6
10/6/2023,0.16002,0.0017,9.285416667,2.8,18.025
10/7/2023,0.15494,0,9.03125,1.375,19.45
10/8/2023,0.15748,0.0017,9.51875,1.725,19.55
10/9/2023,0.16764,0,11.04583333,2.775,21.575
10/10/2023,0.13462,0.0017,10.39791667,6.325,17.6
10/11/2023,0.09398,0.0017,9.6125,8.175,11.85
10/12/2023,0.07366,0.0017,7.372916667,2.975,10.475
10/13/2023,0.14732,0.0017,10.2625,5.8,16.825
10/14/2023,0.05334,0.0017,6.711458333,3.025,10.5
10/15/2023,0.11176,0.0017,10.08541667,6.075,17.85
10/16/2023,0.09906,0.0017,10.19270833,4.875,15.975
10/17/2023,0.18288,0,11.11041667,5.425,14.325
10/18/2023,0.17018,0,9.678125,4.025,18.55
10/19/2023,0.18034,0,9.863541667,0.4,21.45
10/20/2023,0.20066,0,12.353125,3.425,23.05
10/21/2023,0.127,0,10.2875,3.325,18.85
10/22/2023,0.07366,0,8.522916667,5.05,12.1
10/23/2023,0.08128,0,7.973958333,5.925,10.725
10/24/2023,0.07366,0,2.058333333,-2.725,6.925
10/25/2023,0.07112,0,-2.852083333,-4.5,-1.15
10/26/2023,0.04826,0,-4.359375,-5.925,-2.825
10/27/2023,0.06096,0,-5.0375,-9.625,-0.675
10/28/2023,0.04318,0,-6.407291667,-11.95,-1.125
10/29/2023,0.0508,0.0833,-4.716666667,-9.475,1.075
10/30/2023,0.04572,0.1411,-3.248958333,-6.925,1.85
10/31/2023,0.0381,0.0935,-2.835416667,-6.525,1.95
11/1/2023,0.0381,0.1123,0.053125,-1.275,1.85
11/2/2023,0.00508,0.8687,1.052083333,0.175,2.3
11/3/2023,0.06858,0.4539,5.957291667,2.175,11.8
11/4/2023,0.0254,0.1241,3.883333333,-1.475,8.9
11/5/2023,0.09398,0.0833,8.24,2.575,10.75
11/6/2023,0.02286,1.8506,2.015625,-1.675,5.5
11/7/2023,0.05588,0.1479,6.138541667,2.95,8.225
11/8/2023,0.05842,0.0187,2.1625,-2.2,6.175
11/9/2023,0.04826,0,1.65625,-1.375,5.9
11/10/2023,0.06096,0,2.140625,-2.05,7.2
11/11/2023,0.10668,0,5.585416667,2.825,10.175
11/12/2023,0.07366,0,5.204166667,0.175,10
11/13/2023,0.05842,0.0034,3.251041667,-1.175,8.875
11/14/2023,0.08128,0,2.563541667,-1.425,7.85
11/15/2023,0.01524,0.9095,0.917708333,-2.4,3.075
11/16/2023,0.03048,0.2346,0.791666667,-2.375,4.125
11/17/2023,0.02286,0.0119,-1.136458333,-4.425,3.9
11/18/2023,0.01524,0.0051,-0.461458333,-1.65,0.5
11/19/2023,0.00508,0.1515,0.898958333,-0.75,2.575
11/20/2023,0.04572,0,2.39375,-2.075,5.05
11/21/2023,0.02286,0.0085,-0.938541667,-4.3,2.675
11/22/2023,0.01778,0.4692,1.365625,-2.05,4.925
11/23/2023,0.06096,0.0136,0.666666667,-1.875,4.925
11/24/2023,0.02794,0,-3.69375,-7.375,1.85
11/25/2023,0.0254,0,-6.179166667,-9.275,-1.15
11/26/2023,0.0127,0,-5.672916667,-9.925,-2.9
11/27/2023,0.02794,0,-2.625,-6.15,0.525
11/28/2023,0.00762,0,-5.879166667,-9.25,-3.525
11/29/2023,0.00762,0,-4.301041667,-5,-3.35
11/30/2023,0.0127,0,-5.214583333,-5.8,-4.35
12/1/2023,0.00508,0,-4.002083333,-5.4,-2.225
12/2/2023,0.0381,0.2227,-0.078125,-3.45,2.55
12/3/2023,0.02794,0.017,-0.951041667,-4.975,1.8
12/4/2023,0.02032,0.0867,-0.775,-3.675,1.6
12/5/2023,0.0127,0.2652,3.952083333,0.625,8.85
12/6/2023,0.02286,0.0986,4.941666667,2.95,8.15
12/7/2023,0.04064,0.17,4.464583333,0.6,7.1
12/8/2023,0.02032,0.0646,0.598958333,-1,1.4
12/9/2023,0.0254,0,-1.577083333,-5.05,0.45
12/10/2023,0.01524,0.4047,-0.039583333,-1.7,1.5
12/11/2023,0.0127,0.4454,0.9,0.1,2.775
12/12/2023,0.02286,0.0068,-0.022916667,-1.025,1.575
12/13/2023,0.0254,0,-1.211458333,-4.1,0.425
12/14/2023,0.02032,0,-2.752083333,-5.125,-1.05
12/15/2023,0.01016,0,-1.1,-3.225,1.425
12/16/2023,0.01778,0,-1.59375,-3.525,0.15
12/17/2023,0.01524,0,-0.584375,-2.3,3.225
12/18/2023,0.01016,0,-1.914583333,-3.275,-0.6
12/19/2023,0.01016,0.1752,0.441666667,-0.575,1.65
12/20/2023,0.00508,0.0527,1.275,0.45,2.575
12/21/2023,0.01778,0.0017,1.361458333,0.15,3.65
12/22/2023,0.00762,0.0612,0.167708333,-0.95,2.6
12/23/2023,0.03556,0.0153,0.711458333,-3.325,3.35
12/24/2023,0.01016,0,-4.419791667,-8.525,0
12/25/2023,0.00762,0,-7.003125,-10.375,-2.125
12/26/2023,0.02032,0,-5.330208333,-10.05,-1.125
12/27/2023,0.00762,0,-5.183333333,-8.1,-2.375
12/28/2023,0.01524,0,-2.194791667,-4.675,-0.45
12/29/2023,0.01016,0,-3.439583333,-4.55,-2.9
12/30/2023,0.00508,0,-2.890625,-3.35,-2.225
12/31/2023,0.00508,0,-1.319791667,-2.275,-0.2
1/1/2024,0.00762,0,-1.7375,-3.05,0.05
1/2/2024,0.01778,0,-1.907291667,-2.9,-0.25
1/3/2024,0.00762,0,-2.317708333,-3.1,-1.8
1/4/2024,0.0127,0.1785,0.064583333,-1.725,1.425
1/5/2024,0.03302,0.0918,-0.19375,-3.475,1.525
1/6/2024,0.0381,0,0.1375,-0.575,1.675
1/7/2024,0.02032,0,-3.282291667,-6.125,-0.175
1/8/2024,0.02794,0,-4.051041667,-6.95,-1.225
1/9/2024,0.06604,0.3655,0.775,-3,4.475
1/10/2024,0.0508,0,-1.771875,-9.6,1.675
1/11/2024,0.02286,0,-15.55520833,-21.8,-10
1/12/2024,0.00762,0,-24.4517,-27.667,-21.925
1/13/2024,0.00762,0,-31.36841667,-36.85,-25.3
1/14/2024,0.01016,0,-24.06770833,-30.05,-19.475
1/15/2024,0.00762,0,-25.85729167,-32.425,-20.2
1/16/2024,0.0127,0,-18.62291667,-23.825,-14.125
1/17/2024,0.00762,0,-12.51875,-14.15,-10.725
1/18/2024,0.01778,0,-15.44166667,-20.2,-10.65
1/19/2024,0.01016,0,-14.80416667,-21.55,-10.225
1/20/2024,0.0127,0,-7.360416667,-9.9,-5.2
1/21/2024,0.02286,0,-3.409375,-5.675,-1.275
1/22/2024,0.0254,0.2907,-0.307291667,-1.675,1.15
1/23/2024,0.0254,0.816,1.519791667,0.25,3.525
1/24/2024,0.0254,0.204,2.027083333,0.8,4.725
1/25/2024,0.04064,0,3.197916667,1.05,6.075
1/26/2024,0.05842,0.0085,3.039583333,-0.6,6.025
1/27/2024,0.03048,0.1513,0.246875,-2.675,2.45
1/28/2024,0.03302,0.0306,2.129166667,0.65,4.825
1/29/2024,0.02794,0.0085,2.344791667,-0.7,6.15
1/30/2024,0.0254,0.017,-0.251041667,-1.05,0.85
1/31/2024,0.02286,0.0017,-2.075,-4.425,-0.1
2/1/2024,0.02286,0.0068,-2.979166667,-6.9,-0.225
2/2/2024,0.03048,0.1972,0.010416667,-3.45,2.125
2/3/2024,0.02794,0.9435,1.245833333,0.1,2.375
2/4/2024,0.02794,0.2092,-0.873958333,-4.475,0.7
2/5/2024,0.01778,0,-1.715625,-5.025,0.25
2/6/2024,0.03048,0.5086,0.385416667,-0.6,1.55
2/7/2024,0.03048,0.0153,-0.108333333,-0.9,0.975
2/8/2024,0.0254,0.0765,0.513541667,-0.375,1.475
2/9/2024,0.04826,0.1989,-0.438541667,-6.225,1.725
2/10/2024,0.04318,0,-4.9625,-10.375,0.95
2/11/2024,0.03302,0.0595,-0.986458333,-4.175,1.45
2/12/2024,0.03556,0.4114,1.523958333,0.475,2.3
2/13/2024,0.04572,0.0629,-1.245833333,-4.65,1.2
2/14/2024,0.05588,0,-5.966666667,-9.95,-1.675
2/15/2024,0.06096,0,-5.547916667,-7.175,-3.05
2/16/2024,0.05334,0,-9.694791667,-15.575,-3.65
2/17/2024,0.05842,0,-10.37395833,-16.125,-2.625
2/18/2024,0.03556,0,-6.93125,-11.175,-4.05
2/19/2024,0.05334,0.1804,-1.778125,-4.2,2.25
2/20/2024,0.04318,0.1938,0.440625,-1.325,2.325
2/21/2024,0.05588,0.0085,1.416666667,-2.25,4.975
2/22/2024,0.05842,0,3.35,1.5,5.1
2/23/2024,0.1143,0,3.970833333,0.225,7.475
2/24/2024,0.06858,0,4.583333333,3.65,5.3
2/25/2024,0.09398,0.0272,5.041666667,4.075,6.15
2/26/2024,0.13208,0,0.186458333,-6,5.475
2/27/2024,0.08636,0,-5.208333333,-9.4,-1.025
2/28/2024,0.09398,0.0153,1.123958333,-3.125,5.1
2/29/2024,0.14478,0.0068,5.729166667,1.675,9.65
3/1/2024,0.10922,0,1.695833333,-0.075,3.975
3/2/2024,0.0381,0,-2.379166667,-6.975,0.65
3/3/2024,0.0889,0.2261,-3.305208333,-8.625,2.35
3/4/2024,0.09144,0,-0.771875,-2.6,1.3
3/5/2024,0.14732,0,-0.584375,-3.425,2.375
3/6/2024,0.1143,0,-2.35625,-6.325,2.8
3/7/2024,0.11176,0,-3.248958333,-9.3,3.25
3/8/2024,0.127,0,-1.140625,-7.95,5.625
3/9/2024,0.1524,0,2.273958333,-5.45,9.075
3/10/2024,0.10668,0.0034,5.052173913,3.825,6.45
3/11/2024,0.12954,0.0442,5.00317029,3.2125,7.8125
3/12/2024,0.13716,0.136,4.954166667,2.6,9.175
3/13/2024,0.13716,0,3.389583333,0.75,5.975
3/14/2024,0.13716,0,2.280208333,-2.425,8.475
3/15/2024,0.16256,0,3.21875,-3.45,11.875
3/16/2024,0.1905,0.0051,5.01875,-2.175,15.3
3/17/2024,0.20828,0.0034,6.586458333,-1.6,15.525
3/18/2024,0.25146,0,7.584375,-1.625,18.125
3/19/2024,0.23876,0.0017,8.180208333,-0.675,18.275
3/20/2024,0.25908,0,8.459375,1.35,17.35
3/21/2024,0.15748,0,6.752416667,3.275,10.05
3/22/2024,0.127,0.0391,2.898958333,-1,7.575
3/23/2024,0.05588,0.1037,0.379166667,-2.6,2.825
3/24/2024,0.07874,0,-2.9375,-4.85,-0.05
3/25/2024,0.09652,0.2654,-2.441666667,-7.9,2
3/26/2024,0.10414,0.194,1.795833333,-0.5,5.9
3/27/2024,0.18796,0.1887,5.59375,2.6,8.875
3/28/2024,0.13716,0.085,4.788541667,3.05,7.675
3/29/2024,0.10414,0.2533,3.094791667,0.175,6.1
3/30/2024,0.1651,0.0255,2.635416667,-1.85,7.55
3/31/2024,0.21336,0,5.063541667,-0.475,10.8
4/1/2024,0.27686,0,6.582291667,-1.825,14.8
4/2/2024,0.32004,0,10.40833333,2.1,18
4/3/2024,0.17526,0.0646,10.09166667,7.05,12.125
4/4/2024,0.16002,0.5049,6.829166667,3.65,12.475
4/5/2024,0.20574,0.3383,6.417708333,2.6,11.85
4/6/2024,0.07366,1.3753,3.175,1.4,5.275
4/7/2024,0.08636,0.4777,3.585416667,1.5,5.975
4/8/2024,0.14732,0.0034,4.801041667,1.15,8.075
4/9/2024,0.2286,0.1394,7.382291667,4.125,12.55
4/10/2024,0.2413,0.017,5.872916667,-1.025,11.85
4/11/2024,0.28448,0,8.361458333,0.425,15.7
4/12/2024,0.27432,0,11.28020833,7.275,16.35
4/13/2024,0.33782,0,13.52708333,8.7,20.075
4/14/2024,0.35052,0,12.80625,3.05,23.4
4/15/2024,0.33274,0,12.59895833,9.575,16.275
4/16/2024,0.25654,0,6.628125,2.575,9.525
4/17/2024,0.2159,0.0799,3.54375,-0.35,7.8
4/18/2024,0.19558,0,3.11875,0.525,6.975
4/19/2024,0.254,0,2.183333333,-3.05,7.4
4/20/2024,0.28448,0,3.803125,-5.025,12.275
4/21/2024,0.31242,0,6.836458333,1.575,11.025
4/22/2024,0.2921,0,6.582291667,-1.05,12.825
4/23/2024,0.34036,0,7.778125,-2.225,16.775
4/24/2024,0.39878,0,10.6625,0.45,18.875
4/25/2024,0.28194,0,11.10104167,8.8,15.075
4/26/2024,0.23876,0,9.404166667,6.125,13.45
4/27/2024,0.16256,0.4165,7.9625,5.35,11.625
4/28/2024,0.2286,0.0068,8.314583333,5.8,11.3
4/29/2024,0.17018,0.1054,5.938541667,3.8,7.65
4/30/2024,0.2032,0,4.653125,1.3,8.475
5/1/2024,0.09398,0.5644,2.864916667,0.925,4.2
5/2/2024,0.19558,0.2108,5.372916667,2.475,9.475
5/3/2024,0.29972,0.0017,6.591666667,-0.75,12.45
5/4/2024,0.32512,0,9.478125,-1.325,18.125
5/5/2024,0.25654,0.595,10.796875,6.775,15.7
5/6/2024,0.17526,1.5997,7.226041667,5.025,11.25
5/7/2024,0.08382,0.6443,5.636458333,3.825,7.55
5/8/2024,0.25908,0.0646,8.9125,4.4,14.05
5/9/2024,0.3683,0,12.19375,4.675,18.2
5/10/2024,0.44196,0,13.67291667,4.1,21.675
5/11/2024,0.4572,0,15.48020833,5.25,23.575
5/12/2024,0.49276,0,17.13020833,8.075,24.975
5/13/2024,0.42164,0,16.471875,10.575,22.125
5/14/2024,0.33274,0.0442,13.984375,9.575,18.425
5/15/2024,0.38862,0,14.46145833,5.675,21.075
5/16/2024,0.52832,0,17.55416667,13.55,21.6
5/17/2024,0.26162,0.0816,9.578125,5.375,15.2
5/18/2024,0.2286,0.0136,7.3875,1.525,11.55
5/19/2024,0.2159,0.0765,4.95625,-0.15,9.575
5/20/2024,0.26162,0.0068,7.677083333,3.825,11.975
5/21/2024,0.29718,0.0459,10.3875,5.925,14.625
5/22/2024,0.1524,0.833,8.540625,6.8,10.375
5/23/2024,0.3175,0.3315,9.380208333,3.25,14.95
5/24/2024,0.16256,1.9346,8.116666667,6.225,12.35
5/25/2024,0.2032,0.5831,8.551041667,5.7,11.775
5/26/2024,0.28956,0,10.61666667,7.675,15.05
5/27/2024,0.38862,0,13.434375,6.75,19.75
5/28/2024,0.39624,0.3775,14.79166667,6.55,24.15
5/29/2024,0.36322,0.2397,12.07604167,6.525,14.475
5/30/2024,0.30988,0,9.786458333,5.9,14.9
5/31/2024,0.4064,0,10.87083333,1.75,17.675
6/1/2024,0.30988,0.0017,11.77604167,4.075,18.55
6/2/2024,0.17018,0.2992,11.58854167,8.075,15.375
6/3/2024,0.18542,0.8636,10.89895833,7.45,12
6/4/2024,0.13716,0.1768,9.915625,6.725,13.3
6/5/2024,0.47244,0,14.43958333,9.475,19.525
6/6/2024,0.46482,0,14.659375,4.65,23.325
6/7/2024,0.50292,0,17.23333333,7.625,25.7
6/8/2024,0.47498,0,16.61145833,6.775,24.175
6/9/2024,0.3937,0,15.97604167,8.175,23.4
6/10/2024,0.4445,0.0425,18.28020833,13.4,23.4
6/11/2024,0.54864,0,18.39895833,11.45,25.275
6/12/2024,0.57404,0,16.79375,10.625,21.2
6/13/2024,0.47752,0,15.40520833,5.125,24.175
6/14/2024,0.49784,0.0034,16.72395833,9.525,23.825
6/15/2024,0.25908,0.1785,9.808333333,6.475,13.35
6/16/2024,0.31242,0,9.338541667,5.275,13.55
6/17/2024,0.17272,0,7.786458333,4.8,10.975
6/18/2024,0.1524,0.8449,8.05,6.05,9.675
6/19/2024,0.38608,0.2074,11.16041667,5.25,18.1
6/20/2024,0.44958,0.0051,13.87916667,3.825,23.4
6/21/2024,0.51054,0,17.3675,9.575,26.125
6/22/2024,0.34544,0,18.843125,11.35,27.2375
6/23/2024,0.6731,0,20.31875,13.125,28.35
6/24/2024,0.69342,0,19.48165,11.3,25.05
6/25/2024,0.50038,0,17.73854167,6.7,26.4
6/26/2024,0.28448,0.0306,17.578125,10.075,24.05
6/27/2024,0.2921,0.5389,14.946875,11.35,18.825
6/28/2024,0.37084,0.0051,15.32395833,11.125,20.875
6/29/2024,0.42164,0,17.24375,10,24.025
6/30/2024,0.26162,1.0338,14.95,12.025,19.7
7/1/2024,0.2667,0.6494,14.15208333,10.6,19.375
7/2/2024,0.35814,0.2516,15.36770833,9.775,20.6
7/3/2024,0.33528,0.3487,14.66666667,11.8,18.775
7/4/2024,0.44958,0.2414,16.81458333,10.25,23.925
7/5/2024,0.48514,0.0782,18.73333333,10.025,27.175
7/6/2024,0.50038,0.0918,20.33854167,14.1,26.55
7/7/2024,0.52578,0,21.16458333,12.35,28.6
7/8/2024,0.5334,0,22.03958333,12.7,30.6
7/9/2024,0.54356,0,23.35729167,13.55,33.6
7/10/2024,0.54102,0,24.00520833,14.225,32.6
7/11/2024,0.60198,0,24.04270833,14.575,32.675
7/12/2024,0.53086,0,22.41041667,13.125,30.475
7/13/2024,0.55118,0,22.82916667,13.8,31.3
7/14/2024,0.59436,0,23.115625,13.95,32.475
7/15/2024,0.5461,0,23.276375,13.425,30.933
7/16/2024,0.47244,1.5251,20.25104167,12.85,26.475
7/17/2024,0.48768,1.5929,20.121875,12.125,30.4
7/18/2024,0.48514,0.2516,23.82604167,17.05,30.4
7/19/2024,0.48514,0,23.42083333,14.55,31.175
7/20/2024,0.53086,0,24.52395833,14.7,34.325
7/21/2024,0.55118,0,25.83333333,15.45,35
7/22/2024,0.45212,0,24.47395833,16.5,31.925
7/23/2024,0.51308,0,24.32916667,16.3,32.3
7/24/2024,0.508,0.0731,22.553125,11.775,32.85
7/25/2024,0.4826,0,20.96041667,14.575,24.1
7/26/2024,0.44958,0,16.496875,7.75,24.275
7/27/2024,0.40386,0,17.60625,8.4,25.125
7/28/2024,0.381,0,18.084375,9.9,24.875
7/29/2024,0.44704,0.0306,19.24895833,10.2,26.675
7/30/2024,0.21336,0.5661,16.775,15.1,18.875
7/31/2024,0.4572,0.1564,19.80104167,13.1,27.275
8/1/2024,0.4699,0,21.378125,11.875,30.15
8/2/2024,0.46482,0,22.74270833,12.95,31.4
8/3/2024,0.2794,0,21.05729167,14.55,26.025
8/4/2024,0.09398,0.2941,18.634375,16.425,21.55
8/5/2024,0.2667,0.2771,18.53229167,14.875,23.075
8/6/2024,0.33274,0.1411,19.87291667,13.125,25.475
8/7/2024,0.33274,0.1003,18.36979167,14,23.4
8/8/2024,0.40132,0.0068,17.503125,9.4,23.925
8/9/2024,0.38608,0,18.85520833,9.35,26.45
8/10/2024,0.36576,0.0493,17.815625,11.7,27.2
8/11/2024,0.34798,0.034,17.58645833,10.2,24.875
8/12/2024,0.29972,0.0782,18.43854167,11.625,25.475
8/13/2024,0.3429,0.0323,18.40416667,12.55,25.05
8/14/2024,0.4064,0,19.596875,11.3,26.3
8/15/2024,0.4699,0.0629,20.43229167,12.2,29.925
8/16/2024,0.22606,0.187,16.6125,12.825,20.575
8/17/2024,0.38354,0.051,17.30625,8.75,28.075
8/18/2024,0.45466,0.0357,21.41145833,12.425,31.675
8/19/2024,0.42926,0.0765,21.23125,14.375,30.225
8/20/2024,0.38608,0.1207,19.97395833,12.8,26.725
8/21/2024,0.27686,0.0357,17.67708333,13.175,22.1
8/22/2024,0.3683,0.0051,16.9875,6.7,28.25
8/23/2024,0.41402,0.0884,18.746875,11.95,30.6
8/24/2024,0.3048,0.0238,14.73125,8.75,19.95
8/25/2024,0.16764,0,14.30833333,10.3,17.575
8/26/2024,0.32512,0.0068,14.11354167,4.75,23.125
8/27/2024,0.32512,0.1868,15.16458333,7.075,24.45
8/28/2024,0.0762,0.0561,8.741666667,7.175,10.825
8/29/2024,0.27432,0.0901,12.14895833,5.25,20.25
8/30/2024,0.3429,0.068,15.575,6.075,25.85
8/31/2024,0.34544,0.0204,18.05520833,7.45,30.45
9/1/2024,0.30988,0,17.44791667,8.5,25.85
9/2/2024,0.28702,0,18.03020833,8.7,26.25
9/3/2024,0.30988,0,19.30520833,12.925,26.025
9/4/2024,0.32004,0,18.67916667,9.95,27.2
9/5/2024,0.34036,0,19.165625,10.375,29.325
9/6/2024,0.32258,0,18.40416667,8.5,27.875
9/7/2024,0.32004,0,18.390625,8.275,28.95
9/8/2024,0.3048,0,18.39375,8.375,26.125
9/9/2024,0.39878,0,22.03645833,16.375,28.625
9/10/2024,0.31242,0,18.06041667,10.35,25.95
9/11/2024,0.19304,0,14.88125,10.475,18.925
9/12/2024,0.06604,0.1445,12.29166667,11.5,13.775
9/13/2024,0.2159,0.0884,14.22395833,11.8,19.275
9/14/2024,0.1905,0.0646,13.5,10.625,18.1
9/15/2024,0.127,0.0527,10.82291667,6.075,17.35
9/16/2024,0.14986,0.0493,11.96979167,6.5,17.85
9/17/2024,0.19558,0.0459,13.99479167,8.475,21.8
9/18/2024,0.21336,0.0408,15.74791667,11.6,19.4
9/19/2024,0.27432,0.0323,16.88958333,13.45,21.5
9/20/2024,0.29464,0.017,15.36354167,9.375,18.2
9/21/2024,0.20828,0.0068,9.467708333,1.375,17.875
9/22/2024,0.22352,0,10.91875,2.25,19.2
9/23/2024,0.21082,0,16.45833333,13.025,21.15
9/24/2024,0.24638,0,15.86145833,7.875,24.7
9/25/2024,0.30734,0.068,16.88645833,8.75,28.5
9/26/2024,0.25654,0.0578,14.884375,9.525,18.375
9/27/2024,0.23876,0,14.11979167,5.775,22.55
9/28/2024,0.21082,0.0034,13.05208333,4.55,23.85
9/29/2024,0.2794,0.0034,12.05104167,7.825,18.85
9/30/2024,0.20828,0,8.336458333,0.8,14.875
10/1/2024,0.30988,0,11.53645833,0.725,21.3
10/2/2024,0.32004,0,13.92083333,7.1,18.625
10/3/2024,0.16764,0,6.596875,-0.875,15.075
10/4/2024,0.22352,0.0068,6.658333333,-2.35,17.675
10/5/2024,0.1905,0.0017,10.24895833,5.4,15.75
10/6/2024,0.16764,0,8.194791667,0.3,17.3
10/7/2024,0.19304,0.0034,9.635416667,0.125,21.075
10/8/2024,0.18288,0.0051,10.41145833,0.325,21.1
10/9/2024,0.1905,0,13.78645833,4.925,21.175
10/10/2024,0.18796,0,12.409375,4.75,18.15
10/11/2024,0.13462,0.0017,6.926041667,-0.575,16.175
10/12/2024,0.1524,0.0068,7.94375,0.025,19.725
10/13/2024,0.14732,0.0068,8.15,-0.325,19.25
10/14/2024,0.14986,0.0051,9.453125,0.7,19.6
10/15/2024,0.13208,0.0017,10.203125,2.7,19.325
10/16/2024,0.04826,0.1054,9.31875,6.1,11.875
10/17/2024,0.10414,0.1326,5.163541667,1.625,9.45
10/18/2024,0.11938,0.0272,3.33125,-3.75,9.9
10/19/2024,0.11938,0,9.989583333,6.125,15.075
10/20/2024,0.22352,0,15.38020833,9,22.15
10/21/2024,0.05842,0.6987,11.321875,5.725,15.125
10/22/2024,0.09906,0.3366,6.896875,1.325,10.325
10/23/2024,0.05334,0.0102,1.326041667,-2.65,6.1
10/24/2024,0.1016,0,4.227083333,-0.55,8.125
10/25/2024,0.0762,0,1.845833333,-3.675,9.275
10/26/2024,0.08382,0.0017,3.976041667,-2.425,13.4
10/27/2024,0.09398,0.0085,5.234375,-0.45,12.5
10/28/2024,0.09906,0.0119,6.764583333,3.425,9.275
10/29/2024,0.0635,0,4.228125,1.375,7.425
10/30/2024,0.08636,0,3.234375,-1.625,8.4
10/31/2024,0.0254,0.0051,-1.364583333,-4.525,1.35
11/1/2024,0.0635,0.2246,2.304166667,-1.5,7.3
11/2/2024,0.03556,0.5695,4.419791667,3.2,7.25
11/3/2024,0.03302,0.1275,3.512,1.925,5.55
11/4/2024,0.0381,0.0918,2.872916667,0.4,5.275
11/5/2024,0.02032,0.1938,2.308333333,1.475,3.85
11/6/2024,0.04318,0.1802,1.257291667,-2,4.4
11/7/2024,0.0508,0.0119,1.605208333,-2.075,7.5
11/8/2024,0.0381,0.0153,0.264583333,-4.35,6.75
11/9/2024,0.02032,0.0255,-0.201041667,-3.125,2.025
11/10/2024,0.02794,0.0255,4.658333333,2.15,6.875
11/11/2024,0.03556,0,5.475,2.4,7.4
11/12/2024,0.0508,0.017,5.551041667,3.7,7
11/13/2024,0.06096,0.1462,4.38125,2.775,6.775
11/14/2024,0.03302,0.2805,5.123958333,3.625,7.25
11/15/2024,0.04318,0.1683,1.796875,-3.025,7.2
11/16/2024,0.05842,0.0119,1.185416667,-1.5,5.2
11/17/2024,0.07366,0.1258,3.463541667,0.4,7.425
11/18/2024,0.07366,0,2.309375,-0.6,4.925
11/19/2024,0.0381,0.0221,-0.376041667,-4.1,3.3
11/20/2024,0.03048,0,-1.4875,-3.5,-0.1
11/21/2024,0.02032,0.5765,1.208333333,-0.725,3.675
11/22/2024,0.00254,0.3808,1.386458333,0.5,2.45
11/23/2024,0.00508,0.2584,0.732291667,0.1,1.725
11/24/2024,0.01524,0.0459,-1.591666667,-3.15,1
11/25/2024,0.0254,0.3283,-0.335416667,-2.8,2.025
11/26/2024,0.02286,0.5323,1.426041667,-0.125,3.8
11/27/2024,0.01524,0.0596,0.229166667,-0.775,1.875
11/28/2024,0.01524,0,-1.057291667,-3.175,0.7
11/29/2024,0.02286,0.0136,-1.644791667,-3.5,1.55
11/30/2024,0.02286,0.0017,-2.38125,-4.475,1.575
12/1/2024,0.02286,0.0017,-1.890625,-4.125,1.475
12/2/2024,0.01524,0,-4.05625,-6.6,-2.45
12/3/2024,0.00508,0,-3.1375,-3.825,-2.525
12/4/2024,0.00508,0,-3.695833333,-4.45,-3.075
12/5/2024,0.00508,0,-3.851041667,-4.3,-3.325
12/6/2024,0.00508,0,-2.796875,-3.975,-1.525
12/7/2024,0.01016,0.7242,-0.253125,-1.975,4.875
12/8/2024,0.03302,0.0935,2.025,-0.6,4.55
12/9/2024,0.02794,0.0051,-0.376041667,-2.075,1.45
12/10/2024,0.0254,0.0051,-0.117708333,-1.4,2.875
12/11/2024,0.0254,0,-0.7125,-2.025,1.125
12/12/2024,0.01778,0,-2.229166667,-4.55,-0.95
12/13/2024,0.00508,0,-0.659375,-1.7,0.525
12/14/2024,0.02032,0.1532,0.991666667,-1.475,4.625
12/15/2024,0.04064,0.0408,1.266666667,-0.75,4
12/16/2024,0.02794,0,-1.261458333,-2.85,0.025
12/17/2024,0.02032,0.0986,-0.320833333,-1.85,1.65
12/18/2024,0.08128,0.442,4.492708333,0.875,8.375
12/19/2024,0.03302,0,1.6625,-1.7,3.8
12/20/2024,0.02286,0,2.825,0,6.625
12/21/2024,0.02032,0.0833,-0.207291667,-2.95,3.075
12/22/2024,0.0381,0.0153,3.558333333,0.9,6.775
12/23/2024,0.03048,0.1785,2.633333333,-0.525,7.2
12/24/2024,0.02794,0.0238,1.925,-0.95,4.125
12/25/2024,0.04572,0,2.089583333,-1.15,4.7
12/26/2024,0.04064,0.0238,2.005208333,-0.5,4.775
12/27/2024,0.04064,0.0289,2.155208333,-0.95,4.375
12/28/2024,0.0381,0.2125,3.716666667,1.3,6.475
12/29/2024,0.02286,0.0697,2.511458333,0.1,5.275
12/30/2024,0.01016,0.1615,0.463541667,-0.175,1.325
12/31/2024,0.02032,0.0374,-0.816666667,-3,0.775
1/1/2025,0.02032,0,-2.597916667,-3.875,-1.5
1/2/2025,0.01524,0.1649,-1.447916667,-3.275,0.75
1/3/2025,0.01778,0.216,-1.438541667,-3.65,-0.3
1/4/2025,0.00508,0,-2.526041667,-3.85,-0.6
1/5/2025,0.0127,0.5882,-0.553125,-2.525,1.925
1/6/2025,0.00762,0.204,-1.727083333,-6.15,1.175
1/7/2025,0.02286,0,-2.340625,-4.1,-1.075
1/8/2025,0.01524,0,-1.808333333,-4.075,-0.95
1/9/2025,0.02032,0.0051,-1.505208333,-2.5,0.2
1/10/2025,0.0127,0,-1.322916667,-2.85,0.85
1/11/2025,0.02286,0.3522,-0.048958333,-0.85,1.025
1/12/2025,0.01778,0,-1.839583333,-2.925,-0.275
1/13/2025,0.02032,0.0034,-1.5375,-3.525,0.475
1/14/2025,0.0254,0.1838,-1.127083333,-3.4,1.125
1/15/2025,0.0127,0,-5.202083333,-7.35,-1.75
1/16/2025,0.02286,0,-3.614583333,-5.225,-1.75
1/17/2025,0.03302,0,-5.497916667,-9.55,-3.075
1/18/2025,0.02032,0,-10.72291667,-14.525,-7.475
1/19/2025,0.0381,0,-9.420833333,-15.725,-3.95
1/20/2025,0.02286,0,-14.253125,-17.55,-9.85
1/21/2025,0.02286,0,-9.710416667,-14.2,-4.4
1/22/2025,0.0254,0,-8.310416667,-11.95,-2.825
1/23/2025,0.01778,0,-9.419791667,-14.75,-5.325
1/24/2025,0.0254,0,-7.105208333,-11.175,-2.75
1/25/2025,0.01778,0,-11.16979167,-16.525,-3.8
1/26/2025,0.02286,0,-8.31875,-12.275,-3.575
1/27/2025,0.02286,0,-10.959375,-15.675,-5.375
1/28/2025,0.01778,0,-7.995833333,-9.3,-6.1
1/29/2025,0.02032,0,-6.483333333,-7.7,-4.925
1/30/2025,0.02032,0,-5.971875,-7.225,-4.15
1/31/2025,0.0254,0.0238,-2.808333333,-6.4,2.15
2/1/2025,0.1016,1.0599,1.413541667,-4.4,3.8
2/2/2025,0.0508,0.0068,-5.382291667,-9.6,1.325
2/3/2025,0.02794,0,-12.45104167,-13.9,-10.6
2/4/2025,0.02032,0,-15.11145833,-15.75,-13.825
2/5/2025,0.02286,0,-13.03229167,-15.775,-8.475
2/6/2025,0.02286,0,-10.24270833,-14.825,-6.2
2/7/2025,0.02794,0,-9.54375,-14.65,-6.1
2/8/2025,0.03302,0,-5.886458333,-7.825,-3.375
2/9/2025,0.03556,0,-9.280208333,-14.6,-2.875
2/10/2025,0.04064,0,-12.25,-20.95,-8.475
2/11/2025,0.02286,0,-20.13958333,-26.475,-11.675
2/12/2025,0.0254,0,-16.184375,-22.8,-10.15
2/13/2025,0.03302,0,-14.6875,-23.375,-8.875
2/14/2025,0.02286,0,-7.802083333,-9.575,-5.65
2/15/2025,0.01778,0,-7.201041667,-8.9,-5.025
2/16/2025,0.02286,0,-4.591666667,-6.825,-1.975
2/17/2025,0.03048,0,-5.385416667,-7.075,-3.475
2/18/2025,0.05334,0.0272,-5.233333333,-11.125,-0.35
2/19/2025,0.04318,0,-8.148958333,-15.75,-2.925
2/20/2025,0.04572,0.1395,-1.647916667,-4.575,1.275
2/21/2025,0.08382,0.352,2.2125,0.125,4.6
2/22/2025,0.08636,0,4.329166667,0.775,6.5
2/23/2025,0.09652,0.527,5.907291667,4,8.2
2/24/2025,0.13462,0.1921,4.880208333,2.05,7.525
2/25/2025,0.08636,0.0017,3.726041667,2.55,4.575
2/26/2025,0.10668,0,3.936458333,-0.5,6.625
2/27/2025,0.13462,0.0017,2.965625,-3.975,10.075
2/28/2025,0.127,0,4.548958333,-1.025,12.9
3/1/2025,0.10922,0.0051,2.155208333,-3.675,10.35
3/2/2025,0.11938,0.0102,1.948958333,-4.1,11.15
3/3/2025,0.08382,0.017,1.876041667,-2.625,7.6
3/4/2025,0.08382,0.0017,2.86875,0.525,6.1
3/5/2025,0.13716,0,3.88125,-1.4,7.8
3/6/2025,0.14224,0.0034,1.186458333,-5.325,9.475
3/7/2025,0.14224,0,1.878125,-5.725,9.025
3/8/2025,0.18796,0,5.60625,0.4,11.05
3/9/2025,0.25146,0,8.32826087,2.95,12.95
3/10/2025,0.22098,0,6.1375,3.55,8.375
3/11/2025,0.07874,0.0561,3.271875,0.65,5.925
3/12/2025,0.05334,0.6035,3.732291667,2.2,6.575
3/13/2025,0.10414,0.2924,3.06875,0,7.025
3/14/2025,0.12192,0,1.222916667,-0.875,4.425
3/15/2025,0.0762,0.119,0.781958333,-2.275,4.6
3/16/2025,0.12954,0.0493,3.3295,0.133,7.5
3/17/2025,0.14224,0,2.391666667,-0.975,6.425
3/18/2025,0.13462,0.0561,1.427083333,-1.275,5.75
3/19/2025,0.18288,0,1.946875,-2.375,7.2
3/20/2025,0.18796,0.0068,4.314583333,2.275,7.7
3/21/2025,0.17018,0.1904,4.407291667,0.5,9.8
3/22/2025,0.1016,0.6772,2.127083333,0.2,5.95
3/23/2025,0.0762,0.2567,3.020833333,1.35,5.525
3/24/2025,0.09652,0.1615,8.472916667,5.975,10.825
3/25/2025,0.15748,0.0697,10.4375,6.675,16.775
3/26/2025,0.2413,0.0153,10.05729167,1.125,20.35
3/27/2025,0.23622,0.4182,11.809375,6.45,18.025
3/28/2025,0.1778,0.2346,7.978125,5.4,12.15
3/29/2025,0.17018,0.0068,6.275,2.8,10.6
3/30/2025,0.20828,0.0068,4.957291667,-2.75,12.05
3/31/2025,0.17018,0.4386,5.180208333,2.5,10.625
4/1/2025,0.07112,3.1584,1.536458333,0.1,2.925
4/2/2025,0.10922,0.2873,3.725,1.725,6.5
4/3/2025,0.10668,0.3366,1.730208333,-2.55,4
4/4/2025,0.18034,0.0068,0.460416667,-6.05,6.9
4/5/2025,0.2286,0,4.005208333,-3.225,11.775
4/6/2025,0.27178,0.0017,6.85,-2.4,15.9
4/7/2025,0.13208,0,6.3625,0.225,12.25
4/8/2025,0.25146,0,8.035416667,5.75,11.825
4/9/2025,0.26924,0,7.628125,2.225,12.3
4/10/2025,0.3048,0,7.8125,-1.5,19.075
4/11/2025,0.32512,0,11.44479167,5.775,15.8
4/12/2025,0.22098,0,5.589583333,0.05,10.55
4/13/2025,0.23368,0.2143,4.903125,0.125,10.525
4/14/2025,0.3048,0,6.4375,-2.1,15.2
4/15/2025,0.38354,0,9.554166667,-1.45,20.35
4/16/2025,0.12192,0.3842,5.203125,1.525,8.225
4/17/2025,0.23622,0,2.889583333,-3.475,8.775
4/18/2025,0.28702,0,4.561458333,-4.1,12.5
4/19/2025,0.15494,0,6.142708333,-0.15,10.275
4/20/2025,0.25908,0.0646,8.541666667,5.625,13.05
4/21/2025,0.14478,0.3673,4.970833333,2.275,7.425
4/22/2025,0.23622,0.0085,4.580208333,-2.625,10.25
4/23/2025,0.30988,0,6.398958333,-1.875,14.45
4/24/2025,0.37846,0,9.25,-0.7,18.2
4/25/2025,0.38354,0,11.15729167,0.75,20.2
4/26/2025,0.3302,0,10.8125,1.9,18.05
4/27/2025,0.32004,0.0221,11.01041667,2.45,19.425
4/28/2025,0.3175,0,11.646875,5.35,16.6
4/29/2025,0.15494,0.7514,10.153125,8.125,12.85
4/30/2025,0.25908,0,10.32083333,6.075,14.675
5/1/2025,0.37846,0,11.70625,2.35,19.55
5/2/2025,0.42672,0,13.60833333,2.85,23.4
5/3/2025,0.51054,0,15.146875,4.525,25.15
5/4/2025,0.2413,0.5207,10.09270833,7.9,14.675
5/5/2025,0.28194,0,9.555208333,5.25,14.45
5/6/2025,0.381,0,9.545833333,-1.55,19.55
5/7/2025,0.4699,0,13.98541667,2.875,23.15
5/8/2025,0.53086,0,15.84375,11.8,20.9
5/9/2025,0.45212,0,14.565625,5.05,25
5/10/2025,0.41402,0,16.50520833,7.475,24.875
5/11/2025,0.41656,0,15.85,9.225,22.3
5/12/2025,0.23114,0.7897,10.54166667,7.6,13.825
5/13/2025,0.36068,0,10.83229167,4.525,17.425
5/14/2025,0.22098,0.6242,9.48125,5.85,14.7
5/15/2025,0.18542,0.9185,9.223958333,7.825,12.1
5/16/2025,0.18288,0.2686,7.173958333,2.15,11.95
5/17/2025,0.30226,0.0681,10.67604167,7.025,16
5/18/2025,0.11684,1.2491,7.760416667,5.925,9.3
5/19/2025,0.17018,0.0187,7.572916667,4.45,10.775
5/20/2025,0.23876,0.0238,8.730208333,4.65,12.95
5/21/2025,0.2794,0.0238,9.333333333,5.525,12.175
5/22/2025,0.2921,0.0714,9.421875,1.7,17.575
5/23/2025,0.27178,0,11.67395833,7.325,16.25
5/24/2025,0.4064,0.0068,12.86666667,3.6,21.05
5/25/2025,0.4572,0,15.98645833,5.725,25.85
5/26/2025,0.44958,0.0068,16.89583333,7.65,24
5/27/2025,0.43942,0,16.42083333,9.45,22.35
5/28/2025,0.49276,0,18.79895833,8.35,27.675
5/29/2025,0.5207,0.0885,19.22395833,10.725,27.025
5/30/2025,0.4826,0,17.909375,9.5,24.3
5/31/2025,0.58928,0,19.84375,8.1,29.975
6/1/2025,0.5588,0,18.2625,14.25,22.525
6/2/2025,0.38608,0,12.07708333,7.875,15.725
6/3/2025,0.25146,0.0034,10.134375,3.175,16.05
6/4/2025,0.37592,0,12.978125,4.75,19.625
6/5/2025,0.45466,0,14.95833333,5.6,22.575
6/6/2025,0.30226,0,16.79895833,9.75,22
6/7/2025,0.45466,0,19.48541667,9.9,26.975
6/8/2025,0.48006,0,18.59479167,11.025,25.325
6/9/2025,0.58166,0,20.865625,9.5,30.475
6/10/2025,0.41402,0,21.13229167,11.85,28.55
6/11/2025,0.4826,0,20.97083333,11.45,28.775
6/12/2025,0.33782,1.2126,17.33229167,13.3,21.55
6/13/2025,0.35052,0.0153,15.65416667,8.675,21.125
6/14/2025,0.48514,0.0017,18.32708333,13.05,23.925
6/15/2025,0.36576,0,16.78958333,8.1,24.425
6/16/2025,0.46228,0,17.59791667,7.5,26.65
6/17/2025,0.50038,0,19.30833333,11.5,25.15
6/18/2025,0.52324,0,18.85625,9.7,25.95
6/19/2025,0.45212,0,18.63125,11.45,24.675
6/20/2025,0.15748,0.9818,13.0625,9.45,17.85
6/21/2025,0.07112,2.1319,8.657291667,6.25,9.95
6/22/2025,0.20574,0.085,9.0375,5.775,13.525
6/23/2025,0.27178,0.6264,11.36041667,7.45,16.375
6/24/2025,0.41656,0.0051,15.278125,5.775,23.35
6/25/2025,0.43942,0,18.02395833,10.6,25.25
6/26/2025,0.3429,0,18.340625,11.9,25.05
6/27/2025,0.33528,0,17.73645833,15.2,20.975
6/28/2025,0.32766,0.0102,16.47604167,12.2,20.575
6/29/2025,0.45974,0,17.65833333,9.4,25.475
6/30/2025,0.52324,0,19.98229167,8.6,29.875
7/1/2025,0.51562,0,21.78125,11.2,31.8
7/2/2025,0.5588,0,22.78854167,13.2,31.875
7/3/2025,0.5969,0,22.56041667,17,27.725
7/4/2025,0.3175,0.0374,16.209375,9.225,23.875
7/5/2025,0.13208,1.7411,14.246875,12.4,16.6
7/6/2025,0.43434,0.0102,17.16979167,9.5,24.725
7/7/2025,0.46736,0.0034,19.42916667,10.3,27.85
7/8/2025,0.54356,0,21.8625,11.525,31.65
7/9/2025,0.54102,0,22.45104167,15.875,29.675
7/10/2025,0.33782,0.0613,19.9705,14.15,23.775
7/11/2025,0.43688,0.0068,17.86320833,9.275,25.225
7/12/2025,0.54102,0,21.29791667,11.925,30.525
7/13/2025,0.51054,0,22.92708333,13.425,30.3
7/14/2025,0.60198,0.1446,24.25625,17.9,30.625
7/15/2025,0.20828,0.4218,14.40416667,11.475,18.2
7/16/2025,0.41402,0.0034,15.30416667,6.225,23.5
7/17/2025,0.41148,0.0017,18.38645833,9.8,27.025
7/18/2025,0.45974,0.0017,20.01666667,10.825,28.25
7/19/2025,0.26924,0,19.371875,15.4,23.325
7/20/2025,0.41148,0,18.46145833,9.925,25.675
7/21/2025,0.1524,0.4711,15.75729167,13.5,18.275
7/22/2025,0.16256,1.4959,14.93020833,13.625,18.225
7/23/2025,0.39624,0.2024,17.64895833,12.65,24
7/24/2025,0.4445,0.0017,19.73229167,10.175,27.55
7/25/2025,0.54356,0,21.778125,12.05,29.8
7/26/2025,0.44704,0,21.603125,13.5,29.05
7/27/2025,0.4572,0.0034,20.69791667,10.625,29.275
7/28/2025,0.36322,0.0034,19.75625,11.875,27.225
7/29/2025,0.50038,0,21.78333333,11.25,30.9
7/30/2025,0.48514,0,23.80520833,14.35,31.675
7/31/2025,0.51308,0,23.546875,14.55,32.05
8/1/2025,0.38608,0.1344,20.49166667,16.175,28.15
8/2/2025,0.21844,1.8286,17.31041667,14.575,23.1
8/3/2025,0.2921,0.0408,17.79166667,12.975,25.025
8/4/2025,0.28956,0.0136,17.81770833,10.8,25.05
8/5/2025,0.41148,0,19.84583333,15.25,25.6
8/6/2025,0.29972,0,18.04583333,10.425,25.275
8/7/2025,0.25654,0.2194,15.77291667,12.15,20.225
8/8/2025,0.1778,0,14.44375,11.275,18.075
8/9/2025,0.36576,0,18.6625,11.9,24.975
8/10/2025,0.43942,0,21.853125,12.625,28.775
8/11/2025,0.42164,0,22.86354167,14.5,31.15
8/12/2025,0.47752,0,23.7375,14.75,33.375
8/13/2025,0.56134,0,23.06458333,12.35,32.5
8/14/2025,0.4445,0,21.87604167,14.025,28.075
8/15/2025,0.37084,0,19.06666667,10.4,27.275
8/16/2025,0.12192,0.2841,17.01875,12.65,22.6
8/17/2025,0.36576,0.0221,17.2375,9.325,25.725
8/18/2025,0.38608,0.0051,19.04583333,9.725,29.625
8/19/2025,0.43434,0,21.62916667,11.35,31.75
8/20/2025,0.45212,0,22.06875,13.475,29.25
8/21/2025,0.39624,0,19.39375,9.325,28.075
8/22/2025,0.4318,0,20.04895833,11.975,28.225
8/23/2025,0.42164,0,20.17395833,9.2,30.05
8/24/2025,0.42672,0,21.35833333,11.075,32.05
8/25/2025,0.45466,0,21.5625,10.175,33.025
8/26/2025,0.40894,0,22.45416667,12.1,31.275
8/27/2025,0.42164,0,23.26458333,14.375,31.1
8/28/2025,0.18542,0.0527,18.71770833,16.825,22.95
8/29/2025,0.27686,0.017,18.81979167,14.225,25.25
8/30/2025,0.37084,0.0136,19.23229167,9.975,28.5
8/31/2025,0.39624,0,21.090625,10.225,31.675
9/1/2025,0.36576,0,22.103125,11.75,31.575
9/2/2025,0.38862,0,21.56979167,11.525,32.725
9/3/2025,0.38862,0,21.57708333,11.825,31.625
9/4/2025,0.3302,0,18.896875,11.625,24.775
9/5/2025,0.30734,0,16.70416667,8.975,25.4
9/6/2025,0.32004,0,17.88229167,9.325,28.225
9/7/2025,0.31242,0,19.81354167,11.6,28.95
9/8/2025,0.27178,0.7685,18.115625,13.6,23.45
9/9/2025,0.26924,0,16.02291667,8.2,23.875
9/10/2025,0.29972,0,18.95729167,12.625,26.975
9/11/2025,0.35052,0.0017,19.33958333,13.45,27.325
9/12/2025,0.32258,0.1787,18.16979167,12.95,24.45
9/13/2025,0.2794,0.0068,16.60625,10.3,24.025
9/14/2025,0.24384,0.5528,16.13541667,10.875,23.275
9/15/2025,0.15494,0.0102,14.78645833,12.675,18.325
9/16/2025,0.2413,0,15.73333333,9.875,22.925
9/17/2025,0.28448,0.0119,16.79583333,9.125,26.2
9/18/2025,0.28702,0.0017,16.30416667,7.55,25.675
9/19/2025,0.28702,0,16.9125,8.175,27.25
9/20/2025,0.32258,0,17.08541667,7.375,27.7
9/21/2025,0.11176,0.0697,12.74166667,7.2,15.9
9/22/2025,0.23622,0,13.040625,7.275,18.9
9/23/2025,0.24384,0.0017,11.96145833,3.1,22.075
9/24/2025,0.3048,0.0017,15.07083333,4.7,27.2
9/25/2025,0.35814,0,16.57395833,5,28.5
9/26/2025,0.37084,0,15.45208333,9.225,21.175
9/27/2025,0.26924,0,12.52083333,2.85,23.125
9/28/2025,0.23368,0,13.55104167,4.675,24.9
9/29/2025,0.23876,0.0017,14.98229167,4.925,25.825
9/30/2025,0.10922,1.179,13.25833333,10.55,16.275
10/1/2025,0.14986,0.3964,12.08125,8,16.65
10/2/2025,0.13208,0.3012,11.42708333,8.475,16.825
10/3/2025,0.14224,0,11.17395833,7.825,15.95
10/4/2025,0.1397,0.3654,9.986458333,7.875,13.85
10/5/2025,0.12446,0.0085,7.101041667,2.875,10.35
10/6/2025,0.16002,0.0034,6.053125,-1.05,14.05
10/7/2025,0.16256,0.0051,7.471875,-0.225,16.925
10/8/2025,0.21082,0.0068,9.753125,0.375,21.75
10/9/2025,0.19558,0,11.528125,3.35,23.125
10/10/2025,0.1905,0.3553,11.56666667,3.125,22.075
10/11/2025,0.16002,0.0391,11.23854167,8.025,14.55
10/12/2025,0.04318,0.8709,3.402083333,1.025,6.725
10/13/2025,0.10668,0,3.014583333,-0.05,5.775
10/14/2025,0.09906,0,2.692708333,-2.3,8.025
10/15/2025,0.06858,0,3.601041667,-1.075,7.05
10/16/2025,0.09906,0,5.948958333,3.525,9.45
10/17/2025,0.10414,0.0034,4.886458333,0.725,12.475
10/18/2025,0.12192,0.0187,3.680208333,-3.85,10.475
10/19/2025,0.1143,1.0041,7.166666667,5.275,9.8
10/20/2025,0.10922,0.3011,6.70175,4.6,10.325
10/21/2025,0.127,0,7.584375,1.95,13.3
10/22/2025,0.10414,0.0153,4.623958333,-1.95,13.875
10/23/2025,0.1143,0.0136,5.941666667,-0.875,13.8
10/24/2025,0.09398,0.0034,5.4625,-1.025,13.475
10/25/2025,0.11684,0.4918,8.9,5.8,11.85
10/26/2025,0.11684,0.1106,6.308333333,4.725,8.125
10/27/2025,0.09144,0.0102,4.380208333,1.925,6.3
10/28/2025,0.0889,0,2.751041667,-2,7.95
10/29/2025,0.10414,0.0374,6.116666667,3,9.875
10/30/2025,0.07366,0,3.077083333,-1.625,9.55
10/31/2025,0.05588,0.0153,1.15625,-4.5,7.35
11/1/2025,0.05842,0.1241,7.002083333,1.85,13
11/2/2025,0.14986,0,5.979166667,-0.175,9.95
11/3/2025,0.04826,0.0748,0.56875,-1.725,4.625
11/4/2025,0.02794,1.0872,0.879166667,0.1,2.2
11/5/2025,0.02794,0.6683,2.353125,0.675,6.05
11/6/2025,0.07874,0.2484,7.715625,4.65,10.15
11/7/2025,0.11684,0.0034,6.619791667,4.6,8.175
11/8/2025,0.06858,0,3.747916667,-0.575,8.45
11/9/2025,0.04572,0.0051,0.583333333,-2.925,6.2
11/10/2025,0.02794,0.0272,0.835416667,-2.825,5.025
11/11/2025,0.07366,0.0102,4.48125,-0.775,11.875
11/12/2025,0.03302,0.2177,2.742708333,-0.875,8.35
11/13/2025,0.02794,0.0187,4.742708333,1.1,11.925
11/14/2025,0.0635,0.2313,9.682291667,7.85,12.525
11/15/2025,0.04826,0.1836,8.80625,5.15,11.575
11/16/2025,0.04318,0.0272,7.290625,4.25,12.85
11/17/2025,0.00762,0.4897,7.759375,6.55,9.1
11/18/2025,0.06858,0.1055,7.076041667,2.925,10.575
11/19/2025,0.03556,0,3.196875,-0.625,7.625
11/20/2025,0.02286,0.0119,0.571875,-3.15,3.45
11/21/2025,0.03302,0,3.719791667,0.875,6.075
11/22/2025,0.08636,0,6.566666667,4.825,8.65
11/23/2025,0.05588,0.2176,6.709375,5.75,8.35
11/24/2025,0.04572,0.461,3.369791667,-0.575,6.025
11/25/2025,0.01524,0,-1.026041667,-2.05,0.15
11/26/2025,0.00508,0,-0.129166667,-1.225,0.625
11/27/2025,0.00762,0,-0.108333333,-0.7,0.45
11/28/2025,0.0254,0,-3.979166667,-10.65,-0.425
11/29/2025,0.0127,0,-10.62395833,-14.325,-6.475
11/30/2025,0.0127,0,-9.341666667,-14.575,-6.25
12/1/2025,0.0127,0,-4.28125,-6.375,-2.225
12/2/2025,0.01016,0,-2.688541667,-4.05,-1.175
12/3/2025,0.00762,0,-1.532291667,-2.825,0
12/4/2025,0.01016,0.1309,0.861458333,0.1,1.4
12/5/2025,0.02032,0.3282,0.1375,-2.95,2.05
12/6/2025,0.02286,0.5729,2.103125,0.3,3.65
12/7/2025,0.03048,0.2739,2.884375,1.575,4.2
12/8/2025,0.03048,0.3468,4.546875,3.175,7.475
12/9/2025,0.07874,0.2841,5.8125,2.4,8.475
12/10/2025,0.02794,2.2375,4.009375,0.7,10.325
12/11/2025,0.03302,0.2144,7.501041667,3.075,10.675
12/12/2025,0.00762,0.1904,3.669791667,2.075,7.65
12/13/2025,0.05588,0.0102,7.208333333,0.425,11.25
12/14/2025,0.02286,0.0119,1.3375,-1.825,5.45
12/15/2025,0.12192,0.1191,9.05625,3.6,11.325
12/16/2025,0.12192,0.0663,7.484375,4.7,11.125
12/17/2025,0.127,0.0408,4.87173913,2.3,8.55
12/18/2025,0.07112,0.1207,1.517708333,-0.525,4.85
12/19/2025,0.14986,0.0782,3.6625,-0.6,7.075
12/20/2025,0.0889,0,1.832291667,0.15,4.225
12/21/2025,0.04826,0,0.634375,-0.325,2.675
12/22/2025,0.03556,0.2212,2.051041667,-0.425,4.8
12/23/2025,0.02032,0.017,0.44375,-1.45,2.5
12/24/2025,0.01016,0.5531,1.415625,-0.325,2.825
12/25/2025,0.01778,0.4285,4.05,2.4,6.15
12/26/2025,0.03302,1.1268,3.20625,0.225,5.575
12/27/2025,0.0508,0.0102,-3.346875,-8.975,2.1
12/28/2025,0.01524,0,-8.253125,-11.875,-4.8
12/29/2025,0.03048,0,-4.377083333,-6.175,-1.6
12/30/2025,0.0127,0,-5.146875,-8.525,-1
12/31/2025,0.00762,0,-4.404166667,-5.55,-3.225
1/1/2026,0.00508,0,-5.276041667,-6.2,-4.75
1/2/2026,0.00254,0,-2.613541667,-4.9,-0.7
1/3/2026,0.02032,0.2295,-0.31875,-1.625,1.825
1/4/2026,0.03048,0.1649,3.679166667,-1.275,6.7
1/5/2026,0.04826,0.0459,2.586458333,1.4,4.1
1/6/2026,0.04064,0.0391,1.902083333,0.85,2.7
1/7/2026,0.0762,0,1.914583333,-0.525,3.575
1/8/2026,0.05334,0,-0.792708333,-3.35,2.35
1/9/2026,0.0381,0,-0.930208333,-3.825,2.425
1/10/2026,0.03556,0,-0.291666667,-3.15,2.7
1/11/2026,0.0381,0,0.453125,-2.975,4.225
1/12/2026,0.09652,0,7.304166667,2.975,9.4
1/13/2026,0.06096,0,6.814583333,0.975,9.675
1/14/2026,0.02032,0.0102,-0.942375,-2.4,0.825
1/15/2026,0.02032,0.0017,-1.664583333,-4.1,-0.475
1/16/2026,0.01778,0.0153,-3.60625,-6.575,2.225
1/17/2026,0.01524,0,-4.115625,-7.975,0.175
1/18/2026,0.0127,0,-3.682291667,-4.775,-2.65
1/19/2026,0.00762,0,-3.398958333,-4.1,-2.475
1/20/2026,0.0254,0,-2.2875,-4.15,-1.05
1/21/2026,0.02286,0,-2.138541667,-2.95,-1.4
1/22/2026,0.04064,0,-3.315625,-6.925,-1.325
1/23/2026,0.03556,0,-8.373958333,-11.8,-3.55
1/24/2026,0.02032,0,-9.58125,-13.475,-6.575
1/25/2026,0.02032,0,-9.46875,-12.775,-5.125
1/26/2026,0.02286,0,-8.455208333,-13.8,-3.7
1/27/2026,0.04318,0.0119,-2.735416667,-6.225,3.675
1/28/2026,0.01778,0,-2.675,-5.225,-0.2
1/29/2026,0.01524,0.1309,0.886458333,-1.4,3.25
1/30/2026,0.0381,0.1258,3.421875,0.525,6
1/31/2026,0.0635,0,6.301041667,3.3,10.425
2/1/2026,0.05588,0.0017,3.196875,-1.45,8.475
2/2/2026,0.06096,0,4.7875,3.125,6.675
2/3/2026,0.05334,0,4.221875,0.425,9.075
2/4/2026,0.0508,0,3.766666667,-0.175,10
2/5/2026,0.06096,0.0102,2.030208333,-2.3,11.3
2/6/2026,0.05334,0.0204,0.526041667,-3.65,7.75
2/7/2026,0.05588,0.0119,2.585416667,-2.975,8.7
2/8/2026,0.06858,0.0255,6.38125,2.95,8.425
2/9/2026,0.03048,0.0935,1.747916667,0.4,3.35
2/10/2026,0.0762,0,1.985416667,-1.525,6.275
2/11/2026,0.06604,0.0034,-0.833333333,-5.8,5.3
2/12/2026,0.04826,0.0034,-1.728125,-6,3.85
2/13/2026,0.05588,0.0017,0.375,-4.825,5.05
2/14/2026,0.10414,0.1463,3.925,1.675,7.625
2/15/2026,0.0381,0.1122,1.4625,0.325,2.8
2/16/2026,0.05334,0.0544,3.038541667,0.025,7.175
2/17/2026,0.0381,0.4966,0.0875,-6.475,3.25
2/18/2026,0.03302,0,-9.322916667,-10.875,-7.2
2/19/2026,0.04064,0,-8.242708333,-11.75,-4.8
2/20/2026,0.0635,0.0187,-5.107142857,-8.125,-1
