"date","infiltration_inches","infil_cm","cumulative_infil_cm"
2025-05-03,0,0,0
2025-05-04,0,0,0
2025-05-05,0,0,0
2025-05-06,0,0,0
2025-05-07,0,0,0
2025-05-08,0,0,0
2025-05-09,0,0,0
2025-05-10,0,0,0
2025-05-11,0,0,0
2025-05-12,0,0,0
2025-05-13,0,0,0
2025-05-14,0,0,0
2025-05-15,0,0,0
2025-05-16,0,0,0
2025-05-17,0,0,0
2025-05-18,0,0,0
2025-05-19,0,0,0
2025-05-20,0,0,0
2025-05-21,0,0,0
2025-05-22,0,0,0
2025-05-23,0,0,0
2025-05-24,0,0,0
2025-05-25,0,0,0
2025-05-26,0,0,0
2025-05-27,0,0,0
2025-05-28,0,0,0
2025-05-29,0,0,0
2025-05-30,0,0,0
2025-05-31,0,0,0
2025-06-01,0,0,0
2025-06-02,0,0,0
2025-06-03,0.01,0.0254,0.0254
2025-06-04,0,0,0.0254
2025-06-05,0,0,0.0254
2025-06-06,0.51,1.2954,1.3208
2025-06-07,0.08,0.2032,1.524
2025-06-08,0.02,0.0508,1.5748
2025-06-09,0.45,1.143,2.7178
2025-06-10,0.12,0.3048,3.0226
2025-06-11,0.46,1.1684,4.191
2025-06-12,0.24,0.6096,4.8006
2025-06-13,0.06,0.1524,4.953
2025-06-14,0.03,0.0762,5.0292
2025-06-15,0.43,1.0922,6.1214
2025-06-16,0.07,0.1778,6.2992
2025-06-17,0.04,0.1016,6.4008
2025-06-18,0.01,0.0254,6.4262
2025-06-19,0,0,6.4262
2025-06-20,0,0,6.4262
2025-06-21,0,0,6.4262
2025-06-22,0,0,6.4262
2025-06-23,0,0,6.4262
2025-06-24,0,0,6.4262
2025-06-25,0,0,6.4262
2025-06-26,0,0,6.4262
2025-06-27,0,0,6.4262
2025-06-28,0,0,6.4262
2025-06-29,0,0,6.4262
2025-06-30,0,0,6.4262
2025-07-01,0,0,6.4262
2025-07-02,0.01,0.0254,6.4516
2025-07-03,0,0,6.4516
2025-07-04,0,0,6.4516
2025-07-05,0,0,6.4516
2025-07-06,0,0,6.4516
2025-07-07,0,0,6.4516
2025-07-08,0,0,6.4516
2025-07-09,0,0,6.4516
2025-07-10,0,0,6.4516
2025-07-11,0,0,6.4516
2025-07-12,0,0,6.4516
2025-07-13,0,0,6.4516
2025-07-14,0.17,0.4318,6.8834
2025-07-15,0.16,0.4064,7.2898
2025-07-16,0.04,0.1016,7.3914
2025-07-17,0.54,1.3716,8.763
2025-07-18,1.19,3.0226,11.7856
2025-07-19,0.05,0.127,11.9126
2025-07-20,0.02,0.0508,11.9634
2025-07-21,0.01,0.0254,11.9888
2025-07-22,1.29,3.2766,15.2654
2025-07-23,0.07,0.1778,15.4432
2025-07-24,0.03,0.0762,15.5194
2025-07-25,0.01,0.0254,15.5448
2025-07-26,0,0,15.5448
2025-07-27,1.27,3.2258,18.7706
2025-07-28,0.4,1.016,19.7866
2025-07-29,0.05,0.127,19.9136
2025-07-30,0.02,0.0508,19.9644
2025-07-31,0,0,19.9644
2025-08-01,0.01,0.0254,19.9898
2025-08-02,0,0,19.9898
2025-08-03,0,0,19.9898
2025-08-04,0,0,19.9898
2025-08-05,0,0,19.9898
2025-08-06,0,0,19.9898
2025-08-07,0,0,19.9898
2025-08-08,0,0,19.9898
2025-08-09,0,0,19.9898
2025-08-10,0.01,0.0254,20.0152
2025-08-11,0.01,0.0254,20.0406
2025-08-12,0,0,20.0406
2025-08-13,0,0,20.0406
2025-08-14,0,0,20.0406
2025-08-15,0,0,20.0406
2025-08-16,0,0,20.0406
2025-08-17,0.01,0.0254,20.066
2025-08-18,0,0,20.066
2025-08-19,0,0,20.066
2025-08-20,0,0,20.066
2025-08-21,0,0,20.066
2025-08-22,0,0,20.066
2025-08-23,0.29,0.7366,20.8026
2025-08-24,0.04,0.1016,20.9042
2025-08-25,0.02,0.0508,20.955
2025-08-26,0.01,0.0254,20.9804
2025-08-27,0,0,20.9804
2025-08-28,1.68,4.2672,25.2476
2025-08-29,0.1,0.254,25.5016
2025-08-30,0.05,0.127,25.6286
2025-08-31,0.02,0.0508,25.6794
2025-09-01,0,0,25.6794
2025-09-02,0,0,25.6794
2025-09-03,0,0,25.6794
2025-09-04,0.01,0.0254,25.7048
2025-09-05,0,0,25.7048
2025-09-06,0,0,25.7048
2025-09-07,0,0,25.7048
2025-09-08,0,0,25.7048
2025-09-09,0,0,25.7048
2025-09-10,0,0,25.7048
2025-09-11,0,0,25.7048
2025-09-12,0,0,25.7048
2025-09-13,0,0,25.7048
2025-09-14,0,0,25.7048
2025-09-15,0,0,25.7048
2025-09-16,0,0,25.7048
2025-09-17,0,0,25.7048
2025-09-18,0,0,25.7048
2025-09-19,0,0,25.7048
2025-09-20,0,0,25.7048
2025-09-21,0,0,25.7048
2025-09-22,0,0,25.7048
2025-09-23,0,0,25.7048
2025-09-24,0,0,25.7048
2025-09-25,0,0,25.7048
2025-09-26,0,0,25.7048
2025-09-27,0,0,25.7048
2025-09-28,0,0,25.7048
2025-09-29,0,0,25.7048
2025-09-30,0,0,25.7048
2025-10-01,0,0,25.7048
2025-10-02,0,0,25.7048
2025-10-03,0,0,25.7048
2025-10-04,0,0,25.7048
2025-10-05,0,0,25.7048
2025-10-06,0,0,25.7048
2025-10-07,0,0,25.7048
2025-10-08,0,0,25.7048
2025-10-09,0,0,25.7048
2025-10-10,0,0,25.7048
2025-10-11,0,0,25.7048
2025-10-12,0,0,25.7048
2025-10-13,0,0,25.7048
2025-10-14,0,0,25.7048
2025-10-15,0,0,25.7048
2025-10-16,0.01,0.0254,25.7302
