"Date","VWC_1","VWC_2","VWC_3","VWC_4","VWC_5","VWC_6","SWP"
2025-01-28,NA,NA,NA,NA,NA,NA,NA
2025-01-29,NA,NA,NA,NA,NA,NA,NA
2025-01-30,NA,NA,NA,NA,NA,NA,NA
2025-01-31,NA,NA,NA,NA,NA,NA,NA
2025-02-01,NA,NA,NA,NA,NA,NA,NA
2025-02-02,NA,NA,NA,NA,NA,NA,NA
2025-02-03,NA,NA,NA,NA,NA,NA,NA
2025-02-04,NA,NA,NA,NA,NA,NA,NA
2025-02-05,NA,NA,NA,NA,NA,NA,NA
2025-02-06,NA,NA,NA,NA,NA,NA,NA
2025-02-07,NA,NA,NA,NA,NA,NA,NA
2025-02-08,NA,NA,NA,NA,NA,NA,NA
2025-02-09,NA,NA,NA,NA,NA,NA,NA
2025-02-10,NA,NA,NA,NA,NA,NA,NA
2025-02-11,NA,NA,NA,NA,NA,NA,NA
2025-02-12,NA,NA,NA,NA,NA,NA,NA
2025-02-13,NA,NA,NA,NA,NA,NA,NA
2025-02-14,NA,NA,NA,NA,NA,NA,NA
2025-02-15,NA,NA,NA,NA,NA,NA,NA
2025-02-16,NA,NA,NA,NA,NA,NA,NA
2025-02-17,NA,NA,NA,NA,NA,NA,NA
2025-02-18,NA,NA,NA,NA,NA,NA,NA
2025-02-19,NA,NA,NA,NA,NA,NA,NA
2025-02-20,NA,NA,NA,NA,NA,NA,NA
2025-02-21,NA,NA,NA,NA,NA,NA,NA
2025-02-22,NA,NA,NA,NA,NA,NA,NA
2025-02-23,NA,NA,NA,NA,NA,NA,NA
2025-02-24,NA,NA,NA,NA,NA,NA,NA
2025-02-25,NA,NA,NA,NA,NA,NA,NA
2025-02-26,NA,NA,NA,NA,NA,NA,NA
2025-02-27,NA,NA,NA,NA,NA,NA,NA
2025-02-28,NA,NA,NA,NA,NA,NA,NA
2025-03-01,NA,NA,NA,NA,NA,NA,NA
2025-03-02,NA,NA,NA,NA,NA,NA,NA
2025-03-03,NA,NA,NA,NA,NA,NA,NA
2025-03-04,NA,NA,NA,NA,NA,NA,NA
2025-03-05,NA,NA,NA,NA,NA,NA,NA
2025-03-06,NA,NA,NA,NA,NA,NA,NA
2025-03-07,NA,NA,NA,NA,NA,NA,NA
2025-03-08,NA,NA,NA,NA,NA,NA,NA
2025-03-09,NA,NA,NA,NA,NA,NA,NA
2025-03-10,NA,NA,NA,NA,NA,NA,NA
2025-03-11,NA,NA,NA,NA,NA,NA,NA
2025-03-12,NA,NA,NA,NA,NA,NA,NA
2025-03-13,NA,NA,NA,NA,NA,NA,NA
2025-03-14,NA,NA,NA,NA,NA,NA,NA
2025-03-15,NA,NA,NA,NA,NA,NA,NA
2025-03-16,NA,NA,NA,NA,NA,NA,NA
2025-03-17,NA,NA,NA,NA,NA,NA,NA
2025-03-18,NA,NA,NA,NA,NA,NA,-2.01516355223989
2025-03-19,NA,NA,NA,NA,NA,NA,-2.8049376684956
2025-03-20,NA,NA,NA,NA,NA,NA,-6.78922412942685
2025-03-21,NA,NA,NA,NA,NA,NA,-15.3315343016635
2025-03-22,NA,NA,NA,NA,NA,NA,-36.974178357442
2025-03-23,NA,0.258979166666667,NA,NA,NA,NA,-62.7392308047975
2025-03-24,0.351538194444444,0.25925,NA,0.286055555555556,0.304496527777778,NA,-88.5432407197708
2025-03-25,0.355239583333333,0.261604166666667,0.277413194444444,0.286003472222222,0.304,NA,-103.276246655303
2025-03-26,NA,NA,NA,NA,NA,NA,NA
2025-03-27,0.360104166666667,0.267243055555556,0.28325,0.287569444444444,0.305013888888889,0.32546875,-108.138846931622
2025-03-28,0.359454861111111,0.267527777777778,0.284013888888889,0.288847222222222,0.30715625,0.326420138888889,-112.66499635124
2025-03-29,0.35878125,0.267,0.284,0.289618055555556,0.309010416666667,0.328,-117.456764868253
2025-03-30,0.359138888888889,0.266871527777778,0.284,0.289975694444444,0.309930555555556,0.328375,-122.181243213926
2025-03-31,0.359427083333333,0.2665625,0.283993055555556,0.289993055555556,0.31,0.329,-126.452398300044
2025-04-01,0.359670138888889,0.266,0.283815972222222,0.289993055555556,0.31,0.329,-129.933779269907
2025-04-02,0.366583333333333,0.266857638888889,0.282958333333333,0.289975694444444,0.31,0.329,-132.660802003167
2025-04-03,0.391260416666667,0.275878472222222,0.283767361111111,0.289909722222222,0.310048611111111,0.329,-132.572262304035
2025-04-04,0.382461805555556,0.274527777777778,0.285104166666667,0.290708333333333,0.310982638888889,0.329315972222222,-127.929240481563
2025-04-05,0.383315972222222,0.275121527777778,0.285944444444444,0.291055555555556,0.311020833333333,0.33,-124.585981442346
2025-04-06,0.379329861111111,0.273982638888889,0.286097222222222,0.291138888888889,0.311298611111111,0.33,-122.414988019634
2025-04-07,0.378197916666667,0.273982638888889,0.286847222222222,0.291114583333333,0.311538194444444,0.33,-122.546026774349
2025-04-08,0.377427083333333,0.274,0.287635416666667,0.291597222222222,0.312,0.33,-123.934329256736
2025-04-09,0.378114583333333,0.274899305555556,0.288621527777778,0.291989583333333,0.312,0.330583333333333,-125.613041952275
2025-04-10,0.377847222222222,0.275430555555556,0.289,0.292215277777778,0.312784722222222,0.331,-127.330712115433
2025-04-11,0.378267361111111,0.275798611111111,0.289572916666667,0.292881944444444,0.313,0.33146875,-128.793387945089
2025-04-12,0.378454861111111,0.276770833333333,0.290673611111111,0.293354166666667,0.313510416666667,0.332,-130.117941844101
2025-04-13,0.376423611111111,0.276135416666667,0.290815972222222,0.294,0.314465277777778,0.332416666666667,-132.129563808376
2025-04-14,0.374100694444444,0.274506944444444,0.289815972222222,0.294010416666667,0.315,0.333,-134.024313369797
2025-04-15,0.37375,0.273920138888889,0.289538194444444,0.294,0.315,0.333,-136.846958978119
2025-04-16,0.376340277777778,0.275486111111111,0.290017361111111,0.294,0.315,0.333013888888889,-139.361486433461
2025-04-17,0.374954861111111,0.275836805555556,0.290666666666667,0.29415625,0.315059027777778,0.333940972222222,-140.763955267709
2025-04-18,0.371638888888889,0.274236111111111,0.289614583333333,0.294197916666667,0.315645833333333,0.334,-142.014135819451
2025-04-19,0.37008904109589,0.272760273972603,0.288506849315068,0.293986301369863,0.315,0.334,-144.815822989403
2025-04-20,0.371041666666667,0.273010416666667,0.289,0.293930555555556,0.315,0.333795138888889,-146.483619831624
2025-04-21,0.371225694444444,0.273739583333333,0.289,0.293993055555556,0.315,0.333493055555556,-148.877733296149
2025-04-22,0.381513888888889,0.274743055555556,0.289083333333333,0.29403125,0.315017361111111,0.334,-150.995602899381
2025-04-23,0.387958333333333,0.279774305555556,0.291059027777778,0.295597222222222,0.315965277777778,0.334006944444444,-150.864564144666
2025-04-24,0.384555555555556,0.280013888888889,0.292861111111111,0.296329861111111,0.316173611111111,0.334892361111111,-148.498783383865
2025-04-25,0.382458333333333,0.280125,0.293458333333333,0.296965277777778,0.316961805555556,0.335,-147.142355193165
2025-04-26,0.381652777777778,0.280798611111111,0.294357638888889,0.297347222222222,0.317086805555556,0.335,-147.482347637831
2025-04-27,0.380340277777778,0.280795138888889,0.295152777777778,0.298385416666667,0.317996527777778,0.335552083333333,-148.534199263517
2025-04-28,0.379489583333333,0.280715277777778,0.296,0.299072916666667,0.318388888888889,0.336020833333333,-150.039374148757
2025-04-29,0.378659722222222,0.281114583333333,0.296152777777778,0.300145833333333,0.319,0.336947916666667,-151.700378904471
2025-04-30,0.37678125,0.280333333333333,0.296527777777778,0.301,0.319701388888889,0.337472222222222,-154.289279707084
2025-05-01,0.3745625,0.279340277777778,0.296416666666667,0.301423611111111,0.32,0.338,-157.02692720424
2025-05-02,0.373104166666667,0.278673611111111,0.296434027777778,0.30196875,0.320097222222222,0.33828125,-160.178940493332
2025-05-03,0.371881944444444,0.27871875,0.297131944444444,0.302625,0.320958333333333,0.339,-163.451367773244
2025-05-04,0.371857638888889,0.279934027777778,0.298670138888889,0.303291666666667,0.321815972222222,0.339,-166.769835696703
2025-05-05,0.368743055555556,0.278302083333333,0.298670138888889,0.304454861111111,0.322697916666667,0.339934027777778,-168.901871651798
2025-05-06,0.365569444444444,0.275881944444444,0.297527777777778,0.3044375,0.323,0.340003472222222,-171.92638777414
2025-05-07,0.364777777777778,0.274545138888889,0.296847222222222,0.3039375,0.323,0.340003472222222,-175.294437929114
2025-05-08,0.364996527777778,0.275197916666667,0.297479166666667,0.303840277777778,0.323,0.34,-178.694362375775
2025-05-09,0.362630434782609,0.27504347826087,0.298,0.304,0.323,0.340076086956522,-181.914435746635
2025-05-10,0.359277777777778,0.274270833333333,0.298527777777778,0.304951388888889,0.323215277777778,0.341,-187.017094094165
2025-05-11,0.358559027777778,0.274631944444444,0.299444444444444,0.305059027777778,0.324,0.341024305555556,-189.03579923437
2025-05-12,0.355701388888889,0.273569444444444,0.3,0.305940972222222,0.324927083333333,0.341972222222222,-192.874880588725
2025-05-13,0.3525625,0.271979166666667,0.299430555555556,0.306517361111111,0.325194444444444,0.342,-195.003374955854
2025-05-14,0.359940972222222,0.271440972222222,0.29859375,0.306788194444444,0.326,0.342121527777778,-196.806043230177
2025-05-15,0.388288194444444,0.277961805555556,0.298482638888889,0.306677083333333,0.326,0.342784722222222,-197.48602811951
2025-05-16,0.3949375,0.287663194444444,0.301315972222222,0.308430555555556,0.326763888888889,0.343392361111111,-191.486578106338
2025-05-17,0.411625,0.300416666666667,0.310881944444444,0.313583333333333,0.330010416666667,0.345895833333333,-168.891246887901
2025-05-18,0.420854166666667,0.310895833333333,0.32075,0.319850694444444,0.333944444444444,0.349184027777778,-130.840425789017
2025-05-19,0.416809027777778,0.314295138888889,0.329260416666667,0.327197916666667,0.339569444444444,0.355427083333333,-39.3859997617923
2025-05-20,0.408079861111111,0.306888888888889,0.32575,0.326684027777778,0.341486111111111,0.36,-4.52969100758317
2025-05-21,0.4008125,0.301767361111111,0.321486111111111,0.324003472222222,0.340184027777778,0.35990625,-13.7944851247354
2025-05-22,0.415708333333333,0.315263888888889,0.332177083333333,0.328944444444444,0.343340277777778,0.363607638888889,-12.0236911420991
2025-05-23,0.41434375,0.313298611111111,0.332725694444444,0.331079861111111,0.345625,0.366572916666667,-1.11205862109548
2025-05-24,0.418329861111111,0.314934027777778,0.3334375,0.331097222222222,0.3455,0.366680555555556,-1.09435068126912
2025-05-25,0.413236111111111,0.310010416666667,0.329097222222222,0.328298611111111,0.344277777777778,0.365291666666667,-2.79431290459978
2025-05-26,0.418493055555556,0.315045138888889,0.332708333333333,0.329503472222222,0.34478125,0.365,-3.36096697904334
2025-05-27,0.425654545454545,0.320572727272727,0.336781818181818,0.331836363636364,0.346272727272727,0.366390909090909,-4.26535976035694
2025-05-28,0.421142361111111,0.318663194444444,0.335538194444444,0.33203125,0.34703125,0.367,-4.31365414170157
2025-05-29,0.42409375,0.322003472222222,0.339225694444444,0.334746527777778,0.348895833333333,0.368798611111111,-3.26180251601572
2025-05-30,0.427041666666667,0.322086805555556,0.339208333333333,0.335211805555556,0.349673611111111,0.369576388888889,-4.39156907693756
2025-05-31,0.417163194444444,0.3185625,0.337631944444444,0.335270833333333,0.350010416666667,0.37,-5.77278838339372
2025-06-01,0.408875,0.313958333333333,0.334496527777778,0.333795138888889,0.35,0.37,-23.3673973948661
2025-06-02,0.414572916666667,0.321166666666667,0.341385416666667,0.338565972222222,0.354135416666667,0.374597222222222,-33.0536404798857
2025-06-03,0.413027777777778,0.31896875,0.340173611111111,0.340222222222222,0.355902777777778,0.377152777777778,-1.52288282506706
2025-06-04,0.404986111111111,0.312118055555556,0.334222222222222,0.336298611111111,0.353322916666667,0.374548611111111,-7.32046232421768
2025-06-05,0.398788194444444,0.307434027777778,0.330298611111111,0.333465277777778,0.351315972222222,0.372711805555556,-37.2822965104207
2025-06-06,0.406329861111111,0.314722222222222,0.335604166666667,0.337871527777778,0.354472222222222,0.376368055555556,-48.215178559216
2025-06-07,0.411743055555556,0.317069444444444,0.338305555555556,0.340003472222222,0.356055555555556,0.378819444444444,-1.30684595918545
2025-06-08,0.404871527777778,0.312038194444444,0.333541666666667,0.335552083333333,0.353048611111111,0.375399305555556,-6.96630352769046
2025-06-09,0.403743055555556,0.312871527777778,0.333590277777778,0.33546875,0.352548611111111,0.374239583333333,-38.3766471916898
2025-06-10,0.421427083333333,0.325222222222222,0.344451388888889,0.344229166666667,0.358434027777778,0.380618055555556,-2.95368436303703
2025-06-11,0.409815972222222,0.318173611111111,0.338739583333333,0.339357638888889,0.355972222222222,0.377510416666667,-9.12667218650652
2025-06-12,0.427152777777778,0.329802083333333,0.347541666666667,0.346329861111111,0.3601875,0.381673611111111,-3.3149263354948
2025-06-13,0.419013888888889,0.323006944444444,0.343197916666667,0.343329861111111,0.359003472222222,0.380486111111111,-1.98683084851772
2025-06-14,0.412315972222222,0.318184027777778,0.339260416666667,0.340489583333333,0.357392361111111,0.378888888888889,-10.004986001894
2025-06-15,0.418756944444444,0.323826388888889,0.342815972222222,0.342694444444444,0.358604166666667,0.380201388888889,-20.6934984810855
2025-06-16,0.417480769230769,0.321557692307692,0.342375,0.343298076923077,0.360528846153846,0.383,-3.3443487585909
2025-06-17,0.416270833333333,0.320055555555556,0.340513888888889,0.341635416666667,0.359590277777778,0.381989583333333,-7.20004833339843
2025-06-18,0.407788194444444,0.315833333333333,0.337305555555556,0.339385416666667,0.357809027777778,0.380295138888889,-31.1907652101525
2025-06-19,0.399003472222222,0.311263888888889,0.334534722222222,0.337420138888889,0.356628472222222,0.378642361111111,-83.6098086841466
2025-06-20,0.391329861111111,0.307753472222222,0.33209375,0.335934027777778,0.355277777777778,0.377069444444444,-109.884849798501
2025-06-21,0.397881944444444,0.307513888888889,0.331711805555556,0.335541666666667,0.355215277777778,0.376923611111111,-115.618680714277
2025-06-22,0.399100694444444,0.307055555555556,0.33009375,0.335673611111111,0.356,0.379,-120.796482319505
2025-06-23,0.399305555555556,0.306399305555556,0.328673611111111,0.334701388888889,0.355229166666667,0.378267361111111,-121.288763046677
2025-06-24,0.396520833333333,0.304482638888889,0.326909722222222,0.33303125,0.353885416666667,0.377041666666667,-126.00615821642
2025-06-25,0.392576388888889,0.30275,0.325833333333333,0.331635416666667,0.35284375,0.375611111111111,-131.389371923634
2025-06-26,0.38878125,0.301489583333333,0.325,0.330291666666667,0.351861111111111,0.37415625,-136.588423056653
2025-06-27,0.385559027777778,0.300357638888889,0.324861111111111,0.329666666666667,0.351,0.373027777777778,-141.553729383965
2025-06-28,0.378875,0.297357638888889,0.323819444444444,0.328826388888889,0.350614583333333,0.372170138888889,-148.172957291059
2025-06-29,0.36959375,0.292916666666667,0.322572916666667,0.327510416666667,0.349753472222222,0.371260416666667,-154.68239597123
2025-06-30,0.359770833333333,0.287350694444444,0.320517361111111,0.325961805555556,0.348527777777778,0.370263888888889,-162.279102156738
2025-07-01,0.359944444444444,0.286395833333333,0.320076388888889,0.325090277777778,0.348,0.37,-165.555071024615
2025-07-02,0.3644375,0.289138888888889,0.322322916666667,0.325878472222222,0.348350694444444,0.37,-166.291721321392
2025-07-03,0.364052083333333,0.289756944444444,0.323704861111111,0.32696875,0.349364583333333,0.37,-167.463986937897
2025-07-04,0.364826388888889,0.290440972222222,0.32475,0.327625,0.35,0.370361111111111,-169.564148601304
2025-07-05,0.36121875,0.28903125,0.324621527777778,0.328704861111111,0.350975694444444,0.371,-170.559334819545
2025-07-06,0.35959375,0.287135416666667,0.323673611111111,0.328506944444444,0.351,0.371121527777778,-172.659496482952
2025-07-07,0.360548611111111,0.286666666666667,0.323319444444444,0.328,0.351,0.3710625,-175.060693123405
2025-07-08,0.362357638888889,0.287607638888889,0.323996527777778,0.3279375,0.351,0.3710625,-178.527907741407
2025-07-09,0.3624375,0.28796875,0.324878472222222,0.328020833333333,0.351,0.371805555555556,-182.838020295143
2025-07-10,0.360673611111111,0.287034722222222,0.325,0.328309027777778,0.351604166666667,0.372,-188.083112071712
2025-07-11,0.358197916666667,0.285270833333333,0.324739583333333,0.328576388888889,0.352027777777778,0.372340277777778,-193.051959986988
2025-07-12,0.366232638888889,0.284395833333333,0.323795138888889,0.32825,0.352381944444444,0.372954861111111,-197.347906188864
2025-07-13,0.377555555555556,0.286163194444444,0.323763888888889,0.328663194444444,0.353659722222222,0.374638888888889,-200.907202093962
2025-07-14,0.376461805555556,0.28834375,0.324493055555556,0.329003472222222,0.354,0.375,-201.813848613072
2025-07-15,0.425794871794872,0.328794871794872,0.346,0.34517094017094,0.368,0.394,-108.17862168877
2025-07-16,0.421826388888889,0.325638888888889,0.344989583333333,0.345017361111111,0.367684027777778,0.394,-111.715850776547
2025-07-17,0.420364583333333,0.325715277777778,0.3461875,0.346940972222222,0.368138888888889,0.393930555555556,-112.696870642927
2025-07-18,0.433274305555556,0.338152777777778,0.362083333333333,0.366503472222222,0.382204861111111,0.411506944444444,-1.0199773339984
2025-07-19,0.422795138888889,0.329197916666667,0.352413194444444,0.354309027777778,0.374395833333333,0.403173611111111,-3.35388380311279
2025-07-20,0.415732638888889,0.324069444444444,0.348013888888889,0.350913194444444,0.37209375,0.399375,-30.6666101912921
2025-07-21,0.41175,0.320802083333333,0.345305555555556,0.348673611111111,0.370430555555556,0.396361111111111,-85.8693418059903
2025-07-22,0.429638888888889,0.335746527777778,0.356583333333333,0.357145833333333,0.375923611111111,0.403152777777778,-30.0184995936474
2025-07-23,0.423270833333333,0.329802083333333,0.352892361111111,0.354763888888889,0.374791666666667,0.403024305555556,-2.06120419578843
2025-07-24,0.415510416666667,0.323878472222222,0.347850694444444,0.350854166666667,0.372142361111111,0.399072916666667,-19.2095731236365
2025-07-25,0.409180555555556,0.319309027777778,0.344513888888889,0.34815625,0.369850694444444,0.395756944444444,-78.1593048055927
2025-07-26,0.403190972222222,0.315645833333333,0.342024305555556,0.346170138888889,0.368100694444444,0.393048611111111,-110.525877220215
2025-07-27,0.409496527777778,0.321684027777778,0.348555555555556,0.356104166666667,0.372416666666667,0.397163194444444,-93.6679185055197
2025-07-28,0.428461805555556,0.334777777777778,0.359284722222222,0.364104166666667,0.378177083333333,0.407392361111111,-1.0199773339984
2025-07-29,0.4215625,0.328378472222222,0.352201388888889,0.355583333333333,0.37334375,0.401159722222222,-4.71031199381206
2025-07-30,0.416392361111111,0.324670138888889,0.348732638888889,0.35225,0.37125,0.397663194444444,-42.1873958423227
2025-07-31,0.411934027777778,0.321503472222222,0.346329861111111,0.350194444444444,0.3695625,0.394826388888889,-99.1077976201779
2025-08-01,0.408951388888889,0.319107638888889,0.344552083333333,0.348774305555556,0.368642361111111,0.392600694444444,-114.828906598021
2025-08-02,0.406958333333333,0.316927083333333,0.3429375,0.347420138888889,0.367559027777778,0.390770833333333,-123.601419988001
2025-08-03,0.402854166666667,0.313746527777778,0.340902777777778,0.345673611111111,0.366409722222222,0.389350694444444,-131.828528831328
2025-08-04,0.399232638888889,0.310951388888889,0.338579861111111,0.343899305555556,0.364555555555556,0.387444444444444,-139.202114975024
2025-08-05,0.396579861111111,0.308440972222222,0.337142361111111,0.342576388888889,0.3635,0.385927083333333,-144.603036622065
2025-08-06,0.392154929577465,0.305197183098592,0.334943661971831,0.340211267605634,0.361345070422535,0.384,-154.584029612532
2025-08-07,0.415909722222222,0.308347222222222,0.334208333333333,0.339892361111111,0.361850694444444,0.384951388888889,-155.666957425576
2025-08-08,0.428940972222222,0.323947916666667,0.339614583333333,0.343833333333333,0.365909722222222,0.394368055555556,-149.99333350521
2025-08-09,0.419756944444444,0.3211875,0.342388888888889,0.3454375,0.366569444444444,0.394763888888889,-139.566898535447
2025-08-10,0.414309027777778,0.318017361111111,0.340284722222222,0.343777777777778,0.365434027777778,0.393420138888889,-137.856311548221
2025-08-11,0.410961805555556,0.316034722222222,0.338736111111111,0.3424375,0.363989583333333,0.391479166666667,-141.22082011523
2025-08-12,0.407368055555556,0.314038194444444,0.337899305555556,0.341538194444444,0.363173611111111,0.389520833333333,-146.256958201847
2025-08-13,0.400871527777778,0.311190972222222,0.336423611111111,0.340510416666667,0.362600694444444,0.3875625,-152.093495168615
2025-08-14,0.39171875,0.3068125,0.334388888888889,0.339357638888889,0.361649305555556,0.386402777777778,-158.418771274592
2025-08-15,0.382184027777778,0.301892361111111,0.332260416666667,0.337798611111111,0.360975694444444,0.384697916666667,-165.73923359881
2025-08-16,0.373586805555556,0.297152777777778,0.33040625,0.336583333333333,0.3601875,0.383534722222222,-173.332398196353
2025-08-17,0.369784722222222,0.294489583333333,0.329291666666667,0.335930555555556,0.36,0.38275,-178.032085426269
2025-08-18,0.368767361111111,0.293402777777778,0.328434027777778,0.3351875,0.359288194444444,0.381725694444444,-180.936187557792
2025-08-19,0.369545138888889,0.293430555555556,0.32865625,0.335024305555556,0.358975694444444,0.381,-182.476778322686
2025-08-20,0.369763888888889,0.293545138888889,0.329065972222222,0.335069444444444,0.3580625,0.380298611111111,-185.072762301231
2025-08-21,0.367114583333333,0.292777777777778,0.329458333333333,0.3351875,0.358013888888889,0.38,-187.849367266004
2025-08-22,0.363913194444444,0.290729166666667,0.328586805555556,0.335079861111111,0.358097222222222,0.38,-190.859717036486
2025-08-23,0.400003472222222,0.305475694444444,0.3334375,0.336364583333333,0.359732638888889,0.381954861111111,-179.583300955058
2025-08-24,0.416465277777778,0.318975694444444,0.340739583333333,0.340604166666667,0.363,0.385,-162.091397994579
2025-08-25,0.413802083333333,0.318069444444444,0.340503472222222,0.34096875,0.363,0.385,-161.641616322989
2025-08-26,0.410376344086021,0.316,0.339989247311828,0.341,0.363,0.385,-163.295080923679
2025-08-27,0.409,0.315555555555556,0.339559027777778,0.340982638888889,0.363,0.384555555555556,-164.396971759971
2025-08-28,0.436111111111111,0.340052083333333,0.363375,0.361975694444444,0.376166666666667,0.397743055555556,-20.3180901567668
2025-08-29,0.430420138888889,0.333642361111111,0.356618055555556,0.357097222222222,0.3750625,0.398753472222222,-1.88058320955955
2025-08-30,0.424107638888889,0.329107638888889,0.352475694444444,0.353916666666667,0.373409722222222,0.397225694444444,-9.98373647410239
2025-08-31,0.418722222222222,0.325399305555556,0.349378472222222,0.351784722222222,0.372152777777778,0.395392361111111,-46.8056265490377
2025-09-01,0.415427083333333,0.322684027777778,0.347204861111111,0.350121527777778,0.370711805555556,0.393784722222222,-91.1994316937249
2025-09-02,0.411954861111111,0.320454861111111,0.345611111111111,0.348729166666667,0.369694444444444,0.392295138888889,-109.636938640932
2025-09-03,0.407770833333333,0.318204861111111,0.344430555555556,0.347496527777778,0.368541666666667,0.390916666666667,-117.520513451628
2025-09-04,0.401972222222222,0.314878472222222,0.342559027777778,0.346388888888889,0.367138888888889,0.389590277777778,-125.241175215921
2025-09-05,0.395815972222222,0.310875,0.340104166666667,0.344732638888889,0.3660625,0.388166666666667,-132.2393530353
2025-09-06,0.391913194444444,0.307982638888889,0.337996527777778,0.343020833333333,0.364684027777778,0.38678125,-138.996702873039
2025-09-07,0.388871527777778,0.305892361111111,0.336506944444444,0.341579861111111,0.363625,0.385541666666667,-145.870925113632
2025-09-08,0.384652777777778,0.303479166666667,0.335017361111111,0.340184027777778,0.362604166666667,0.384454861111111,-152.720356238469
2025-09-09,0.380819444444444,0.301034722222222,0.333520833333333,0.3391875,0.361447916666667,0.383711805555556,-158.507310973724
2025-09-10,0.378479166666667,0.298847222222222,0.332055555555556,0.338118055555556,0.360645833333333,0.382736111111111,-163.550532236271
2025-09-11,0.375506944444444,0.29703125,0.330739583333333,0.33709375,0.359979166666667,0.381868055555556,-168.466256332069
2025-09-12,0.372083333333333,0.294246527777778,0.329166666666667,0.336107638888889,0.35903125,0.380927083333333,-173.314690256527
2025-09-13,0.368784722222222,0.291697916666667,0.327454861111111,0.334777777777778,0.358017361111111,0.380003472222222,-178.658946496122
2025-09-14,0.365725694444444,0.289701388888889,0.325701388888889,0.333631944444444,0.357048611111111,0.379302083333333,-184.555690458301
2025-09-15,0.36346875,0.287920138888889,0.324597222222222,0.332534722222222,0.356329861111111,0.37825,-189.49974725782
2025-09-16,0.362309027777778,0.286565972222222,0.323611111111111,0.331861111111111,0.355729166666667,0.377378472222222,-193.221956209322
2025-09-17,0.360336805555556,0.285239583333333,0.322725694444444,0.330850694444444,0.354954861111111,0.377,-197.854353267898
2025-09-18,0.358368055555556,0.283385416666667,0.321618055555556,0.329871527777778,0.354052083333333,0.376041666666667,-203.400480021515
2025-09-19,0.363611111111111,0.2825,0.320916666666667,0.329204861111111,0.354,0.376024305555556,-207.604344936292
2025-09-20,0.362798611111111,0.282152777777778,0.319878472222222,0.328677083333333,0.353635416666667,0.375607638888889,-210.710317581836
2025-09-21,0.386989583333333,0.289048611111111,0.320746527777778,0.328427083333333,0.354288194444444,0.376743055555556,-210.334909257518
2025-09-22,0.409079861111111,0.307309027777778,0.328590277777778,0.33378125,0.359809027777778,0.38346875,-176.101919985196
2025-09-23,0.401558558558559,0.306432432432432,0.329495495495496,0.33481981981982,0.359,0.382135135135135,-162.203963060718
2025-09-24,0.400371527777778,0.30575,0.328722222222222,0.334041666666667,0.3581875,0.381496527777778,-161.754947137879
2025-09-25,0.398211805555556,0.3043125,0.328013888888889,0.332961805555556,0.357131944444444,0.380107638888889,-163.624905583542
2025-09-26,0.395184027777778,0.302979166666667,0.327284722222222,0.332,0.35628125,0.378864583333333,-167.141702433058
2025-09-27,0.389534722222222,0.299732638888889,0.325375,0.331017361111111,0.355392361111111,0.377611111111111,-171.218070181085
2025-09-28,0.386809027777778,0.297326388888889,0.323576388888889,0.329583333333333,0.354184027777778,0.376541666666667,-175.174023938295
2025-09-29,0.385315972222222,0.296385416666667,0.322916666666667,0.328524305555556,0.35296875,0.375225694444444,-179.519552371683
2025-09-30,0.386,0.296,0.323,0.327809027777778,0.351871527777778,0.373923611111111,-182.427196091173
2025-10-01,0.384420138888889,0.295614583333333,0.322913194444444,0.327260416666667,0.351010416666667,0.373,-185.46233697741
2025-10-02,0.381336805555556,0.294065972222222,0.321934027777778,0.327003472222222,0.350739583333333,0.372684027777778,-188.515185803475
2025-10-03,0.381,0.293,0.32103125,0.326565972222222,0.35,0.372,-190.834925920728
2025-10-04,0.38,0.292,0.320544117647059,0.326,0.349941176470588,0.371,-193.473200626153
2025-10-05,0.378725694444444,0.290569444444444,0.319447916666667,0.325232638888889,0.349090277777778,0.370975694444444,-194.273807835008
2025-10-06,0.374638888888889,0.287420138888889,0.3170625,0.324430555555556,0.348461805555556,0.370052083333333,-195.910021474964
2025-10-07,0.372631944444444,0.284729166666667,0.314565972222222,0.322673611111111,0.347461805555556,0.36959375,-197.974767258717
2025-10-08,0.372388888888889,0.283458333333333,0.313024305555556,0.321128472222222,0.345847222222222,0.368440972222222,-200.000555574853
2025-10-09,0.371961805555556,0.282520833333333,0.311944444444444,0.319826388888889,0.34471875,0.367222222222222,-202.299046164315
2025-10-10,0.372229166666667,0.282,0.311576388888889,0.318881944444444,0.343989583333333,0.366503472222222,-204.721492332561
2025-10-11,0.373409722222222,0.282819444444444,0.311930555555556,0.318180555555556,0.343149305555556,0.365902777777778,-206.361247560481
2025-10-12,0.370701388888889,0.281920138888889,0.311673611111111,0.318149305555556,0.343,0.365027777777778,-206.743739060731
2025-10-13,0.365763888888889,0.278663194444444,0.309638888888889,0.317947916666667,0.34275,0.365,-207.225395024009
2025-10-14,0.361673611111111,0.274739583333333,0.306684027777778,0.316454861111111,0.341645833333333,0.364059027777778,-207.972670084681
2025-10-15,0.361333333333333,0.273135416666667,0.305013888888889,0.314868055555556,0.340486111111111,0.363003472222222,-208.907649307512
2025-10-16,0.3618125,0.272760416666667,0.304059027777778,0.313871527777778,0.339229166666667,0.362107638888889,-209.382222094859
2025-10-17,0.361513888888889,0.272177083333333,0.303458333333333,0.312993055555556,0.338451388888889,0.361055555555556,-210.49073912799
2025-10-18,0.361427083333333,0.271635416666667,0.303,0.312118055555556,0.337982638888889,0.360125,-211.266346892384
2025-10-19,0.360850694444444,0.271,0.302510416666667,0.311947916666667,0.337059027777778,0.359850694444444,-211.457592642508
2025-10-20,0.360965277777778,0.270579861111111,0.301996527777778,0.311135416666667,0.336826388888889,0.359,-212.289865814347
2025-10-21,0.360184027777778,0.269756944444444,0.30121875,0.310604166666667,0.336003472222222,0.358399305555556,-213.331092676138
2025-10-22,0.359916666666667,0.269482638888889,0.300590277777778,0.310020833333333,0.335350694444444,0.358,-213.678168296735
2025-10-23,0.359520833333333,0.268555555555556,0.3,0.30975,0.335,0.357100694444444,-213.890663574651
2025-10-24,0.359225694444444,0.268204861111111,0.299829861111111,0.309041666666667,0.334486111111111,0.356850694444444,-214.347528422171
2025-10-25,0.360333333333333,0.268256944444444,0.299944444444444,0.308729166666667,0.334,0.356006944444444,-214.861058677135
2025-10-26,0.360520833333333,0.268930555555556,0.3,0.308340277777778,0.334,0.356,-214.747727862247
2025-10-27,0.357836805555556,0.267510416666667,0.299069444444444,0.308163194444444,0.333819444444444,0.355993055555556,-214.970847904059
2025-10-28,0.35615625,0.265975694444444,0.297645833333333,0.30765625,0.332979166666667,0.355055555555556,-215.820829015724
2025-10-29,0.355520833333333,0.265118055555556,0.296677083333333,0.306788194444444,0.332069444444444,0.354673611111111,-216.49018914116
2025-10-30,0.355229166666667,0.264322916666667,0.296,0.305972222222222,0.331788194444444,0.354,-217.138299738806
2025-10-31,0.353111111111111,0.263,0.295,0.305018518518519,0.331,0.353,-217.292949079955
2025-11-01,0.353760416666667,0.262753472222222,0.29446875,0.304715277777778,0.330590277777778,0.353,-217.818284628137
2025-11-02,0.357677083333333,0.264503472222222,0.295496527777778,0.304069444444444,0.33,0.352163194444444,-218.204317716353
2025-11-03,0.355135416666667,0.264486111111111,0.2956875,0.304666666666667,0.33,0.352,NA
2025-11-04,0.354041666666667,0.26303125,0.294888888888889,0.304079861111111,0.329684027777778,0.352,NA
2025-11-05,0.355204861111111,0.263909722222222,0.295,0.303989583333333,0.329006944444444,0.351190972222222,NA
2025-11-06,0.355878472222222,0.264,0.295,0.30396875,0.329,0.351,NA
2025-11-07,0.355725694444444,0.264006944444444,0.295027777777778,0.303979166666667,0.329,0.351,NA
2025-11-08,0.35471875,0.26359375,0.294871527777778,0.303961805555556,0.329,0.351,NA
2025-11-09,0.352701388888889,0.262298611111111,0.293645833333333,0.30325,0.328986111111111,0.350625,NA
2025-11-10,0.351357638888889,0.260767361111111,0.292652777777778,0.302920138888889,0.328079861111111,0.35,NA
2025-11-11,0.354211805555556,0.261600694444444,0.292621527777778,0.302072916666667,0.327885416666667,0.349447916666667,NA
2025-11-12,0.355847222222222,0.263083333333333,0.2938125,0.302131944444444,0.327545138888889,0.349,NA
2025-11-13,0.35596875,0.263736111111111,0.294,0.302829861111111,0.327986111111111,0.349,NA
2025-11-14,0.358902777777778,0.265149305555556,0.295131944444444,0.302930555555556,0.327920138888889,0.349,NA
2025-11-15,0.360180555555556,0.266840277777778,0.296263888888889,0.303163194444444,0.328,0.349,NA
2025-11-16,0.359503472222222,0.267045138888889,0.297,0.303982638888889,0.328253472222222,0.349288194444444,NA
2025-11-17,0.358329861111111,0.266277777777778,0.296732638888889,0.304069444444444,0.328996527777778,0.35,NA
2025-11-18,0.358295138888889,0.266104166666667,0.296451388888889,0.304038194444444,0.329,0.35,NA
2025-11-19,0.358673611111111,0.266,0.296010416666667,0.304024305555556,0.329,0.35,NA
2025-11-20,0.357371527777778,0.265850694444444,0.296,0.304006944444444,0.329,0.35,NA
2025-11-21,0.356618055555556,0.265017361111111,0.2956875,0.303954861111111,0.328885416666667,0.35,NA
2025-11-22,0.354462025316456,0.263253164556962,0.294189873417722,0.303120253164557,0.328,0.34979746835443,NA
2025-11-23,0.352954861111111,0.262125,0.293260416666667,0.30290625,0.328,0.349149305555556,NA
2025-11-24,0.353,0.261,0.29215625,0.301996527777778,0.327180555555556,0.349,NA
2025-11-25,NA,0.258444444444444,0.289253472222222,0.299090277777778,0.324399305555556,0.346118055555556,NA
2025-11-26,0.34990625,0.258590277777778,0.290083333333333,0.300586805555556,0.325993055555556,0.347954861111111,NA
2025-11-27,0.349065972222222,0.258,0.289017361111111,0.299680555555556,0.325104166666667,0.347003472222222,NA
2025-11-28,0.349114583333333,0.257704861111111,0.288909722222222,0.299072916666667,0.325,0.347,NA
2025-11-29,0.348784722222222,0.256947916666667,0.287885416666667,0.298993055555556,0.324600694444444,0.346263888888889,NA
